layer,drop_hin,model,r2,null_mean,null_p95,p,test_split
0,False,"script(Latin,CJK)",-0.018780339272958857,-0.2667345766855193,-0.10979489870890033,0.006644518272425249,
0,False,"family(IE,Germ,Rom)",-0.27906486369383865,-0.4633078519477878,-0.2582402284369527,0.07641196013289037,
0,False,script+family,-0.26892482543663054,-0.6426284186413392,-0.3965001622716281,0.0033222591362126247,
0,False,"2x2(Latin,IE)",-0.04100301006139384,-0.22420998132700315,-0.1355807971322619,0.006644518272425249,
0,False,fertility,-0.3432738390809651,-0.3079515723238809,-0.1619567149894385,0.6777408637873754,
0,False,script+family+fert,-1.1103995089826824,-1.601648656554711,-0.9333325557770401,0.14285714285714285,
0,False,crossing_cos,-0.03423829943218268,-0.00024318255311888803,0.30715086591372565,0.5632183908045977,-0.03326608215406767
0,True,"script(Latin,CJK)",-0.006672445434962038,-0.2822962789514319,-0.09680989356177787,0.009966777408637873,
0,True,"family(IE,Germ,Rom)",-0.16238818498807572,-0.4371505134702853,-0.2198866678077521,0.029900332225913623,
0,True,script+family,-0.15884315181347586,-0.6901871120646367,-0.42803087072805496,0.0033222591362126247,
0,True,"2x2(Latin,IE)",-0.022069641996873557,-0.2520374897300854,-0.11903720070570296,0.006644518272425249,
0,True,fertility,-0.043666695452299065,-0.3531234980748593,-0.15931199510190566,0.009966777408637873,
0,True,script+family+fert,-0.5792301155705768,-2.032860230452935,-1.137854175383159,0.0033222591362126247,
0,True,crossing_cos,0.0720355429513911,-0.013295443866137955,0.3516583853644684,0.3583208395802099,-0.03326608215406767
2,False,"script(Latin,CJK)",-0.07633619911629053,-0.27038886744965357,-0.13045705772030466,0.0033222591362126247,
2,False,"family(IE,Germ,Rom)",-0.27080334469796474,-0.4607800852259235,-0.296342263710487,0.03986710963455149,
2,False,script+family,-0.33561989546821436,-0.6450180830520171,-0.4265418910358091,0.0033222591362126247,
2,False,"2x2(Latin,IE)",-0.1403901975155064,-0.22849751527285625,-0.14396714971558358,0.03322259136212625,
2,False,fertility,-0.21601105721984282,-0.30823728983120624,-0.17281950688733005,0.1760797342192691,
2,False,script+family+fert,-0.9652622877363966,-1.623361720993751,-1.0283836565859894,0.03986710963455149,
2,False,crossing_cos,-0.13020787630055725,0.001317713352281158,0.2790247960798494,0.7641179410294853,-0.1320974910948259
2,True,"script(Latin,CJK)",-0.11535293754152987,-0.28177099220883756,-0.12108126835484215,0.04318936877076412,
2,True,"family(IE,Germ,Rom)",-0.15210602171952026,-0.4355268654289402,-0.23480261073336034,0.0033222591362126247,
2,True,script+family,-0.2909043480812701,-0.6945378074587734,-0.4783101110077473,0.006644518272425249,
2,True,"2x2(Latin,IE)",-0.15448883679300685,-0.2548302438322567,-0.16327649235552405,0.03986710963455149,
2,True,fertility,0.011430085366993414,-0.35426895543525033,-0.16278406841535722,0.0033222591362126247,
2,True,script+family+fert,-0.6835557593289083,-2.0302038142970167,-1.2172459143642707,0.006644518272425249,
2,True,crossing_cos,0.03857786350454699,-0.009385650050747945,0.27714781961447527,0.4007996001999001,-0.1320974910948259
4,False,"script(Latin,CJK)",-0.13626590712428865,-0.26924800010243405,-0.14821113284737555,0.04983388704318937,
4,False,"family(IE,Germ,Rom)",-0.33926148574674975,-0.46127540314946636,-0.2752306028409019,0.10631229235880399,
4,False,script+family,-0.4258382472611393,-0.6467371027763894,-0.4602957645346784,0.026578073089700997,
4,False,"2x2(Latin,IE)",-0.20675069608911723,-0.22792734438038223,-0.14566251558078316,0.3089700996677741,
4,False,fertility,-0.2083816811946817,-0.3037812083584522,-0.1686694652360858,0.14950166112956811,
4,False,script+family+fert,-1.0584859511763165,-1.6255726845357865,-1.0706038228497572,0.04318936877076412,
4,False,crossing_cos,-0.14191001511007242,0.0013148098419595638,0.2703095430174773,0.7926036981509246,-0.14535365904905503
4,True,"script(Latin,CJK)",-0.18110270598620604,-0.2796451468488707,-0.1323169447656461,0.16611295681063123,
4,True,"family(IE,Germ,Rom)",-0.18738013841913825,-0.4347644138619564,-0.24316068639323127,0.023255813953488372,
4,True,script+family,-0.3526262429801601,-0.6947812744337817,-0.482543976941759,0.0033222591362126247,
4,True,"2x2(Latin,IE)",-0.20421312587716,-0.2536024623900007,-0.17360362441961502,0.16611295681063123,
4,True,fertility,0.03751104051785892,-0.3474221261759504,-0.16299739068798788,0.0033222591362126247,
4,True,script+family+fert,-0.7208650008201047,-2.0258325294675,-1.266943899402865,0.006644518272425249,
4,True,crossing_cos,0.0722389994319851,-0.006317512280883455,0.2577674320047963,0.32083958020989506,-0.14535365904905503
6,False,"script(Latin,CJK)",-0.12936453620599297,-0.26799190437854103,-0.09867236069993345,0.07973421926910298,
6,False,"family(IE,Germ,Rom)",-0.3581401799529418,-0.46247996897042737,-0.1971820387826719,0.22591362126245848,
6,False,script+family,-0.4180281102152923,-0.6439685800558262,-0.38932878951312516,0.09302325581395349,
6,False,"2x2(Latin,IE)",-0.24039411468512428,-0.22987364331834498,-0.10260270101939603,0.5149501661129569,
6,False,fertility,-0.14097497900450873,-0.30200028263659595,-0.1248782090498608,0.0664451827242525,
6,False,script+family+fert,-0.9068132730297407,-1.6394925393356976,-0.9178689795812826,0.046511627906976744,
6,False,crossing_cos,-0.28353599399454243,0.0031901316401669764,0.39329462557792655,0.8750624687656172,-0.29034999046732274
6,True,"script(Latin,CJK)",-0.15733930587313028,-0.27749337654356326,-0.10221185392948837,0.13953488372093023,
6,True,"family(IE,Germ,Rom)",-0.18718158236116356,-0.4371231701571825,-0.2082129750204049,0.03322259136212625,
6,True,script+family,-0.3036710250570145,-0.6975894825688878,-0.4017638096058695,0.009966777408637873,
6,True,"2x2(Latin,IE)",-0.1894619996414424,-0.2529490678584814,-0.14271378892676892,0.17275747508305647,
6,True,fertility,0.07288702167634509,-0.34566915372678386,-0.14194043554388297,0.0033222591362126247,
6,True,script+family+fert,-0.6014646294352521,-2.038035222104771,-1.1547083293378035,0.006644518272425249,
6,True,crossing_cos,0.054099955906982265,-0.00779279856831632,0.34670526235663496,0.39580209895052476,-0.29034999046732274
8,False,"script(Latin,CJK)",-0.15496415318963885,-0.2712204647039852,-0.10537623519523141,0.132890365448505,
8,False,"family(IE,Germ,Rom)",-0.3636860502805359,-0.466147424758531,-0.21033363442286737,0.2292358803986711,
8,False,script+family,-0.44234218898160393,-0.6479259206006595,-0.3934394875187048,0.10631229235880399,
8,False,"2x2(Latin,IE)",-0.2468971475411197,-0.2326687077443025,-0.10946711524932466,0.5448504983388704,
8,False,fertility,-0.05632924661214189,-0.30273454375537656,-0.13386744867170036,0.006644518272425249,
8,False,script+family+fert,-0.8076784179070633,-1.6571299344118673,-0.946256959622564,0.016611295681063124,
8,False,crossing_cos,-0.23545146112229925,0.004099708867147618,0.3947504835169357,0.8220889555222389,-0.24301014599861998
8,True,"script(Latin,CJK)",-0.20728296690876724,-0.2810888090990945,-0.11682974603623571,0.26245847176079734,
8,True,"family(IE,Germ,Rom)",-0.19602152487934266,-0.44298919495064715,-0.22663532768463238,0.03986710963455149,
8,True,script+family,-0.3515058703685532,-0.7034098341347238,-0.41844950132229325,0.013289036544850499,
8,True,"2x2(Latin,IE)",-0.1946182542347994,-0.2553014445260749,-0.1533012104472368,0.1760797342192691,
8,True,fertility,0.05126593843494198,-0.34828124779613656,-0.15146162574907857,0.0033222591362126247,
8,True,script+family+fert,-0.7439551725861187,-2.056966440563673,-1.2178159330528735,0.006644518272425249,
8,True,crossing_cos,0.11493711271696325,-0.00724684693578793,0.3302870164574693,0.28585707146426786,-0.24301014599861998
10,False,"script(Latin,CJK)",-0.14692644566883195,-0.2721094927191004,-0.10639720979510953,0.12624584717607973,
10,False,"family(IE,Germ,Rom)",-0.3361154995580391,-0.4680206330235998,-0.2031784509222327,0.17940199335548174,
10,False,script+family,-0.4261927521428128,-0.6504032581812816,-0.3883215022780098,0.09634551495016612,
10,False,"2x2(Latin,IE)",-0.24541364493726703,-0.23392633542936045,-0.11202986156444657,0.5548172757475083,
10,False,fertility,-0.060982264395761376,-0.30302026723510295,-0.12496175690832217,0.009966777408637873,
10,False,script+family+fert,-0.8372617615865887,-1.6640311980662066,-0.979005451508746,0.023255813953488372,
10,False,crossing_cos,-0.23922085323428874,0.002953356426630779,0.4029440624517876,0.8135932033983009,-0.2437798451457483
10,True,"script(Latin,CJK)",-0.19257158102494376,-0.28228849933747896,-0.11174039162495457,0.22591362126245848,
10,True,"family(IE,Germ,Rom)",-0.17943864376050467,-0.4440080762784231,-0.23799918987139976,0.029900332225913623,
10,True,script+family,-0.33758772369915047,-0.7042508783411526,-0.44378122565907024,0.013289036544850499,
10,True,"2x2(Latin,IE)",-0.20207332925887256,-0.2567662100023793,-0.15620217343510204,0.18604651162790697,
10,True,fertility,0.03708473324275563,-0.34877945670607996,-0.1347327885193804,0.0033222591362126247,
10,True,script+family+fert,-0.7723006290829171,-2.0570147942202017,-1.2179314292153447,0.006644518272425249,
10,True,crossing_cos,0.10525452321830034,-0.007953364309504295,0.3289075173824367,0.30334832583708143,-0.2437798451457483
12,False,"script(Latin,CJK)",-0.15233654066681557,-0.2714927740228372,-0.09107975510367233,0.13953488372093023,
12,False,"family(IE,Germ,Rom)",-0.33929449499998343,-0.4647686439885758,-0.18155958725129312,0.1893687707641196,
12,False,script+family,-0.4265485767399244,-0.6465874198744042,-0.3726591596270043,0.12292358803986711,
12,False,"2x2(Latin,IE)",-0.25279708745557605,-0.2342490100718807,-0.109717554931029,0.5946843853820598,
12,False,fertility,-0.09350061534577181,-0.30087858076827684,-0.11407761878537949,0.03322259136212625,
12,False,script+family+fert,-0.8854120481779439,-1.6603560143119833,-0.9180172186910552,0.046511627906976744,
12,False,crossing_cos,-0.23647513874189813,0.003976385689986122,0.42427203922198126,0.8040979510244878,-0.24127965756278696
12,True,"script(Latin,CJK)",-0.1926903566852567,-0.2815509084358509,-0.10241085991666883,0.2292358803986711,
12,True,"family(IE,Germ,Rom)",-0.17130974674515764,-0.4404905194188585,-0.21562594748118805,0.03322259136212625,
12,True,script+family,-0.31892698027897826,-0.6990709405866034,-0.4042546001533289,0.013289036544850499,
12,True,"2x2(Latin,IE)",-0.21100813320720313,-0.25713389075644755,-0.15610155904306736,0.2292358803986711,
12,True,fertility,0.05367479945241982,-0.3452865559571747,-0.13051503439597723,0.0033222591362126247,
12,True,script+family+fert,-0.6963103233075443,-2.052989972594432,-1.1648285191421626,0.006644518272425249,
12,True,crossing_cos,0.10912220197683058,-0.008974981412954539,0.35601114353679786,0.31634182908545727,-0.24127965756278696
14,False,"script(Latin,CJK)",-0.14368534948081058,-0.2714972650130693,-0.08246288099418646,0.12956810631229235,
14,False,"family(IE,Germ,Rom)",-0.3391698999855317,-0.46421190776519744,-0.1736383632802861,0.19601328903654486,
14,False,script+family,-0.42100593881069504,-0.6461587338272213,-0.35012852113188403,0.132890365448505,
14,False,"2x2(Latin,IE)",-0.252620176526656,-0.2346186712789311,-0.11228947640229171,0.5946843853820598,
14,False,fertility,-0.12950256351310419,-0.30131833498662364,-0.10038895863641428,0.07308970099667775,
14,False,script+family+fert,-0.8932224188775904,-1.6597429970858888,-0.8984279834608397,0.04983388704318937,
14,False,crossing_cos,-0.23382887327119836,0.003697152495766506,0.43642229648959635,0.7896051974012993,-0.23674840632561756
14,True,"script(Latin,CJK)",-0.16545493426848545,-0.2810372165565513,-0.102857863648191,0.1760797342192691,
14,True,"family(IE,Germ,Rom)",-0.16325688098029523,-0.4401077798655704,-0.21458287341577817,0.029900332225913623,
14,True,script+family,-0.29523474363559976,-0.6979946579694499,-0.40695754014903074,0.013289036544850499,
14,True,"2x2(Latin,IE)",-0.2098609347900795,-0.25815985143341186,-0.1511928020660558,0.2159468438538206,
14,True,fertility,0.04653259187799774,-0.34499163149982937,-0.12079292565987618,0.0033222591362126247,
14,True,script+family+fert,-0.6651007401248312,-2.0539459355814738,-1.1292604266059272,0.006644518272425249,
14,True,crossing_cos,0.1207908306769837,-0.009193235990775147,0.37076632880322774,0.30934532733633185,-0.23674840632561756
16,False,"script(Latin,CJK)",-0.16901073527694654,-0.2726238467120097,-0.08377392722900806,0.17275747508305647,
16,False,"family(IE,Germ,Rom)",-0.3401250881540776,-0.46471771711981735,-0.18019713914048005,0.18604651162790697,
16,False,script+family,-0.44436791132080344,-0.6463308211741123,-0.3532674543350872,0.15614617940199335,
16,False,"2x2(Latin,IE)",-0.24717420439395643,-0.23447987553167726,-0.11501495461507054,0.5581395348837209,
16,False,fertility,-0.1313361882851507,-0.30147850382921976,-0.10525672918807641,0.07973421926910298,
16,False,script+family+fert,-0.9480462683073543,-1.6572794733367535,-0.9118286954185207,0.06976744186046512,
16,False,crossing_cos,-0.19777752331698398,0.003031013836255472,0.4265940144149028,0.7511244377811095,-0.20310354880870954
16,True,"script(Latin,CJK)",-0.1978024483192804,-0.2814073005172055,-0.10344619884570623,0.24916943521594684,
16,True,"family(IE,Germ,Rom)",-0.1604559366404399,-0.44120949030275425,-0.21115963173843624,0.029900332225913623,
16,True,script+family,-0.3248222605724147,-0.6978221762589584,-0.3913572235881719,0.019933554817275746,
16,True,"2x2(Latin,IE)",-0.20213905336612004,-0.25862256567339537,-0.1541317181348571,0.18272425249169436,
16,True,fertility,0.04519841290121285,-0.3450893931621858,-0.12381945805751177,0.0033222591362126247,
16,True,script+family+fert,-0.7684228182995425,-2.0520824736260255,-1.109091920891408,0.006644518272425249,
16,True,crossing_cos,0.17403858015333015,-0.009870817165925156,0.36455234817174914,0.2413793103448276,-0.20310354880870954
18,False,"script(Latin,CJK)",-0.16124807156802734,-0.2722307235290072,-0.0862567593387894,0.15614617940199335,
18,False,"family(IE,Germ,Rom)",-0.3313916697248742,-0.4635438627617903,-0.19343755025149836,0.16943521594684385,
18,False,script+family,-0.43154339700901745,-0.6470324212440732,-0.369114915608434,0.132890365448505,
18,False,"2x2(Latin,IE)",-0.24985757811427134,-0.23438982754161317,-0.1249001389705011,0.5780730897009967,
18,False,fertility,-0.17890691056230645,-0.3005604236170836,-0.1169494677542912,0.16279069767441862,
18,False,script+family+fert,-0.9970361489145929,-1.6567092479074697,-0.9154632946495816,0.08637873754152824,
18,False,crossing_cos,-0.20205351788161433,0.0028751268394623343,0.41063100729037394,0.767616191904048,-0.20770023557418285
18,True,"script(Latin,CJK)",-0.1932190579142956,-0.2808864427334901,-0.09997786470673196,0.25249169435215946,
18,True,"family(IE,Germ,Rom)",-0.16793199219499577,-0.4397259604955976,-0.20763373579844718,0.036544850498338874,
18,True,script+family,-0.32675358190701687,-0.6969405818895468,-0.3979220034715327,0.019933554817275746,
18,True,"2x2(Latin,IE)",-0.22325834494776764,-0.2590609709666486,-0.15214911308302567,0.2757475083056478,
18,True,fertility,0.05844382145541993,-0.34274561892386907,-0.11620668311646708,0.0033222591362126247,
18,True,script+family+fert,-0.8072765366510564,-2.053805423717251,-1.1157882961692955,0.006644518272425249,
18,True,crossing_cos,0.12762783711813783,-0.008929141699617204,0.36400202135809173,0.3008495752123938,-0.20770023557418285
20,False,"script(Latin,CJK)",-0.16599658144810725,-0.27308019737917755,-0.11653737018834638,0.11627906976744186,
20,False,"family(IE,Germ,Rom)",-0.3197892539414806,-0.46475410384701643,-0.2285098031556554,0.1362126245847176,
20,False,script+family,-0.4164488027850841,-0.6495908193762325,-0.41322508872290964,0.059800664451827246,
20,False,"2x2(Latin,IE)",-0.21703529408998956,-0.23156133130427922,-0.1307968392755698,0.3754152823920266,
20,False,fertility,-0.21753452606972723,-0.30253665330745955,-0.14190504974233348,0.22259136212624583,
20,False,script+family+fert,-1.11099063997625,-1.6404367877533745,-1.043127094673865,0.07973421926910298,
20,False,crossing_cos,-0.14307882205087202,0.0025159329418500925,0.3483526692346713,0.7331334332833583,-0.14818078352140113
20,True,"script(Latin,CJK)",-0.20766009798987906,-0.2822464705365358,-0.1156908195062285,0.25249169435215946,
20,True,"family(IE,Germ,Rom)",-0.18046899828097773,-0.44032489955463566,-0.23431813898982806,0.029900332225913623,
20,True,script+family,-0.3522408061247726,-0.6976763143671665,-0.45471804327629195,0.013289036544850499,
20,True,"2x2(Latin,IE)",-0.20403211216513162,-0.25770993084088006,-0.16812568786433657,0.14950166112956811,
20,True,fertility,0.02759815998498749,-0.346725931395391,-0.1453692198091878,0.0033222591362126247,
20,True,script+family+fert,-0.8431692753126709,-2.0438918432657447,-1.2386006556759872,0.006644518272425249,
20,True,crossing_cos,0.1272836633751173,-0.00771909832218268,0.3072423076469929,0.26486756621689156,-0.14818078352140113
22,False,"script(Latin,CJK)",-0.13206538785162358,-0.27248617109436923,-0.133631854074626,0.04983388704318937,
22,False,"family(IE,Germ,Rom)",-0.30470493360913564,-0.46549925353146887,-0.24537527085641495,0.10631229235880399,
22,False,script+family,-0.37607419873601877,-0.6539408922900173,-0.45647841478510026,0.006644518272425249,
22,False,"2x2(Latin,IE)",-0.19115853019393625,-0.23141741878418595,-0.14439182058955527,0.2159468438538206,
22,False,fertility,-0.26280315722643866,-0.3050389063815342,-0.16498978304167963,0.3920265780730897,
22,False,script+family+fert,-1.1412588485103266,-1.6427263466214872,-1.076659137468641,0.08305647840531562,
22,False,crossing_cos,-0.0816814271110166,0.0016023445459368677,0.3313504648739369,0.6596701649175413,-0.08553469959392228
22,True,"script(Latin,CJK)",-0.2035171130020934,-0.282524312131015,-0.1252525068066181,0.2425249169435216,
22,True,"family(IE,Germ,Rom)",-0.1768850404963842,-0.44190245301368936,-0.23484019162734981,0.026578073089700997,
22,True,script+family,-0.34385316650783215,-0.7017614851474502,-0.46628027869746697,0.013289036544850499,
22,True,"2x2(Latin,IE)",-0.19594690179019603,-0.2582270493963013,-0.1626645095649445,0.11960132890365449,
22,True,fertility,0.02986380662006438,-0.3511331494009768,-0.15801266421017848,0.0033222591362126247,
22,True,script+family+fert,-0.7482734270327778,-2.048820315461376,-1.2281208642107182,0.006644518272425249,
22,True,crossing_cos,0.12208480858380268,-0.007231317126670484,0.29680562306555813,0.2638680659670165,-0.08553469959392228
24,False,"script(Latin,CJK)",-0.10089451610821487,-0.26783806577308056,-0.1451989091875398,0.009966777408637873,
24,False,"family(IE,Germ,Rom)",-0.29981558975540423,-0.46328287046142835,-0.2797972270897408,0.07641196013289037,
24,False,script+family,-0.3875322512603705,-0.6543841824617872,-0.46977016939543387,0.009966777408637873,
24,False,"2x2(Latin,IE)",-0.19742600139284505,-0.23037799410274096,-0.1572080939529577,0.20930232558139536,
24,False,fertility,-0.2501550727110702,-0.3082623844616061,-0.18508366293058687,0.2691029900332226,
24,False,script+family+fert,-1.1705280826342008,-1.6316288371297538,-1.0912552573862424,0.06976744186046512,
24,False,crossing_cos,-0.10311589076957842,0.00047865969383976113,0.268568629069798,0.7361319340329835,-0.10558258470973693
24,True,"script(Latin,CJK)",-0.14875583654313873,-0.2802390697929177,-0.13167726599788113,0.08637873754152824,
24,True,"family(IE,Germ,Rom)",-0.2220629164410448,-0.43800959527023264,-0.24223363950058496,0.036544850498338874,
24,True,script+family,-0.3785715211231422,-0.7015266948202218,-0.4955032573373536,0.0033222591362126247,
24,True,"2x2(Latin,IE)",-0.22137405236090468,-0.257320858283954,-0.18188078454801732,0.20930232558139536,
24,True,fertility,0.03591996911562445,-0.3561057047082185,-0.17203053007341854,0.0033222591362126247,
24,True,script+family+fert,-0.8962971059838873,-2.0255698263621107,-1.31956587386377,0.006644518272425249,
24,True,crossing_cos,0.04341482754043534,-0.005757333280305177,0.2416576494357594,0.3733133433283358,-0.10558258470973693
26,False,"script(Latin,CJK)",-0.09814737483977298,-0.26963251752649237,-0.17452513552543578,0.0033222591362126247,
26,False,"family(IE,Germ,Rom)",-0.3452274834378257,-0.4638758807996314,-0.33634036545909446,0.0664451827242525,
26,False,script+family,-0.4407554125031017,-0.6564989834902536,-0.5144348127050365,0.009966777408637873,
26,False,"2x2(Latin,IE)",-0.19453551021773174,-0.22799501131238245,-0.18208689313603096,0.11627906976744186,
26,False,fertility,-0.1939839325403998,-0.3104163548723296,-0.206599846816182,0.03986710963455149,
26,False,script+family+fert,-1.0790505042585785,-1.6196755247171741,-1.2546197229496625,0.016611295681063124,
26,False,crossing_cos,-0.09271132840326607,0.0005164772907633228,0.17863620428971488,0.8120939530234883,-0.09067610053702185
26,True,"script(Latin,CJK)",-0.12572532681748005,-0.28220727498048265,-0.14460056339297453,0.019933554817275746,
26,True,"family(IE,Germ,Rom)",-0.2907430684839929,-0.4375016268424933,-0.26131288902246086,0.08970099667774087,
26,True,script+family,-0.45901492430201785,-0.703875678537762,-0.5624499025712468,0.006644518272425249,
26,True,"2x2(Latin,IE)",-0.22492919763504182,-0.25611131372089924,-0.20072331572783028,0.15614617940199335,
26,True,fertility,0.004682585697300401,-0.3595853423588664,-0.1601840095377592,0.0033222591362126247,
26,True,script+family+fert,-0.99062724437358,-2.0218640878151395,-1.4127798307898907,0.0033222591362126247,
26,True,crossing_cos,-0.006814949386304361,-0.004999875253324808,0.15599222463785617,0.5052473763118441,-0.09067610053702185
28,False,"script(Latin,CJK)",-0.13100016225965594,-0.2682004923370192,-0.12160668710724902,0.08305647840531562,
28,False,"family(IE,Germ,Rom)",-0.2680181977986742,-0.4695526841469918,-0.25780793340781527,0.06976744186046512,
28,False,script+family,-0.324539814040544,-0.6574419215283348,-0.4123943165481472,0.0033222591362126247,
28,False,"2x2(Latin,IE)",-0.05176308540189911,-0.22383251844786844,-0.11753134291171871,0.009966777408637873,
28,False,fertility,-0.38445766099487977,-0.31658465034206207,-0.16436956782811835,0.7674418604651163,
28,False,script+family+fert,-1.2837862692440938,-1.5711534542525905,-0.930848227805183,0.29900332225913623,
28,False,crossing_cos,0.18176070761969731,0.0036253835669655026,0.36174410502180065,0.21839080459770116,0.18003640948371247
28,True,"script(Latin,CJK)",-0.07338105143033657,-0.2882969208338204,-0.11246927363263312,0.029900332225913623,
28,True,"family(IE,Germ,Rom)",-0.15548916521132772,-0.442141926920541,-0.18499610286675547,0.019933554817275746,
28,True,script+family,-0.24495050419112352,-0.6914925487052593,-0.3986368897123728,0.013289036544850499,
28,True,"2x2(Latin,IE)",-0.0742724547152811,-0.25606476965450026,-0.11750075910208854,0.023255813953488372,
28,True,fertility,-0.11155533758297786,-0.36166600366698975,-0.13721318259760876,0.04318936877076412,
28,True,script+family+fert,-0.8101536797906483,-2.0202648349715564,-1.019130007429525,0.016611295681063124,
28,True,crossing_cos,-0.06599342442038127,-0.009764139388290002,0.37498254592879937,0.5997001499250375,0.18003640948371247
