layer,V_lang_dev,V_sent_dev,V_int_dev,f_lang_dev,f_sent_dev,f_int_dev,inv_frac_dev,lang_over_content_dev,norm_m_dev,V_lang_test,V_sent_test,V_int_test,f_lang_test,f_sent_test,f_int_test,inv_frac_test,lang_over_content_test,norm_m_test,V_lang_x,a_split_cos,anova_check,f_sent_shuf,inv_frac_shuf,PR_a,PR_a_x,a_top1,a_top1_x,a_top2,a_top2_x,a_top3,a_top3_x,a_top5,a_top5_x,PR_e,PR_o,e_top11,o_top11,e_top64,o_top64,e_top256,o_top256,PR_b,b_top11,b_top64,b_top256,rank_a,e_in_langspan,iso_r_over_d,a_in_content11,b_in_content11,e_in_content11,iso_11,a_in_content64,b_in_content64,e_in_content64,iso_64,a_in_content256,b_in_content256,e_in_content256,iso_256,cos2_lang_content11_mean,cos_lang_content11_max,rayleigh_content_along_lang,e_own_dir_share_mean,t_cv_mean,W_a,W64_a,W1_a,Wgain_a,Wgain_skip0_a,W_b,W64_b,W1_b,Wgain_b,Wgain_skip0_b,W_m,W64_m,W1_m,Wgain_m,Wgain_skip0_m,W_e,W64_e,Wgain_skip0_e,W_iso,W64_iso,rho_identity_amb,rho_shift_amb,rho_scaledshift_amb,frac_err_removed_by_shift,p1_identity_amb,p1_shift_amb,rho_polar_id_k64,proc_vs_identity_k64,p1_shift_trunc_k64,p1_polar_id_k64,p1_proc_k64,p1_ridge_k64,rho_shift_k64,rho_shift_trunc_k64,rho_proc_k64,rho_ridge_k64,captured_k64,rho_polar_id_k256,proc_vs_identity_k256,p1_shift_trunc_k256,p1_polar_id_k256,p1_proc_k256,p1_ridge_k256,rho_shift_k256,rho_shift_trunc_k256,rho_proc_k256,rho_ridge_k256,captured_k256,ridge_rel,hub_resid_shift,hub_resid_alpha,hub_resid_ridge_shared,hub_resid_ridge_perlang,seconds
0,0.018288693544384827,0.0050470270813101565,0.0204343491357957,0.4178356041935165,0.11530772303567535,0.4668566727708081,0.472294847681106,3.623656709136831,0.1739658926544395,0.018407852412247416,0.004873391296848596,0.019919411036519077,0.4261012366743315,0.1128082739843949,0.46109048934127367,0.48028089552633696,3.7772161706265917,0.17480388835805183,0.018320841083629937,0.9985101972727335,1.0000000001100389,0.0486159045681774,0.43918708144728164,6.013829730461746,6.011064938782074,0.3095762930715474,0.3094242388146049,0.4907322808243271,0.49117534863944423,0.6174696610422074,0.6175635116682794,0.771970758894753,0.7724812693757491,394.2420534038861,25.008666765929668,0.1135088121568552,0.4955237185854202,0.2681397863556613,0.6089380033368607,0.5238513294797168,0.7472484830205183,28.704904998300517,0.3767860867183613,0.603256465384427,0.8450086726433671,11,0.04106263722007139,0.0030691964285714285,0.11591359204115854,0.3580162929570013,0.07035316096036949,0.0030691964285714285,0.21932494702789704,0.513749242490226,0.17770157867665845,0.017857142857142856,0.44265484404911115,0.6665939081348926,0.3682255486711396,0.07142857142857142,0.09074553847312927,0.6612492203712463,21.162493385091068,0.01489658346448562,0.13672454344729582,0.1410852342343933,0.020065585019265034,0.00033946643281399625,117.62836618630821,72.26013433592652,0.14765376686944964,0.024607518049598744,0.0002616415738351707,115.31876247357192,80.35149889936048,0.1281245002013327,0.021813452250955528,3.689947261293458e-05,73.63581723110255,68.70434816251968,0.14328766921516806,0.01897033717213576,71.99108316065724,0.14285714285714285,0.017857142857142856,4.275047368515272,1.9797630810736977,0.9832493555235707,0.5369026561777557,0.043036591208527965,0.1696909809558031,1.6438136257424854,0.2572578206432588,0.02600610851598994,0.03787130195232962,0.07781620553359685,0.08128218948377051,1.0518267877525642,1.0110720270751585,1.4824150085176722,0.8449057482775608,0.4736248019579062,1.781166994010789,0.15633205730806699,0.06160168882500898,0.07721733141693617,0.17435471313929812,0.16134417295484488,1.2323495581561972,1.1523395104383891,1.62107173349756,1.0105394218815855,0.67593266096639,1.0,0.956097355099854,0.9125214315229911,0.947583571161236,0.8648727978934827,73.22943544387817
2,17.300243800691742,5.081898426209161,12.417821673614405,0.49713395824630624,0.14603171545628843,0.3568343262974053,0.5821456923449243,3.404287600765143,10.85807181644095,17.324357875098624,4.861764838628825,12.068805488505205,0.5057478962682357,0.141928916327781,0.3523231874039832,0.5894009318013916,3.5633886973407485,10.8466266336168,17.295968265451975,0.9990568337488088,1.000000000242294,0.04189389418290494,0.5188715062239118,6.839544386700383,6.8513888713442315,0.27147784660287877,0.27071944152910643,0.444299254260405,0.44359218171388576,0.5569720365665096,0.5563405320110048,0.7371817038745745,0.7370668036556973,294.2816654742235,18.775713475641943,0.12632595053798115,0.6028560251046771,0.3185503350723061,0.7096389045752697,0.5661700345892289,0.8172635059145567,30.328546572207408,0.40778633074978743,0.654150421228778,0.8711367146866632,11,0.04594077993283966,0.0030691964285714285,0.09587567914453063,0.38307338209801745,0.0787803549468906,0.0030691964285714285,0.19012524455609758,0.5767529198626792,0.22025146588481062,0.017857142857142856,0.3516290115856826,0.7251735349042152,0.39712313601307436,0.07142857142857142,0.059453822672367096,0.5024053454399109,22.134089679691883,0.0212419787492224,0.12332639563828707,0.2087907841493084,0.03758786966631189,0.00028603612798779255,160.27461146777068,122.0471205751818,0.17387599581255556,0.038559120313466706,0.0008317788809484797,219.68367023427,108.52002317599883,0.2120826530336111,0.0417410981098758,0.0006826524259588184,213.08176395574034,121.84819406662689,0.17228135511076975,0.03247473830983047,98.62320849494189,0.14285714285714285,0.017857142857142856,4.545675424649991,1.7201731813316334,0.9452595035628346,0.621580288816137,0.10505000598874117,0.4617843454305905,1.3767824935188062,0.45586983475721243,0.13443975326386393,0.15724188525571925,0.18818870523415976,0.18653431548688465,0.9317945173389353,0.916667562330402,1.2778012284250813,0.7499548175370984,0.5091134588527122,1.5096187350068893,0.29382977747555933,0.2643729787998563,0.3035543178823811,0.3475491076775662,0.3297101449275362,1.093524901572293,1.0433682560313515,1.4119646944517814,0.89292821113706,0.691218516187882,1.0,0.8481699773832472,0.8078267098271141,0.8424177587043188,0.7456753437388712,88.2467520236969
4,40.85045884538668,21.765138725139295,36.66050200731082,0.4114833179294896,0.21923845535525374,0.36927822671525673,0.5270281569985856,1.876875647854399,13.175722137542703,40.94803382368433,20.97649421202665,35.77290226130188,0.4191311245259675,0.21470876100072836,0.36616011447330415,0.5337269839659529,1.9520913938139006,13.177755934689312,40.850953746512296,0.9988199409987423,0.9999999991090801,0.049086870564636106,0.4327244047677788,7.188146004622515,7.198074779268889,0.26721845970415564,0.2666110368912921,0.4053684831729834,0.40479805458205775,0.5358353423792142,0.5352869890042822,0.7180210261954487,0.7179360715390809,521.6831439727445,24.548304423352967,0.087461201445045,0.5383495492053297,0.26026093752332197,0.6421579542429846,0.49984796800471293,0.7615067464316877,54.64719589127193,0.34049874352682147,0.6109105769058282,0.8534778031581111,11,0.022391250451280018,0.0030691964285714285,0.03849296074925371,0.31001102504496814,0.05162793477913713,0.0030691964285714285,0.10760728541733086,0.5185397036222854,0.16685637242827264,0.017857142857142856,0.23449640275381795,0.6814799549338969,0.33208368718116243,0.07142857142857142,0.025776343420147896,0.4336545169353485,6.958479739476327,0.009039076351129665,0.09168912656605244,0.23021057781907422,0.04163242039274305,0.0003046371778442788,177.2115744464555,136.4981394149656,0.18737946735381486,0.04032734750170874,0.0005570685630531332,185.76146580714897,111.31166415890361,0.24650322891931734,0.05105286023981721,1.4838986403301382e-05,140.6551648613386,138.6719984416207,0.17429445950709813,0.03288893346846701,99.36390635532683,0.14285714285714285,0.017857142857142856,3.3369911670748937,1.4859987235024252,0.8976149274634302,0.5546890449802997,0.41902473350101804,0.7949080728230926,1.1505716898435414,0.6104091211701884,0.3973080608456102,0.39777218828602223,0.41674152593124925,0.430403341717571,0.7562536325262801,0.7665505250364245,1.0907767939636173,0.6657687620468589,0.4242460231745253,1.2785479696693105,0.4347436220356912,0.6061055216193556,0.6302326625943228,0.6519493352497304,0.6352108036890646,0.9145766561068288,0.8820302145092627,1.2309820304718548,0.7996554796662279,0.6072302197610632,1.0,0.7498608770979449,0.7098144196086101,0.7474911866712242,0.6696965707149066,90.51976299285889
6,59.52127785192915,40.96428066780822,54.22736058517442,0.38472079898878647,0.26477608272667963,0.3505031182845339,0.5232702445475071,1.4530043462646214,16.458980146684304,59.67552680574664,39.75706775338475,52.95124967670431,0.39161321270639604,0.2609008058088824,0.34748598148472165,0.5298520358082436,1.5010042283781382,16.45109459336941,59.52716197396807,0.998805496297594,0.9999999998837118,0.05136390177930118,0.4055515067365919,5.42594479034755,5.419782184996687,0.3618299498519342,0.3621669738899909,0.48965086897156984,0.4899869221910459,0.6023651430769456,0.6023949787192369,0.7724452125075058,0.7726199060168499,488.6732250724833,18.47264743844086,0.09387690987433982,0.5377932862034351,0.2449772648523334,0.6327167937282419,0.47875162683413686,0.7494490664802907,59.60659043478784,0.3367701652052857,0.6028851944241914,0.8438499574894547,11,0.028553523428865652,0.0030691964285714285,0.10447123186210251,0.30164951184170047,0.05290269511189883,0.0030691964285714285,0.18352444902068202,0.507430792972226,0.14546433356419697,0.017857142857142856,0.29061605854284417,0.6611465149746377,0.2969296744418544,0.07142857142857142,0.03650157153606415,0.5407221913337708,9.89554595693952,0.01089531169305234,0.0999781967451175,0.2244703539764335,0.042486720566934075,0.00022476105007691044,168.1536103573494,138.11526754745753,0.1964181851556739,0.041634847135445956,0.00045124164671960415,176.550548722595,116.24405626337847,0.16986267056649768,0.04183120604851003,0.0002858976447270458,132.3012998907104,94.09229905410683,0.17439660598116205,0.03363552386903961,100.20482258898596,0.14285714285714285,0.017857142857142856,3.030538315968909,1.3537514227629188,0.8529131486610547,0.5532967144386347,0.5534794586177986,0.9059692777578153,0.9754867703625159,0.6965311029643724,0.5285662953647142,0.5414495747993772,0.5804063360881544,0.5992708707629657,0.6402158505775927,0.6652219675772152,0.915130666657819,0.5707281381093022,0.40897534681891895,1.118138267904769,0.5258729816837744,0.7292115822254163,0.7616780452748833,0.78782638639358,0.779052880584501,0.7929350902096562,0.7766013354690547,1.0725277728406426,0.7048967144085869,0.5827969427787287,1.0,0.6793642658435318,0.6423818778117197,0.6777806448780354,0.6030525339824052,86.9497320652008
8,107.24892329914496,134.81495100979203,106.57544223502929,0.30762142480743415,0.3866888919649163,0.3056896832276495,0.5015748463988965,0.7955269240972772,21.764031750179882,106.56837619914516,130.94587700462807,103.41938672902828,0.3125780612911942,0.38408024808123276,0.3033416906275731,0.5074980309000053,0.8138352931522898,21.763988889166257,106.76974949893878,0.9987058163097228,0.9999999998683399,0.05765062352579492,0.32644094904579324,5.389510571864786,5.375113158406791,0.36532022578879303,0.36609891236315045,0.4949882440820224,0.49570139926114914,0.5985783671133648,0.5992413702461761,0.7660465031993997,0.7664717047540518,452.8030948753201,19.790392437395955,0.10013182189660835,0.5182686753698558,0.26093861955840175,0.6246977676362174,0.514461876495077,0.7560279642002183,63.684378688345,0.32661615860168974,0.6079622633280454,0.8544749810875913,11,0.031571413444160056,0.0030691964285714285,0.06906173102644488,0.29287816825805535,0.05336705994419721,0.0030691964285714285,0.1447481943413178,0.5173400220273279,0.15333400601100985,0.017857142857142856,0.27507019609616984,0.6863126061847237,0.3169420922670291,0.07142857142857142,0.02404586225748062,0.43299081921577454,7.287026624277907,0.012532817233601149,0.11535752626756827,0.2312688843379984,0.04490971960288386,0.0005344942149840841,213.4368616748176,142.00403697292026,0.21467040446989724,0.04509857784431481,0.0004014682024525174,177.05327437912413,123.39878736533828,0.17671380370667455,0.04967999419400245,0.0001017929586806256,115.9107349745697,102.30655386680715,0.18567641537103047,0.038006154643321806,108.86954412790939,0.14285714285714285,0.017857142857142856,2.2580919291953685,1.0564062977769322,0.7258167757247875,0.5321686047771474,0.7717690741406156,0.9858441130674332,0.6993139597564952,0.8422449429829916,0.8041457060725835,0.8103889687387711,0.8295679123248293,0.8395241945143131,0.4780635600495985,0.5122511059231666,0.667897567982592,0.43967428307961764,0.43068023349844103,0.8376986510852545,0.6830676509575411,0.9327988381842136,0.9451281590609654,0.944858665708468,0.9358381243262666,0.6231385232291144,0.6221338042721861,0.8324812531272557,0.5666269425808365,0.6115732499934495,1.0,0.524717090387785,0.49407531535322313,0.5239154783466589,0.46765955005397836,71.90012264251709
10,137.35487130140913,272.38528181420253,148.96918770545648,0.24584316256383895,0.48752591358846903,0.26663092384769216,0.4797182317749819,0.5042668619485124,27.177823994298226,135.82841574767912,266.4423048504,144.5128943858001,0.24841347111632767,0.487290214170473,0.26429631471319925,0.4845108831196051,0.5097854705315773,27.181612989665805,136.39164519969688,0.998551382331506,0.9999999999993234,0.06277886184356284,0.26231073175198927,5.504097729281305,5.49747935563235,0.3557292467365519,0.35602654597315053,0.4965183370216366,0.49679172197612753,0.6042107534445768,0.6046025217411694,0.7652485961970449,0.7655698884904295,434.20089248645417,21.92763411302831,0.10500196297701479,0.4987404379498351,0.265294129875753,0.6116707270907814,0.5118056261407641,0.744072499647829,75.82808983923562,0.29930368284183473,0.5847195858659746,0.8441939964518577,11,0.033778765861083596,0.0030691964285714285,0.04546228812224301,0.25882476044408775,0.050518251327597845,0.0030691964285714285,0.11751246305154532,0.4683818962351328,0.14464093176405202,0.017857142857142856,0.23621636278543934,0.6332259418572679,0.29471278919038746,0.07142857142857142,0.016949476674199104,0.36159810423851013,4.698077097371173,0.014758820917998136,0.13127718244989714,0.2528285659006616,0.048241780750703664,0.0007091520854721101,246.2270033407027,151.45190789628464,0.22348963582843762,0.04390024338824161,0.00043643015875844787,181.4923220470387,123.16532088187614,0.20264715896558771,0.05296226846149816,0.0001560884857283172,134.5585413798554,113.69801945785704,0.1914151579715041,0.03809050416295902,110.43899725539141,0.14285714285714285,0.017857142857142856,1.748977288284232,0.8603759364516,0.6107775645985797,0.5080691200423538,0.8707330219187926,0.9859264582584739,0.5429530464360051,0.9145927307280627,0.8798209366391185,0.882875194634088,0.8977197868008145,0.9034839501736736,0.38301778541962,0.41648670503369667,0.5219202373538275,0.3496462162754079,0.40772453212494764,0.6703443662194322,0.7926406792619012,0.9571730147323032,0.9646289974847287,0.9676982273326146,0.9631392981195352,0.5053601869619575,0.51364002488274,0.6701998330040266,0.45927260329005637,0.5764167056126059,1.0,0.41804177328380215,0.3862809122603272,0.41758205598872566,0.3769525411438587,79.1804563999176
12,150.0377805729853,342.8234169951804,159.09461780977895,0.2301348910984206,0.5258384217286912,0.2440266871728882,0.4853512001909623,0.4376532440171513,33.64472128155154,148.78929305012375,337.1093720190187,153.8984643999309,0.2325569875150807,0.5269004134150527,0.24054259906986672,0.4915603270630293,0.44136801109679474,33.62032751588812,149.19870004983613,0.9985708484548351,0.9999999998818757,0.0641276640780211,0.24590414984055925,5.257097383992073,5.247160766425772,0.3641079742217152,0.3646125759029141,0.5213182383969737,0.5219167439500497,0.6282287183424368,0.6289400997668234,0.7885680691769948,0.7887230744643089,369.6205877746754,20.476761100948572,0.1191703716520754,0.5058936311377612,0.29741678923523845,0.6320997460909399,0.5547443489012965,0.7691007294473053,61.29268912096987,0.3407421965258812,0.6296416152207016,0.8648775342857273,11,0.036556140151117814,0.0030691964285714285,0.0672980901631476,0.30350749783922804,0.06441590654012765,0.0030691964285714285,0.12217687052980376,0.5321397309437669,0.17257434489010448,0.017857142857142856,0.25438497928070564,0.692917261726683,0.33785388671809813,0.07142857142857142,0.02404152601957321,0.4406372606754303,5.5269831955914475,0.014436348738213168,0.12891913081208864,0.27546256267782804,0.05719162645527469,0.0008092769903169866,281.94831610692967,173.7919566726352,0.26428536684539206,0.05971428888121459,0.00047612643004499636,212.43160458878796,148.7993647445943,0.17340660571850702,0.04851406855960498,0.00026730241839029964,135.3403161664653,99.61653004292162,0.2088434189004138,0.04463546828245692,122.50050212064188,0.14285714285714285,0.017857142857142856,1.5674028376410338,0.7617537126309715,0.5556163640599046,0.5140025943953102,0.8984833512995568,0.9904853874715535,0.46965425192705373,0.9249498817053708,0.922468259671817,0.9254476584022039,0.9363995688106361,0.9390570727033177,0.343429303638717,0.37022771495428164,0.4523209810037854,0.30549277837580324,0.4654827030017237,0.5904635797360878,0.8021330174171564,0.9720026350461132,0.97631452868607,0.978597736255839,0.9765016768475265,0.459907684768114,0.465574422494055,0.5924028165183747,0.40922053566173566,0.6335783555561543,1.0,0.372580423035087,0.34358890369233747,0.3721689997722459,0.3337824999280923,82.21871256828308
14,164.86918758786354,430.22915016278597,177.56189559309723,0.2133786371719681,0.5568154430582458,0.22980591976978604,0.48146677006169136,0.3832124985614804,38.86945320228019,163.3330835241778,425.20370837698715,171.64421209460718,0.21486078008479964,0.5593453482025604,0.22579387171263993,0.4875944897174647,0.3841290193531569,38.72613165314314,163.86076452470945,0.9985461632876226,1.0000000004415903,0.06555133578565148,0.2283470942135916,5.168492903962395,5.164291526620013,0.36494362290257715,0.3650667978023114,0.5343627099373393,0.5347529124990166,0.640910226523191,0.6413318055042805,0.7984768823522063,0.7985017393609196,347.6555569164481,20.40458015314444,0.1234656880044016,0.5024911820497161,0.30845467221970324,0.6348060915155341,0.5655277914961846,0.7730128824808982,55.22326924167667,0.3621444899691211,0.6527136237239178,0.8747162508931714,11,0.0372507448560641,0.0030691964285714285,0.05773559679588011,0.32582843598373484,0.06865412597248105,0.0030691964285714285,0.12023553202637874,0.5620514325756054,0.18371098435518637,0.017857142857142856,0.2535818377463333,0.718307795321873,0.35226516412628256,0.07142857142857142,0.02099073864519596,0.4019061028957367,5.192455779018322,0.013924583968774898,0.12771318418284258,0.28376118134410244,0.05991429301672866,0.0007832471364331545,279.72891761888667,175.05134539350604,0.276851598698414,0.06672564499172057,0.0007167356727382297,254.6284387210986,158.83982375910696,0.1658324257816544,0.05328233553106923,0.0001841153961426219,122.91316409525373,98.30695032440181,0.21207847305790825,0.04643161878852061,125.36164392847797,0.14285714285714285,0.017857142857142856,1.39988696965593,0.6906784418465016,0.5169165125325349,0.5066184221885718,0.9251407354174153,0.9910243741765481,0.41180584131399467,0.9350741216630647,0.9444993412384716,0.9463483650736615,0.9540888130315008,0.9553763923823212,0.3088261200581366,0.3316575523944364,0.39652099869158414,0.2727989801402759,0.4924938547795812,0.5281793927856093,0.8147805378292546,0.9765765361121092,0.9803644148999879,0.9823631572643431,0.981142951251647,0.4175268986703086,0.4232793702896124,0.5307364141551794,0.3718851400939756,0.6563485971969866,1.0,0.3417953547433618,0.3155034322745529,0.34143902981136015,0.3065980649489571,79.97791576385498
16,212.2798224878893,482.0094529357797,199.5862782150684,0.2374825238521769,0.5392355244235545,0.22328195172426857,0.5154097948959091,0.4404059322798641,44.25728648492278,210.22918306074044,476.0124646573742,192.71053734100772,0.23918159216658577,0.541568099777072,0.21925030805634224,0.5217385440460746,0.4416463825418099,44.12777934181226,210.98134711485338,0.9987187461360638,1.0000000000977827,0.06356520722069932,0.2536028409718046,5.321916035075479,5.310317802699914,0.3550958444465762,0.3556763901810432,0.5246518049448509,0.5254445390052471,0.638432438581695,0.6392559449513944,0.7914251825589745,0.7916206037905752,290.65426251750847,18.383601124684915,0.14027498275423245,0.53826154041355,0.34255829491373146,0.6755005689567777,0.5993112543076825,0.8044249229200126,46.07645657844893,0.39438091932182984,0.6835514442349667,0.8882155307633854,11,0.04371055230557359,0.0030691964285714285,0.049828526037299564,0.35968731437433726,0.07590210639019787,0.0030691964285714285,0.12668718882455665,0.6030931428993767,0.20802065257046745,0.017857142857142856,0.2746271278884261,0.7523830156060177,0.38498818809887086,0.07142857142857142,0.01963435299694538,0.37189969420433044,5.261585112132667,0.01751165112871726,0.13277610639731088,0.2832598812784338,0.0614584758488538,0.0007226330733582687,272.2209253841947,175.64409125419468,0.2970566477084253,0.07878866991089613,0.00098331365455781,308.42029206984853,177.0046827809968,0.17678857439096413,0.06531062548786228,0.00038706538270767753,160.71606307523598,108.98645841789249,0.22100196122311544,0.051005449129162,133.70144006462274,0.14285714285714285,0.017857142857142856,1.5035275200485363,0.6913795485994627,0.5166704676646676,0.5401616934972072,0.9130734219667026,0.9912339801173793,0.4261103477659178,0.9230324639515444,0.9432192478141095,0.9438630374895197,0.9539840100610851,0.956035153910648,0.32484615308912534,0.3436075853075076,0.407360442964126,0.2752766666692366,0.5337242079808738,0.5386902961511435,0.799475426475207,0.9758279434662834,0.9794960474308301,0.982303269852677,0.9806339082524853,0.43193462888263484,0.4348071983415879,0.5356021706313288,0.3708560480270447,0.6925515335936917,1.0,0.3425217466590952,0.31668886570205723,0.3420613223443652,0.30307920006175854,90.3075942993164
18,260.04323725251714,510.93858707161235,215.99100016788842,0.2634755798735979,0.5176825282242049,0.2188418919021972,0.5462700302013407,0.5089520420505447,46.85016713927098,257.3390151629007,503.92168091038604,208.15279355038817,0.2654584632021155,0.5198211973571853,0.21472033944069915,0.5528325318424754,0.5106726400380144,46.7898038800738,258.396554970676,0.9988749454735433,1.000000000369434,0.061409296722860746,0.2807140310985733,5.6135217090336464,5.600166741859372,0.3327365972068365,0.33347444488205313,0.5183743091613194,0.5191264601889655,0.6240533848978088,0.6248602158167882,0.783549936024088,0.7836805251281529,267.03901873885434,17.25758267987915,0.14688205129910867,0.5690658623502582,0.35190899446491497,0.7007135583916003,0.604510298560416,0.8193194887128963,41.64706079301228,0.41297343473467424,0.6998699034488569,0.8945192254832193,11,0.04692699408685709,0.0030691964285714285,0.05488144859415512,0.37849370600548043,0.08054116071323233,0.0030691964285714285,0.13713915219317507,0.6248338205551938,0.21563004069206468,0.017857142857142856,0.27969219169793696,0.7686267218132076,0.39147572101945166,0.07142857142857142,0.022356031462550163,0.41333937644958496,6.430210268965638,0.021028708401825736,0.13601693076392016,0.2837632428684493,0.06118507601647975,0.0008735744452840966,294.0884146821007,177.3389874673978,0.30498511604449907,0.08344742161526679,0.001163504328035607,339.90663428212116,184.40931283194513,0.18100623141982786,0.06807060038233606,0.000208343693426126,141.14508495772628,113.30085705398467,0.22302979296244502,0.052341715844430634,136.19605054442061,0.14285714285714285,0.017857142857142856,1.633203180207183,0.7030500222510506,0.5212958807498294,0.5695269083655201,0.89266678644149,0.9910543178823812,0.4320687112561879,0.9173231869935989,0.9423808240507846,0.9438780093424362,0.954178644149,0.9565741406156426,0.3327153108849308,0.34898052132280183,0.4115294524760137,0.2736436353685348,0.5511173287174991,0.5448624745353223,0.7881213336279898,0.9751916397173315,0.9786875673733381,0.982423044676009,0.9803419571206131,0.438835539544641,0.4396461972617172,0.5388446418963531,0.3682936784792329,0.705918189867746,1.0,0.34743468147851986,0.321115759965326,0.34693639749050753,0.30531976496915136,98.24649119377136
20,699.200383891946,835.6395659750286,365.4584229437536,0.36794242098821556,0.43974124165513834,0.19231633735664605,0.656736580210197,0.8367248420987765,61.57298468567228,694.3637371046092,825.2883797519377,352.06609842529207,0.3709766413744355,0.4409255479878245,0.18809781063774003,0.6635549881402134,0.8413589166411366,61.536466544393434,696.244768538988,0.9992349135448735,1.0000000003097784,0.052543706005491485,0.38834764549595063,6.865500452779223,6.852055464737284,0.27313739897173134,0.2737079523432066,0.44386022058551905,0.444575844583109,0.5671626595872209,0.5678603915390228,0.7278067911515227,0.7280893617762791,217.93701889305734,15.075074215395048,0.16907149106750893,0.6730854082770824,0.38933783015610596,0.7856464479992855,0.6283031863114696,0.8713405891767836,34.83267229878244,0.4482674126813253,0.7350042049225688,0.9095515545514969,11,0.044696545935138436,0.0030691964285714285,0.03567734104824461,0.41294908486411475,0.09255602204210867,0.0030691964285714285,0.1046246481998519,0.6670421799573979,0.24801573116646866,0.017857142857142856,0.21950201146964382,0.801165680523173,0.41732213613086155,0.07142857142857142,0.01783744804561138,0.3571503460407257,5.131844423012758,0.0230120098978938,0.1098533117522796,0.3006129320844573,0.06337214536577672,0.0006144373770606442,263.57557425787024,181.4586918827411,0.3334082057572695,0.09345466161910633,0.0011521515425305686,352.3638263490459,198.38375696387777,0.21150545415820823,0.08155189216169732,0.0003534672182189444,179.46170863257558,132.22230732006798,0.2384605572500801,0.05425212595826382,140.78965408971482,0.14285714285714285,0.017857142857142856,2.262108441676985,0.7319735274205064,0.5245042555114595,0.676419788753422,0.8413283027907534,0.985110492274524,0.4710203144531912,0.9175681196378939,0.9230072463768115,0.9207240388070428,0.9339591567852439,0.9387426637920709,0.360803412362923,0.3747960901037512,0.4501842467879988,0.28074128874232207,0.6010501028592046,0.5711647819528857,0.7827322121822473,0.9627200862378728,0.9665678524374176,0.9726239669421487,0.9693226733740569,0.45760109417415823,0.45756649628409896,0.5609673986362296,0.36355260667086786,0.7468461388091335,1.0,0.35535996331624986,0.32413204778025934,0.3546900572669862,0.30005548923170094,120.9442663192749
22,1353.8380225677658,1657.4749210867744,788.397853325139,0.356300280443424,0.43621080909743737,0.20748891045913861,0.6319743020844859,0.8168075458300632,87.93853648714531,1343.664358601133,1637.1953433943836,758.8491602177131,0.3592965142762282,0.43778684483622093,0.20291664088755076,0.6390752528221456,0.8207110800934266,87.82694095304652,1347.5663403561787,0.9991286265132935,0.9999999993655933,0.053526256738152686,0.37645025337725163,7.359542475876772,7.34551323836064,0.24806234890069162,0.24860522692620937,0.41153387706167616,0.4122719299352167,0.5414067420817131,0.5421386754288905,0.7233698694355593,0.7237113630352207,238.77841503814076,17.24375165404063,0.15321216308391394,0.6494938397856875,0.35680047356128486,0.7582151625406776,0.5994481158247772,0.8512268769259005,37.47412996421897,0.43234019469698465,0.7166797404567936,0.9003076817274765,11,0.044146712931965315,0.0030691964285714285,0.03894316657449108,0.3944896348537117,0.08858687438862471,0.0030691964285714285,0.09695105609885812,0.6404116940734765,0.22303360385712367,0.017857142857142856,0.18537001448480328,0.7755036590840202,0.3788734803862267,0.07142857142857142,0.019761772826313972,0.4018576741218567,5.869892887893344,0.02571923362280078,0.122151929885149,0.31127297484613514,0.06670078525299823,0.00046718065036070874,249.3861520299667,186.94947762305316,0.323595678671025,0.08699744101567729,0.0011030688977717307,336.9804409845956,189.56005241486997,0.18567953971809054,0.07576388356506357,0.0005963080429763954,201.4483432181866,121.75430097164697,0.23116843328381814,0.050026207807339934,133.82769715416035,0.14285714285714285,0.017857142857142856,2.2727574702301645,0.7932298579798402,0.5466149295000053,0.6509834998366504,0.8308704635285663,0.9817343394418494,0.49040591219473734,0.9095842784101312,0.9129311893639956,0.9111570247933884,0.9244520301832555,0.9288612408671698,0.36623251575407767,0.38151401300917553,0.4685071460446609,0.2853582358476399,0.5794353745394595,0.600608218776154,0.7754622584942615,0.9550470116181579,0.9596957719487365,0.9660213798059647,0.9619640076655888,0.4698081740724229,0.46981228889714194,0.5873343666700918,0.3716522160288269,0.7270437985258701,1.0,0.3763639538372114,0.3390325524868059,0.37575309113121086,0.31214631734684617,114.839275598526
24,4739.137552578115,3511.84949499399,2076.5891293801737,0.45888187812686354,0.34004585730689374,0.20107226456624266,0.6953238845570124,1.349470573648893,141.70756478246676,4717.814362595609,3467.547053169672,2014.0129108513352,0.46255919348737384,0.3399764477827477,0.19746435872987836,0.7008222538930227,1.3605624639709135,141.3342125643262,4725.2413717136615,0.9993184750454592,0.9999999996631895,0.045071992723410996,0.48054081004734245,7.889248533974654,7.88343197310549,0.23578227640073357,0.23605048060671344,0.37446893664884734,0.374557879488769,0.4988975537935024,0.4991232383636583,0.6902783152690132,0.6903053125251588,221.7641244495916,15.181814441145088,0.141757886186474,0.714670991987453,0.31905495026612524,0.7889657010443772,0.5568059784838615,0.8638736577030666,48.71540683321277,0.37548195858206024,0.6591347702434049,0.8774529763436993,11,0.058730355783396124,0.0030691964285714285,0.07213297534949382,0.3332402253460281,0.08153900357764057,0.0030691964285714285,0.13113596670945432,0.5568936094253034,0.1789202856081985,0.017857142857142856,0.21539331205759799,0.7067371610421552,0.3134707051787242,0.07142857142857142,0.03355874493718147,0.5578988194465637,10.744267072641506,0.03879501954119779,0.13009344910581908,0.2980162736776651,0.058855469612203684,0.0002741896349734914,207.21145026284896,170.56719541677518,0.2894179081297224,0.07092622056257028,0.0007048147277569776,257.1514283353071,162.95599001791717,0.13559766531488082,0.05253679031343281,0.0003780688714976067,138.74790457591703,88.22061890683885,0.21049495117830405,0.04105480536271884,117.00461921214844,0.14285714285714285,0.017857142857142856,3.3079213209567127,0.9502379287885238,0.6177712854140649,0.7127386547048533,0.6141828362678166,0.9713813031500779,0.5980079230910529,0.8948742562171185,0.8272847047550604,0.8312896754102287,0.8564423883099773,0.8715489879027428,0.4182782675187924,0.4439036880585233,0.5596766951029052,0.3226162250799623,0.51074276060309,0.7145058609333949,0.7710870996569142,0.9187776979278955,0.9285243741765481,0.9397457779374775,0.9372978799856271,0.5278497559449186,0.5326766618062435,0.680400546458278,0.4100036055954743,0.6677768513878357,1.0,0.4367134393640058,0.3922706886695558,0.436018955731274,0.3519203821288925,110.50765085220337
26,18484.028792383662,6939.913623855136,5027.601402679128,0.6069980852957779,0.22790022289588277,0.16510169180833933,0.7861653419619167,2.6634378746223857,227.11798160563634,18453.28441438045,6891.773875892889,4898.345160185383,0.6101589870534414,0.2278769281764932,0.16196408477006533,0.7902354032919153,2.6775812362226796,226.54021957395932,18459.878079166116,0.9995250261021582,0.9999999996709983,0.03278589592933927,0.6275736496508661,8.961770064389338,8.960813114285891,0.18465802069006756,0.18454221318928335,0.3131721917990979,0.3133190458018855,0.4314233504849252,0.4314028396772031,0.6434677726272195,0.6435780258779087,276.940267766473,13.910029351235869,0.12492632419550495,0.8011547154102971,0.30478003982332186,0.8491746107386514,0.5291545744612657,0.8986694048603066,59.08168192199592,0.34386935689010334,0.6335071559474429,0.8681043534427549,11,0.06567729216193502,0.0030691964285714285,0.06089278110608573,0.298046726789651,0.06590002829025948,0.0030691964285714285,0.08894829940814195,0.520070743041334,0.13683679237008292,0.017857142857142856,0.1674473199279341,0.6784949755946924,0.25472068718142193,0.07142857142857142,0.0406593419611454,0.6362200379371643,11.365551908906037,0.051261743509253166,0.11870727315545082,0.31696101265400406,0.06117276440692906,0.0006075391562006003,258.8490020294585,177.65405128038424,0.24837742537372964,0.054337570335751095,0.0004167024040847671,190.05540442871356,134.36493102996553,0.07808284536079745,0.028704387809213763,0.0005100236655388426,121.39856263715139,53.23612607926058,0.18709650012433238,0.030307678505304667,97.3929598442791,0.14285714285714285,0.017857142857142856,5.041609826607753,1.0379593683748431,0.6887758353209245,0.7941214405571655,0.30063480656366026,0.9584007066714576,0.6089694438721155,0.8964201961502885,0.7609818541142651,0.7816055815067673,0.8136678045274884,0.8305859983231525,0.43251375297490285,0.4671548767527422,0.557942247422083,0.33888265073109586,0.4958850629308618,0.7340431018922347,0.7802890444343741,0.8826206731345072,0.9018370463528567,0.9178569289735297,0.9144957479937718,0.5250689525416427,0.5405536989713324,0.6677704646408855,0.4204157929675694,0.6490023351044352,1.0,0.4939082480393713,0.45943727258699474,0.49327587277202856,0.3749864631841453,125.04623651504517
28,227022.94500318504,13503.571912840893,24789.77035967998,0.855669085883416,0.05089612873561935,0.0934347853809648,0.9015547315632667,16.812066205038914,301.0794514851916,226408.9309457276,13528.145815158156,24291.392882249744,0.8568680401907992,0.05119866846077996,0.09193329134842082,0.9031058575779194,16.736139160478192,299.55263558177705,226657.11802025276,0.9997414732204983,0.999999994341467,0.012002803556786998,0.8660642853859836,6.394846159877142,6.389931186682911,0.2960924347724693,0.296225617555386,0.46560132632278,0.4658550846316196,0.5838126204619545,0.5843294974573194,0.7620135045308688,0.7622436548172685,86.18652995424286,7.584126872614922,0.27996503422465835,0.919785416467347,0.5274720560128644,0.9526895797096574,0.7141277318492911,0.9716833932293624,44.61070299871311,0.4058464616422699,0.7000365874850211,0.8949956700758604,11,0.18104457375889382,0.0030691964285714285,0.20971518985188284,0.3671317897795071,0.11315796397455637,0.0030691964285714285,0.4226006249731047,0.611914987242584,0.22064242583791163,0.017857142857142856,0.7211486194269894,0.753532998085703,0.38585912952800394,0.07142857142857142,0.1087421253323555,0.7571559548377991,35.32972744314474,0.10621696535797397,0.10754465001324813,0.14149264523162758,0.06620017168557778,0.0008731371104701531,258.8454379987604,142.15441735111844,0.13352978219352205,0.0444247815572023,0.0005692967492424499,190.50881109184488,114.42475861555104,0.08864336268873624,0.04869075558038851,0.010179022709420412,1458.1130606300937,97.72958533247139,0.1609874829310515,0.05707049610712202,132.72423199580945,0.14285714285714285,0.017857142857142856,17.217912837835755,1.5611997474811163,0.9022686852096551,0.9093270036743109,0.014777218828602228,0.6730371900826446,1.252608762371922,0.711839624878132,0.2756467840459935,0.33800455144328667,0.5772472751227692,0.6362588333932206,0.8544787640714067,0.8656833889710496,0.808838229503347,0.4231954324943978,0.6703766115502282,1.352285531922554,0.6161972771991383,0.42757366151634923,0.5168732782369146,0.7151006108515989,0.7379252006228291,0.943387998378852,0.9439965913940375,0.8683483616084839,0.4778437073895678,0.7826966892936816,1.0,0.7641007551308657,0.726468002709227,0.7516845722704711,0.4287945262736067,123.55404925346375
