lang,a2_dev,a2_x,a2_over_content,e2_over_content,t_cv,e_own_dir_share,t_vs_logntok,t_vs_relfert,onorm_vs_logntok,enorm_vs_logntok,W_a,hub_resid_shift,hub_resid_perlang,hub_alpha,layer
eng_Latn,0.021251972728969594,0.021185920209757084,4.210790310134971,5.331088220432756,0.1802649199962616,0.02566670924926438,-0.06967233698920594,0.1280103321772375,-0.618949095901726,-0.8262526907608025,0.16236151877396615,0.8395760337564373,0.7168964201517486,1.1549912746793813,0
deu_Latn,0.012249076618440543,0.0121861622750963,2.4269884867074674,3.7631063878550224,0.14682915806770325,0.013904192786134915,-0.04388490306625672,0.31694017973028443,-0.6996707032270586,-0.863713542637281,0.13047507503526173,0.9500301480844621,0.8867360790537899,0.6121896194963776,0
fra_Latn,0.013246250370915348,0.013349689359445267,2.6245649483372215,3.74360149347648,0.14196476340293884,0.014129568408695187,-0.04073602565968401,0.20578261815409774,-0.6820005088368293,-0.8454773821328313,0.14167658479519415,0.9166596479001943,0.846018313678017,0.7026565857894612,0
spa_Latn,0.014114991216462057,0.01420835600071595,2.7966941704616235,3.6555842324861607,0.14983400702476501,0.017175484497603262,-0.004620933088401872,0.2027204945836859,-0.6958972286922946,-0.8752908793377394,0.13565716248127507,0.9313480472019413,0.8628824462044199,0.6730181254554339,0
rus_Cyrl,0.01240451524039693,0.012501887960170762,2.4577865425633587,3.4717568285019476,0.10487349331378937,0.007786214876249647,-0.007105517579865663,0.1698390623310132,-0.7807079612558471,-0.893075945838466,0.14955466203398635,1.0029099719321908,0.9370008733009606,0.5008799056833751,0
hin_Deva,0.05622753285062422,0.056184512243850515,11.140723428816658,1.8574244831563054,0.05006876587867737,0.01503612905433717,0.09665055301486539,0.45268378854082775,-0.30967072779313326,-0.7476697079135627,0.13647561921244739,1.610128326205808,1.1877343187804434,0.12117254484373746,0
arb_Arab,0.015577348816111433,0.015681763144469542,3.086440505500064,3.8993505376519777,0.09766343981027603,0.0075496991513364625,0.11842013472458889,0.18023584479686738,-0.6769478389120023,-0.8089143003156375,0.139153233879,1.0495355247065052,0.9727028782996171,0.4217271772722074,0
zho_Hans,0.015921083267745263,0.01598533883674895,3.154546827518174,6.677114824613332,0.1671730875968933,0.013203253852242901,-0.47580819210804604,-0.5846398964622095,-0.8579888921623996,-0.8912585442011072,0.1281775569470461,0.911913477196033,0.8315675126223299,0.9037149511968579,0
jpn_Jpan,0.018795767645556932,0.01883447850261249,3.7241265685219473,4.394484292636176,0.11694885790348053,0.011590668174751396,-0.15430992988360404,-0.026542747250855113,-0.7118206609364068,-0.8226330085980162,0.14366005973420223,0.977867945939804,0.8760424424240028,0.5708478223727272,0
tur_Latn,0.011780793612409884,0.011845853072385011,2.334204556982823,3.728437752229051,0.15865996479988098,0.015759654956168573,0.05093499302681713,0.45514121619754605,-0.6361691155261482,-0.8475176147342812,0.14615696289219984,1.0184911157565815,0.9380682927416675,0.46537255230293245,0
vie_Latn,0.014696854368362612,0.014650087260200707,2.91198246642803,4.120901258956681,0.17722800374031067,0.022195314105981207,-0.09415729067728203,-0.027626048908810992,-0.6427972826817137,-0.8430077947295277,0.13281685555253597,0.9101908081090049,0.8256812465598389,0.7506965427418771,0
ind_Latn,0.013198135796623135,0.013236044138106688,2.6150316976696377,3.942621031639898,0.14918605983257294,0.014762112461062323,0.07927395469789633,0.42925228833759654,-0.6270482551561555,-0.8443386216692544,0.15238968591992727,0.9471063433149868,0.870796049263424,0.6107965407351943,0
eng_Latn,15.155880749181192,15.096624609866995,2.982326579180905,2.3900475824226493,0.11708065867424011,0.017104837261558863,-0.3980608694543026,-0.36566077254871077,-0.7316304255153209,-0.8152613708030445,0.2413336159971256,0.6721028934506089,0.5666152997664566,1.256614910409872,2
deu_Latn,11.382666886699688,11.398707627360972,2.23984541446071,2.013730747375557,0.12833893299102783,0.018320336129497013,-0.1367165462182255,0.22541754243584028,-0.603475570468611,-0.823107838712799,0.23266817663032455,0.8361403360030838,0.7636257532861024,0.7245850557747681,2
fra_Latn,9.71946367845193,9.715926619358019,1.9125655145575504,1.8947100697284625,0.11992670595645905,0.014517951423248182,-0.22043817171125718,0.11493964715209445,-0.6653796960002569,-0.8230515761497704,0.2841029971339782,0.7688666921958613,0.6999052024527391,0.8398709915461009,2
spa_Latn,9.424514008125504,9.480721374943622,1.854526245451882,1.8535446629825243,0.11438906937837601,0.013091789008490892,-0.18821354245007282,-0.00882755468762809,-0.7125664215844032,-0.8783287726255932,0.2686971197673492,0.7813228524940709,0.7279510580214871,0.8113872499268636,2
rus_Cyrl,11.29423789990991,11.330199410331549,2.2224446363708292,2.288614015859975,0.09765178710222244,0.009260167118363603,-0.22360276298312085,0.08198974594789028,-0.7247153510338701,-0.8571872841920098,0.2859709073161667,0.8263634414813009,0.7677497645099403,0.805522414390627,2
hin_Deva,44.64690464088605,44.47042487726166,8.785477570867227,1.6175136926827927,0.0520053394138813,0.01468971051135889,-0.07130961303851499,0.5486093454325359,-0.38342434338329684,-0.7050570553989868,0.15954395872312027,1.6089359666563723,1.1005868083982553,0.17625726811165246,2
arb_Arab,17.662226222828018,17.695549115410756,3.4755173640892987,2.7879005836814374,0.08330631256103516,0.008651631624285118,-0.14556196543358135,0.06564101605344803,-0.6332895766436152,-0.7747775562805627,0.2002403224310431,0.9584707258555694,0.8709503465996156,0.5777739724720796,2
zho_Hans,14.053398314958638,14.021539473638729,2.76538355085577,4.253571001798196,0.16691195964813232,0.01811242450267339,-0.5957464046145043,-0.7761479261165201,-0.8339120218882502,-0.8341363870806002,0.2880913494115607,0.790469245316129,0.6941503019355645,1.2401047381813544,2
jpn_Jpan,16.256558343107052,16.199149499477617,3.1989144567050354,2.979678076970227,0.10733858495950699,0.012369301056816218,-0.3076182151795354,-0.14397469638071328,-0.7031809608193772,-0.7870960925331557,0.23401580582476844,0.8436140401031916,0.7394377739044342,0.8432062885208202,2
tur_Latn,23.311266814552354,23.33985559136849,4.587117816902409,2.4908137967412918,0.17324776947498322,0.05527564628846438,0.06733880747528151,0.33086915574451103,-0.2817635945670159,-0.7951324962866396,0.17427786576336282,0.9850465755024217,0.8595529473510107,0.5376191732561908,2
vie_Latn,17.63239914984846,17.67470085755975,3.4696480864143004,2.5634996093470708,0.1715717613697052,0.03984225077163097,-0.08789314337705599,0.10799009772878043,-0.44107132514236347,-0.7901553893633457,0.17168810804308468,0.8132020608877479,0.7174280186443004,0.863185557239124,2
ind_Latn,17.063408899752137,17.128220128845552,3.357683973325806,2.1888551999072017,0.14814786612987518,0.03366769929428131,0.059371030439476766,0.3269544127468966,-0.3992359261234259,-0.8081733688169586,0.16982300757091737,0.8822716479359155,0.7777630628867555,0.6484243423426629,2
eng_Latn,36.94129215343045,36.79800961466182,1.6972688582389925,1.6262241811981022,0.10180585831403732,0.010817220847997775,-0.3299854272218084,-0.3459889773868047,-0.7687114836953146,-0.8348550943826332,0.2122981907519487,0.5622326174091331,0.4809755647890184,1.3210519422852212,4
deu_Latn,28.745866116372852,28.907093921780852,1.3207297449094886,1.627035620746223,0.0935242623090744,0.007100115920036485,-0.09513815373100747,0.26527363193959314,-0.6892573882666887,-0.8283641604656441,0.26428966712396595,0.7239811741533065,0.6781507356875598,0.8603445211418307,4
fra_Latn,25.885949349251685,25.92785785194291,1.1893307768974957,1.4215301638549769,0.083656445145607,0.005855249911492799,-0.18777388413216603,0.19039069062706387,-0.7439255428662618,-0.8380533137966083,0.3236524022379179,0.6368403163147972,0.5926336994021753,0.9861746676110734,4
spa_Latn,25.525043639366963,25.62344000958954,1.1727489524284485,1.4446799160401702,0.08513364940881729,0.00588350330307201,-0.15821881119327594,0.05049012358077686,-0.7821374082730941,-0.8787174316377977,0.29533180936612236,0.6603190565578353,0.628525819710396,0.9476343077655013,4
rus_Cyrl,32.8694413555007,33.01494043877901,1.5101875421329454,1.703862039217326,0.07727792114019394,0.0052930665337923444,-0.26304002015321054,0.06189998394149056,-0.759161969961351,-0.85344643406907,0.2988187429072303,0.6984315090163496,0.6653919280403099,0.9595800795568359,4
hin_Deva,97.29035901411044,96.97606440953035,4.470008679601825,1.401397854452369,0.04926811903715134,0.007742458630705804,-0.11611203952834367,0.4665131429401391,-0.5561039332226094,-0.7644420009778594,0.17366523782774304,1.5021109255745926,1.0788124204663598,0.2525951737532876,4
arb_Arab,37.28637156496329,37.202313699444105,1.7131235429203386,1.8421858828332829,0.07079295068979263,0.004660530336962319,-0.2357540977057761,0.1270615937921692,-0.710133871775585,-0.7918832351726832,0.20746490130229323,0.8858927946840486,0.8135272559670801,0.6416746540220019,4
zho_Hans,36.93647847343305,36.94325732502792,1.697047693556415,2.3591790407854565,0.13592267036437988,0.013289755508979942,-0.558602965154964,-0.7145667390659799,-0.8798618414139542,-0.8406632302304267,0.28105622002950326,0.6756882697376317,0.5951658722273291,1.2171232474098235,4
jpn_Jpan,32.56050353425134,32.51649302613262,1.4959933839816568,1.682343037855396,0.0876954197883606,0.006838627613634994,-0.40047051765321595,-0.3457028496698053,-0.807254448012767,-0.8074224880082295,0.30338695145111166,0.7262027583167272,0.6438644504380595,0.8871217186005232,4
tur_Latn,60.00294282747043,59.85958651285426,2.7568371415048913,1.7809804844834736,0.10893932729959488,0.018370514897174256,0.05233607661587714,0.3181028223623475,-0.47649032235888944,-0.8154440569109099,0.1832243578507288,0.9827934332827337,0.8482102229490546,0.5256488984887356,4
vie_Latn,34.3011050582264,34.41465841811585,1.5759653770829285,1.518856336873375,0.09362461417913437,0.009095155589416438,-0.10613902981451089,0.050552870674703695,-0.6620252510083717,-0.8213710627416079,0.22370051861732443,0.7249797916246484,0.6602743161281575,0.8522701684347598,4
ind_Latn,41.86015305826259,42.027729730288236,1.923266080997363,1.8041407928013498,0.1126282811164856,0.013522717120290805,0.06529099927354792,0.3868819196319432,-0.5351688284343121,-0.7995879559766533,0.19123495924616496,0.813692575869833,0.733852578229282,0.7342417971648444,4
eng_Latn,67.95068068934711,67.77616997913249,1.6587788087963706,1.300852701257306,0.11558685451745987,0.017036377928331233,-0.32672231804681373,-0.32054034474672544,-0.7175464640467755,-0.8095614980149145,0.20930656697708583,0.5166873477835789,0.43695683512292566,1.275936598328634,6
deu_Latn,37.89043455887171,37.917096346112274,0.9249627710086439,1.2486707270605761,0.09110266715288162,0.006148065398944238,-0.2375856620748485,0.22662315361953742,-0.7363918626237661,-0.8276206771287068,0.2698822123701555,0.6371772762059327,0.5953666474824614,0.9136093213692598,6
fra_Latn,33.14138142909194,33.3184678901752,0.8090312069152504,1.1239545205349226,0.08811080455780029,0.0055882375792351766,-0.20689105111637338,0.08671130129892782,-0.7641562322128739,-0.8255330584269918,0.32595761348037433,0.5565352695266663,0.5194922536591344,1.0350970823457049,6
spa_Latn,34.52948842949754,34.69093126628911,0.8429169966270771,1.1596883121012624,0.0917300283908844,0.006115986383186833,-0.16190461635064482,-0.028065272513296685,-0.8131196150359132,-0.876826607814511,0.2910184438155898,0.5792109340843414,0.5511235290509492,1.0024993836978882,6
rus_Cyrl,38.98911449863567,39.138850959280745,0.9517832087620489,1.2497387649268188,0.07711136341094971,0.00452851280140004,-0.28538272686311505,0.03648706591466902,-0.7900515844667046,-0.8577234570053268,0.3133727123631289,0.6049512818294637,0.5762438981683777,0.9996500690609884,6
hin_Deva,161.2908408157014,161.06544309945915,3.93735318151093,1.2105970864777622,0.06562483310699463,0.014006874919050536,-0.10277723950162107,0.4882785958377342,-0.45484578473103415,-0.7581321453481726,0.15233886640255467,1.550168746596445,1.093604140184287,0.2749716939067369,6
arb_Arab,47.965056866751155,48.03737543171872,1.1708995272177327,1.4049390409480795,0.08278817683458328,0.005712140091891058,-0.19271761872967405,0.15073829305963624,-0.6847506873161145,-0.7821366726330718,0.22407911124510604,0.7771435982245618,0.7174851729742187,0.7369205223989773,6
zho_Hans,65.63298211012027,65.81751177348978,1.6022002837632627,1.760370025142058,0.1395166516304016,0.017715970536932673,-0.5459760535149097,-0.6871444911550937,-0.8637604642882141,-0.8145658057442638,0.28134323449856125,0.6262281964634124,0.5440568711089219,1.152735164906528,6
jpn_Jpan,47.3302543942833,47.13603586879339,1.1554030394943022,1.3553361840326337,0.08952921628952026,0.006833073257129471,-0.48605725547481643,-0.42397678585167586,-0.8322067763449816,-0.8241225239358685,0.3289562271246904,0.6773087137816323,0.5992259092697639,0.8894418017458758,6
tur_Latn,89.46041383695338,89.20817550377794,2.18386390236936,1.5589745964071144,0.13231833279132843,0.024525987465407708,0.05781221666552412,0.3702104696395971,-0.40900601846373374,-0.806126114931701,0.15669397297467255,0.9291690098043698,0.7904480490420073,0.574879017456385,6
vie_Latn,43.82093653385823,43.826810569426144,1.069735286925102,1.1592272951437173,0.10049840807914734,0.009320218581187416,-0.1508354088906347,-0.002171095469361629,-0.7000763848858665,-0.8275920089099814,0.2273778679537055,0.6403648399308925,0.5844454385449697,0.893204544790621,6
ind_Latn,46.25375006003813,46.393074999961875,1.129123941785377,1.3529126476485438,0.12582102417945862,0.013212295373931699,0.05532604392377936,0.42770969305046763,-0.5727928449891277,-0.8151852529055569,0.20114399843525335,0.7027251016967269,0.6386588877433872,0.8290394355546203,6
eng_Latn,113.88961489422766,113.14247461583261,0.844784751551447,0.8695460440407501,0.12158740311861038,0.014362519072805918,-0.40775552638205037,-0.378728563215784,-0.74861629374899,-0.7874877137925681,0.22527278668834005,0.41695188303400343,0.35758902271369025,1.2728927678423865,8
deu_Latn,69.95257341557168,69.75124541667105,0.5188784544415316,0.7079062807937859,0.11150816828012466,0.009113878468774947,-0.3777879957812503,0.23721449932170446,-0.7396305146298852,-0.8189246843418629,0.2896510162161884,0.47686571293810803,0.4469780087376507,0.9512472373299088,8
fra_Latn,63.05662933931518,62.76373810483192,0.46772727258370017,0.6547024699535059,0.10380783677101135,0.007698550347014564,-0.4493759251545407,0.11579905953948479,-0.756268964840073,-0.7913910672135867,0.32453556858641763,0.4106209009626486,0.3851987836024077,1.0579270868541248,8
spa_Latn,62.22763938571906,62.15146861134211,0.46157817749159935,0.7147875090596021,0.10832643508911133,0.007577697054540121,-0.3823928235925534,-0.03105884280070577,-0.8142833694335326,-0.8553358508132555,0.297359965441235,0.44742632783170816,0.427588009957278,1.0205473659894013,8
rus_Cyrl,66.70084233966786,66.78219091611973,0.4947584955530872,0.7003442730684896,0.10309268534183502,0.007508226034351733,-0.4971353437362658,-0.09653868043515342,-0.8038841999714819,-0.8384986450286457,0.3209820138095745,0.44888027939394015,0.4285054469587962,1.0167147265625387,8
hin_Deva,301.6014669468443,300.4567791552523,2.2371514782877315,0.7891505558344636,0.07396409660577774,0.015508770774608637,-0.05977169847520219,0.5576978175998891,-0.4008991847392892,-0.7324360947776456,0.14751396421586419,1.3342721563973294,0.9395836314286473,0.39678416637208447,8
arb_Arab,90.26673159957276,90.22785195400184,0.6695602447907756,0.7976131094480289,0.0989455059170723,0.008218441618787906,-0.32166271283476194,0.14509767804512122,-0.7129703085146456,-0.7882378439287226,0.24352847103360428,0.577027811541159,0.5360661122098231,0.8393108232801693,8
zho_Hans,112.9397972353844,112.77763191396735,0.8377394079027721,1.0959436262524207,0.1483038365840912,0.016812232339476568,-0.5857190046308137,-0.6736791367414169,-0.8831173594652032,-0.8235145083058496,0.2690913925142959,0.5141143616429776,0.4542437391750477,1.1303098772305302,8
jpn_Jpan,92.03816606664111,90.85109631914361,0.6826999926733356,0.8488301518924405,0.11690988391637802,0.01099288550831731,-0.5668651553082499,-0.45345699798286626,-0.818693147200761,-0.8154360807681296,0.3312631641051325,0.5389314688732948,0.47909807567520674,0.9279644756774997,8
tur_Latn,142.31839908946841,141.38507171079578,1.055657388319871,0.8731074774083271,0.13199812173843384,0.02106642153034317,-0.025836112677266865,0.36655348376055086,-0.4938298014220049,-0.7827625511540561,0.16847464383791205,0.7417837095814984,0.6345716058576792,0.6843479277592291,8
vie_Latn,86.0738278750105,85.46050650048225,0.6384590672644215,0.7108811569444675,0.123918816447258,0.013791472141199874,-0.333128165864486,0.013025791807375769,-0.7248973638981314,-0.8176248897717903,0.24601780028209158,0.48129248970167715,0.44354210231242736,0.9541192716798934,8
ind_Latn,85.92139140231663,85.48693876882473,0.6373283583070537,0.7235632794347967,0.14192752540111542,0.017742711912993033,-0.2328032581390725,0.38653751291782495,-0.639138102046182,-0.8100287048124002,0.21854214510437617,0.503853188347833,0.46099818105234475,0.9088256255742911,8
eng_Latn,136.10332827035927,134.43079895617745,0.49967210916776733,0.6416372886746352,0.1313173621892929,0.013428880150596944,-0.37902131877107276,-0.32133634406369993,-0.6784437326821935,-0.6826786014564022,0.2502823969920158,0.34110761528767614,0.2995856300642952,1.2835925078230288,10
deu_Latn,96.28986582478669,95.85848625710548,0.35350612626150346,0.4676432113178598,0.12044565379619598,0.010966413785159786,-0.413537431856884,0.17182923568493833,-0.7173005198834632,-0.7788393511153489,0.29953986878026656,0.36739532848783374,0.34508892173153544,0.9618907097044721,10
fra_Latn,81.70374929502822,81.20420816799292,0.29995654960079443,0.44032177441481324,0.11481556296348572,0.00898027773881486,-0.45592081384265365,0.05295614975888382,-0.7105334135733217,-0.7263159182286891,0.33644452130843977,0.3085633092857565,0.2924042652386271,1.0838493982166562,10
spa_Latn,80.7264614994788,80.63282871185109,0.29636866192551237,0.48532075124593094,0.12456715852022171,0.009475682992864713,-0.33937718875054473,-0.005433096740543964,-0.7461536399799868,-0.7734037330590035,0.314913909033186,0.3412261914234171,0.32867049676356347,1.0476274865147692,10
rus_Cyrl,96.29638839519332,96.63950366969632,0.35353007238063,0.463184154252203,0.11883395165205002,0.010778385648351053,-0.510785969869071,-0.09345356885010722,-0.7532002970233923,-0.778254925664337,0.3356392629230497,0.3472543014186453,0.331720462062661,1.0148298533537405,10
hin_Deva,361.5359362811788,359.06713960766587,1.3272961515144825,0.6053382146121548,0.07736145704984665,0.013122575367583118,-0.06497558979274136,0.550835050967423,-0.3778628073323654,-0.5569319834057425,0.1685158195185603,1.2409685602210425,0.9072103245518758,0.438421939444037,10
arb_Arab,116.01452393816743,115.75961026596205,0.4259206781124922,0.5332952179310501,0.12284780293703079,0.012053017635414122,-0.3995329303642641,0.053387424024494,-0.6702584022847727,-0.7113122070323832,0.25596677186693284,0.4528267980671079,0.4246791862231605,0.8723013585052146,10
zho_Hans,137.6180367907097,137.0956938632958,0.5052330135979254,0.7830292428429527,0.16448147594928741,0.017456120545531608,-0.5720563115918103,-0.6153808747390493,-0.8385478306986429,-0.7747388155450482,0.29534997985209327,0.4198579568059295,0.37859363830428877,1.1566784341635044,10
jpn_Jpan,125.62582976954151,124.01824482287009,0.4612063799219243,0.5888308866342319,0.15402847528457642,0.01858261608807209,-0.524571966716244,-0.40896264862385406,-0.750131224114436,-0.7622942165027964,0.34241089903558974,0.43428401785517895,0.3919276170067855,0.9551674348452012,10
tur_Latn,198.66805020503693,196.99226399319406,0.729364115718084,0.5925196500351108,0.1278497278690338,0.020120611703866174,-0.1455108756475765,0.2967402097641889,-0.48825594107137604,-0.681994613425359,0.19875275894040578,0.6435166881593852,0.559620511845596,0.6966093466728167,10
vie_Latn,115.42049866664118,113.7980383101602,0.42373985076539844,0.48729176899665144,0.15693429112434387,0.02141637113839598,-0.3581023696953447,0.0474445767706093,-0.667834352740408,-0.7415898814331681,0.26027393674827526,0.3676534981240368,0.3435469827220737,0.9932981884130224,10
ind_Latn,102.25578668078785,101.20292577039115,0.37540863441563566,0.47446172326660235,0.16184327006340027,0.020724898221327198,-0.2676900889054551,0.3354358412901985,-0.6034421322615068,-0.7231429506569147,0.2396392014848359,0.3785813373873061,0.3512684673013656,0.9384667734300822,10
eng_Latn,154.16483525469437,152.64964886951051,0.4496916710239245,0.546286604371732,0.11331228911876678,0.010569349908828648,-0.4471173916201166,-0.38131059038961057,-0.7096499910460379,-0.6943561484331919,0.3051908977630207,0.3099486073727737,0.26972822300214544,1.261355818174155,12
deu_Latn,102.92159118128926,102.3224992582374,0.300217505803392,0.3962686191431956,0.12142124027013779,0.01116954928830975,-0.41800479995279527,0.1815941099005058,-0.7016682601697477,-0.7570454049385524,0.3262918745666254,0.32245052098591465,0.3022413422787542,0.9728840536721924,12
fra_Latn,85.35084687761663,84.84702652584033,0.2489644599709959,0.3653158231272144,0.12032677978277206,0.009867189639541496,-0.45595828331964344,0.017821058607650465,-0.7076864782300797,-0.7189535860518014,0.3415866358172836,0.2688156435403074,0.2538162747374746,1.0802790007623686,12
spa_Latn,89.0098947572857,89.1080366835136,0.259637732852237,0.40795527893091327,0.12484080344438553,0.009919011286682707,-0.35727996553491864,-0.013316684284317946,-0.7432804521147418,-0.7672310466906154,0.3336424217138732,0.3012351814524183,0.28950635725497165,1.0508487067497936,12
rus_Cyrl,114.96509490991298,115.60467603366132,0.3353478473482726,0.3833686273406946,0.1241866871714592,0.013490530746605594,-0.4841784083580551,-0.07602421916738943,-0.7302377778032296,-0.7649099634300164,0.3549475660680449,0.3021874174463388,0.2890118510363502,1.016774914421268,12
hin_Deva,412.71360325904516,410.189616546572,1.203866430351948,0.5327997453554253,0.07942720502614975,0.014254527835302719,-0.08043267185475943,0.5811547204086608,-0.37571915491258395,-0.5589891702010515,0.17607817951024093,1.1005905363932582,0.7810800988388327,0.47516532988246035,12
arb_Arab,118.03035882690605,117.98353047086454,0.3442890799626018,0.44299137303090186,0.11954697221517563,0.011107213947665014,-0.4401644678914069,0.00864785001357018,-0.6846773937355481,-0.7116015540768732,0.28025790629346015,0.394806601486549,0.37009718467273356,0.8900196662008261,12
zho_Hans,163.63415757871059,163.63858262381427,0.4773132448563484,0.6783438902967854,0.14710141718387604,0.015226055867340396,-0.6261459347873239,-0.6721588819383278,-0.8476410207803541,-0.7624884382495817,0.33674756214422363,0.3837516810937895,0.3445207508151985,1.1527764261180773,12
jpn_Jpan,142.33900741502785,140.68486745597738,0.4151962799467369,0.5144561981035333,0.1505272388458252,0.01828669689709467,-0.5178535783405812,-0.4348887453427015,-0.7430672017297829,-0.7588259947886178,0.36796694192541574,0.3935630111903351,0.35409172650432713,0.9647754595164605,12
tur_Latn,198.42659799530315,197.09827737558192,0.5788011791449261,0.5093106494518485,0.128237783908844,0.01868867850102604,-0.13575981156834735,0.3407685087762019,-0.4871682031747494,-0.6657650555423665,0.21676427748053137,0.578096687190913,0.4984007181094245,0.722720773039199,12
vie_Latn,118.76252450540377,117.08308803276168,0.3464247732735054,0.40450153772903596,0.1558387130498886,0.02079885767240785,-0.3576275358818376,0.022912315670724662,-0.6716708318095636,-0.7424164852694108,0.27522309523047495,0.322168674783554,0.3014606118601973,0.9956254972437584,12
ind_Latn,100.13485431462797,99.17455072169875,0.29208872367092625,0.3872610689974989,0.1622624397277832,0.019858523267753114,-0.2649911419835429,0.3182208697221878,-0.6016225823703207,-0.7086750689922782,0.26335671515988535,0.3269361860591801,0.3030503824499247,0.9451949866406629,12
eng_Latn,172.4812875644458,170.6007354838192,0.40090562784782013,0.486790776355547,0.11262158304452896,0.010445832758747066,-0.4289138625911484,-0.39581548566795594,-0.6994036999086668,-0.6758784775903006,0.3128127007162958,0.2881583118797891,0.25044408018574643,1.247788809912839,14
deu_Latn,107.04574949147587,106.4306276408459,0.24881101025110208,0.3494572471266406,0.12071235477924347,0.010374781309543285,-0.4085857697267644,0.19105764791779792,-0.682509406246736,-0.7285582555170254,0.3260173523269625,0.29166272592353576,0.2740381971131789,0.9768540594646736,14
fra_Latn,91.42123056099275,90.79857319347292,0.21249427317140568,0.31870201947917537,0.11914578825235367,0.009464982432612849,-0.4459915901814031,0.008690751008124938,-0.6924353291544967,-0.6967291240967678,0.3403577272184764,0.24234871067998806,0.2294415828215565,1.0790285309822942,14
spa_Latn,96.11792944938452,96.45799556312829,0.22341101111585848,0.35717656405308085,0.12297578155994415,0.009459338294830207,-0.3348725051321743,-0.017781257430935397,-0.7281487189593076,-0.7447452317745603,0.34369035984064095,0.27289792993976636,0.262585994904726,1.0511345869969906,14
rus_Cyrl,126.27429086886124,126.94298845922496,0.29350473072566746,0.3369569992557792,0.1280680149793625,0.014286371648228205,-0.4717875788435699,-0.0540626878583453,-0.7090922477568199,-0.7396365376283212,0.3562024494315069,0.27480216054598655,0.2632991722039515,1.0158833511635905,14
hin_Deva,445.40426698599003,442.58348891118874,1.0352721725560954,0.48739270515857286,0.08027517050504684,0.01368793746964033,-0.07313171820078836,0.5688566532589052,-0.3677256467837681,-0.5338765400894661,0.1852760940711726,0.972320371612081,0.6890760643508863,0.5072000936525889,14
arb_Arab,127.04457552837144,126.92510507203288,0.2952951362786588,0.3891708783690205,0.12072376906871796,0.01105863470675839,-0.43182446454853496,0.02607307043808427,-0.6684390171669473,-0.6858044422589896,0.28438726256047925,0.35713449385686014,0.33593448471489734,0.8998094699472201,14
zho_Hans,201.74639435226175,201.25731792044957,0.46892776622859444,0.6087404182180378,0.13849687576293945,0.014775893699355582,-0.5990556388680602,-0.6585070419990687,-0.8396950842395056,-0.7366806499755871,0.3577872886646492,0.3583113654914951,0.32160421067774514,1.1485594340171073,14
jpn_Jpan,162.30357692381997,160.3048292684382,0.3772491400510847,0.4644335160623486,0.14514972269535065,0.01711343841732344,-0.5291590661397042,-0.4190115073229928,-0.7298784680217898,-0.7283127514577098,0.3795288086847047,0.3665799791798745,0.3317520800354971,0.9684736853829113,14
tur_Latn,222.41800040855512,220.51392729535303,0.5169756636071701,0.46374771500454626,0.1314898431301117,0.019274035966621687,-0.12796142753665837,0.33465134520348844,-0.4621403420350168,-0.6360312073274644,0.2198311984302615,0.5306281876405854,0.45980774078089603,0.743982053260429,14
vie_Latn,123.18241123462303,121.58923913051657,0.2863181427572131,0.3542881067721537,0.15323525667190552,0.018976216375463914,-0.3534397670415052,0.017547717639239763,-0.6653693345038365,-0.7186633236275805,0.2774935463865737,0.2921701720904618,0.27471775824727823,0.994991262106523,14
ind_Latn,102.99053768558088,101.92434635804328,0.23938530814709394,0.3357194807097707,0.15966404974460602,0.018177544546173825,-0.25524732889082274,0.34272502661423687,-0.5920390224684471,-0.6887646289857825,0.2670542711579335,0.2940597431006284,0.27418299261298273,0.9462213007883137,14
eng_Latn,216.97652575570453,214.8100193273049,0.4501499388324513,0.504182904082639,0.11231712996959686,0.011263180005094154,-0.42018530017407607,-0.4278458428621452,-0.6821774683301685,-0.6523193980369036,0.307489096889631,0.29590964492183985,0.25346731862799743,1.2491446967190534,16
deu_Latn,149.52097541045526,148.60624128666757,0.3102034088745903,0.34788436445440324,0.12111980468034744,0.013081030541002004,-0.3972202973024198,0.17663729532756467,-0.6573241602993678,-0.7066294790613157,0.3235543073557452,0.29130435400100363,0.27035588660270027,0.9737917488318756,16
fra_Latn,124.81986745764132,123.416607104184,0.25895730197281347,0.3166282634935164,0.12895981967449188,0.013601515229926147,-0.44181915467818134,0.029519456309387404,-0.6762380863832067,-0.6902007990129164,0.33576385323729796,0.24160334228712868,0.22660340691399303,1.0778567872944251,16
spa_Latn,125.63850697000623,126.10683600224017,0.2606556908890034,0.35493972027904075,0.12907437980175018,0.012234683776007543,-0.2650624969361256,0.026473037675452418,-0.6913259204102193,-0.7340768371310987,0.3460089585256484,0.2720384682464746,0.25935162479117696,1.0515687053650558,16
rus_Cyrl,161.60482227831216,162.50463919749893,0.335273138927098,0.3334946993963544,0.13525065779685974,0.01839029270029573,-0.4593691537574254,-0.05898393928677406,-0.6862845964685464,-0.7225807536994139,0.35403384780057484,0.2734089597262977,0.2592589160832604,1.0146889202959197,16
hin_Deva,547.8633891289866,545.0223051938735,1.1366237441861557,0.4797275722764827,0.07879102975130081,0.014708746743689334,-0.04588621298160307,0.5880378737561099,-0.32055356580439964,-0.5236965069768406,0.18178181019338233,0.9591584830680586,0.6585931659128009,0.509749232123897,16
arb_Arab,169.60846853395878,169.27911572534157,0.3518778884955945,0.38428844694572906,0.13125841319561005,0.015775706137790023,-0.4115538284987427,0.029833821429520235,-0.6350641012512507,-0.6682362380588529,0.27622487862790085,0.3529352864501914,0.3285319935853698,0.9019396327810252,16
zho_Hans,245.07142198917893,244.74442932790555,0.5084369621726712,0.6297644425265583,0.14330627024173737,0.01658018537466327,-0.5946811968160506,-0.689356998246835,-0.8243287860866255,-0.71272404666938,0.358324059233285,0.3663678828593532,0.32427931758740536,1.1479689330127893,16
jpn_Jpan,231.3796808160251,228.50474672631285,0.4800314172403852,0.474126283232946,0.14670796692371368,0.02179129250939187,-0.48242723788091535,-0.3934226805776482,-0.6908663654191803,-0.706277045063659,0.3763591757011742,0.37331497885009063,0.3315350802364403,0.9642621123915649,16
tur_Latn,269.6703186783158,267.61426086896455,0.5594710166695532,0.4580875662777114,0.12522746622562408,0.019152621851183133,-0.11469594512670109,0.3333683354431065,-0.4492848173627063,-0.630340610702559,0.22488035329081235,0.5232845867519453,0.44834154471106874,0.7463166291272156,16
vie_Latn,168.24590375356814,165.83534980291745,0.34905104605071785,0.3507144915081002,0.16795949637889862,0.028076590649185496,-0.3331298515847551,0.02946393808753203,-0.6161880017989619,-0.6965013679417338,0.2710722131987177,0.291191975271021,0.2710805718612668,0.9923465363807595,16
ind_Latn,136.9579890825189,135.33161481502918,0.2841396330473345,0.3350167814363557,0.1733408421278,0.025483968026378388,-0.2430861278155971,0.3299004989955985,-0.5540942330590013,-0.6710846159151721,0.26253915538133615,0.2921408851637398,0.2694539040785343,0.948116163206211,16
eng_Latn,267.99329143442577,265.2172365632347,0.5245117480173097,0.5355015318973607,0.12903942167758942,0.01630945072359337,-0.40975619935607716,-0.4021280346338773,-0.662786797276991,-0.6517276901421527,0.3022118423577764,0.30584699644365604,0.25983571088033863,1.2609052179394284,18
deu_Latn,173.4707906860908,172.37097745649356,0.3395139750166832,0.34860586958781603,0.12413600832223892,0.015007851127438672,-0.35420111704249596,0.24751580477240692,-0.6314916890419703,-0.7071941395241805,0.3250343173719759,0.29394190845416945,0.2725222182692214,0.9675794868032573,18
fra_Latn,141.4693757667727,140.02335826587046,0.27688136959392456,0.31860516701842717,0.12873512506484985,0.014402410242602224,-0.45583772329403577,0.0560831878739776,-0.6766203271314992,-0.6923173672225739,0.34019179677414263,0.24347510367046385,0.22772108621432907,1.0749094353527988,18
spa_Latn,144.87744793666576,145.08397717765732,0.283551588395417,0.3593725712190738,0.1301664412021637,0.01336857783559259,-0.2983119832167954,0.01721764758263007,-0.693985043593648,-0.7368282582943666,0.35043229324041913,0.27558637222778654,0.262123976630566,1.0488749309735927,18
rus_Cyrl,211.53839444359252,212.16559022559622,0.4140192183487282,0.33944368556634363,0.13389737904071808,0.021867385247078895,-0.4749449842027016,-0.07414325961364082,-0.6801092319500055,-0.7235209478381417,0.34790278422070636,0.2780309480342437,0.26240241091327715,1.012109804083894,18
hin_Deva,604.8975923847504,601.7618491809375,1.1838949096635147,0.4754076445224822,0.08357667922973633,0.01739470981642157,-0.07923046933373054,0.5979315599632625,-0.3224202448709769,-0.5164929656491867,0.18297080031356872,0.9667364872404017,0.6530018411917105,0.5066734945516937,18
arb_Arab,205.8453516054858,205.38381240320723,0.4028768952160484,0.3851423711444783,0.1266009360551834,0.016765822524825155,-0.41768544845365885,0.05864114302489283,-0.6372214202504569,-0.6701629454046223,0.2742347683536978,0.354335565206306,0.32830586962267577,0.900162365722515,18
zho_Hans,321.2378682750366,321.25602318088596,0.6287210956529544,0.6543012486000176,0.15243972837924957,0.02232937437901314,-0.5988294166073974,-0.7214231607588055,-0.8219475071024218,-0.7178429023893649,0.3473077472286982,0.3722445675113066,0.3263969096366082,1.1585372136450676,18
jpn_Jpan,307.8041965758475,303.8645589957769,0.6024289501014065,0.4977347302468569,0.14893053472042084,0.026845742180882703,-0.48459888198287593,-0.4165129693835594,-0.6739459200791982,-0.6997323547722153,0.3676817963904793,0.3845580932537621,0.3374781626973669,0.9636844241604441,18
tur_Latn,372.0974933565021,369.2801102066653,0.7282626577278837,0.4682049303288748,0.13084766268730164,0.026630790532660598,-0.19321458849635564,0.32467576813546617,-0.44484117199045214,-0.625781022397589,0.22657556473436688,0.5300903730496096,0.44988867396792004,0.7433130244364599,18
vie_Latn,206.37263583554386,203.65860238415982,0.4039088866204952,0.3547643242115275,0.1663282811641693,0.031497469242228925,-0.33499332644146984,0.06622000390431745,-0.5979973928224563,-0.6969411044739655,0.27332949064418,0.2945041949008538,0.27246077507721533,0.9883225594547058,18
ind_Latn,162.91440872949175,160.69256360762722,0.31885321025217056,0.3357212834783172,0.17750497162342072,0.02992491696957101,-0.23802596419514832,0.35384262016558893,-0.5370910127998292,-0.6727444092241677,0.262281977741105,0.29404092783664015,0.2703607716247432,0.9448344702519146,18
eng_Latn,645.1319027695158,639.2487084092814,0.7720217292688535,0.6296419762086373,0.13370585441589355,0.021919798255503692,-0.35272886126292796,-0.3459297660226013,-0.5542744498871853,-0.5407427588146766,0.3139199437176411,0.3252530366533733,0.26073815195084526,1.3221374347630452,20
deu_Latn,591.4982171589453,589.8473459319769,0.7078389310931945,0.3486157085832472,0.09054282307624817,0.01664545176848819,-0.14698036872004552,0.25773707873021484,-0.458026542561307,-0.6522357359467975,0.3478535094635927,0.3026054143042847,0.2704217843894655,0.9459262293442362,20
fra_Latn,476.4021626543111,473.0908413761346,0.5701048419104504,0.31847239851759745,0.09654492884874344,0.01668560142054396,-0.27788910273874873,0.08110000135859205,-0.5383714077760594,-0.6382573481606251,0.3571339380621139,0.24546788524747168,0.22418142142833344,1.0648483707532097,20
spa_Latn,472.7602103943582,473.74790786931067,0.5657465606511093,0.3655618033153561,0.11417939513921738,0.02017606950879445,-0.1498293179865496,0.05190555368449797,-0.5293973491040649,-0.6741351098778743,0.36898993475106373,0.2779920697685028,0.2583276680867235,1.0487026885287303,20
rus_Cyrl,581.2423871858837,582.8618175894204,0.69556590048209,0.32695734745353533,0.08962992578744888,0.01709044033048063,-0.3915436168498208,-0.09929001094114615,-0.6185523528190024,-0.6779465493771419,0.35469727217591984,0.27865857618236095,0.256075896376247,0.9862227324946007,20
hin_Deva,1280.0178345838003,1274.5902203300125,1.5317822260968086,0.47530554382347445,0.06951731443405151,0.015574355388737143,-0.11998641748175785,0.5562911783858228,-0.3130354944910508,-0.45300974189860205,0.20514204271644576,1.0309280415157762,0.6464541400200591,0.49002672258985824,20
arb_Arab,705.2730489088482,703.0446223338314,0.8439919286085166,0.3891929904040329,0.08910711854696274,0.01721861092346318,-0.34728095997482933,0.00980755725418039,-0.5708311163530176,-0.6076340619917899,0.25760350830843987,0.36136215690660684,0.3247148230677651,0.8906959057156336,20
zho_Hans,745.0258070041939,745.3422314776227,0.8915635847554608,0.7337437656587217,0.15271377563476562,0.028337683976962562,-0.5114036987679546,-0.6773676051453974,-0.7544414628161674,-0.7088498542800693,0.36095625503433254,0.3832937777771239,0.3215087150925691,1.209055066994272,20
jpn_Jpan,844.8044932701532,839.7555925800855,1.010967560259585,0.5327426617808315,0.11527728289365768,0.025217804278901836,-0.38308639675450057,-0.36439826275552645,-0.5705636038078215,-0.6425084264914045,0.38167913563456557,0.39872991422879644,0.3340914412317105,0.9689857551962765,20
tur_Latn,848.2967785520294,845.6525257151814,1.0151467368137748,0.4544123942447513,0.1068190336227417,0.02549035490932889,-0.054606638331646216,0.34789348851538077,-0.3184035295189441,-0.5739528236697417,0.22957349783721043,0.5455381929067202,0.44533011518158977,0.7216052298004452,20
vie_Latn,661.6670144254059,654.4669313499553,0.7918091021137437,0.34767430230440105,0.12638598680496216,0.036378584737709836,-0.256597804144888,0.06169784191408522,-0.47488488777332605,-0.6180563339498238,0.26867816598989863,0.28787504474196673,0.2607216152646174,0.9924063393828768,20
ind_Latn,538.2847497959078,533.2884775050431,0.6441590031317322,0.3257564533586415,0.13381630182266235,0.03540936327581125,-0.17275563474286035,0.325321184113947,-0.4061657668283124,-0.5847677451438735,0.2859626785292698,0.29502862286165493,0.26515483410090973,0.9269305056832128,20
eng_Latn,1260.1607834175084,1248.8818716684486,0.7602895026557899,0.7281211873192438,0.17037682235240936,0.03031072686729204,-0.2966972557770944,-0.2757987615325597,-0.5015343538573654,-0.5156361043098138,0.31431869151519126,0.34484014289921205,0.27283557859692276,1.371470468951798,22
deu_Latn,964.1825310627328,961.4196289089768,0.5817177194032818,0.3630117948864147,0.1096244603395462,0.019257790484647753,-0.08726681013466929,0.3333558150851134,-0.44012041170044575,-0.6744622315634962,0.34657204403770836,0.32339074251271743,0.2856643581604269,0.9217980422568566,22
fra_Latn,967.9177221102459,958.7167310662478,0.583971262428273,0.3355487026006581,0.10887620598077774,0.02063012171227089,-0.2548073848544321,0.1016903842539352,-0.5162463009049384,-0.6622653326361785,0.3636832424408913,0.2604706284652404,0.23315510850863386,1.0486425629395217,22
spa_Latn,942.999792167645,943.7624000249125,0.5689375930643573,0.3740795694866766,0.12127485871315002,0.022368771795526005,-0.1576837063131458,0.030769893765125695,-0.523841619245192,-0.7020802833384996,0.3915904195919964,0.28583410182006436,0.2620602369692371,1.037204204206415,22
rus_Cyrl,1159.1946434216557,1159.353580332836,0.6993738660381021,0.36171366524407134,0.10427194088697433,0.021022259786646163,-0.3577666431944985,-0.12283287315165192,-0.5989918903962032,-0.7101679914812603,0.3506483992866647,0.30526537447592306,0.27253607219427783,0.9728729938914038,22
hin_Deva,2218.826726003186,2208.896852235106,1.3386789131918473,0.5123052036056258,0.08516445010900497,0.018952403671062625,-0.13227118409853508,0.5041919466296614,-0.3109522184599843,-0.43602151413440715,0.22763875869101566,1.1735967068329927,0.729814223909846,0.4554528031250194,22
arb_Arab,1557.6973192454557,1552.3514402473957,0.9398014409920021,0.41146488919049695,0.0846635028719902,0.016371774828695878,-0.4077458808982472,-0.07437302127790041,-0.6244364715109298,-0.6546408632503447,0.2684662072209908,0.38008133095751134,0.33736687068738325,0.8803402455101784,22
zho_Hans,1645.1259659725538,1645.217430081838,0.9925495372767851,0.8282043179943105,0.1802242547273636,0.0389261255404703,-0.4809592657751416,-0.6466620326004453,-0.7196176510657879,-0.7273832766836007,0.3479890049871911,0.39723855062008784,0.326089340157199,1.263558186735694,22
jpn_Jpan,1610.1682279154327,1601.1916782747135,0.9714585767968521,0.5834052378294521,0.12940527498722076,0.027884176671061186,-0.38782250706415566,-0.3691116689760714,-0.5817725243816785,-0.6689226652346598,0.40725883453068457,0.41282453401703306,0.34235464375760366,0.9843112186898683,22
tur_Latn,1434.4703729598994,1429.4318951441396,0.8654552504597444,0.48138053180885765,0.1227225512266159,0.027077267379338806,-0.0874099432142653,0.31759623221016364,-0.3496510431520617,-0.5849489555724201,0.24879653918751332,0.5984686244447204,0.480245996006066,0.6871702854090276,22
vie_Latn,1203.080203140075,1192.7417902435438,0.7258512257616775,0.39007474666907077,0.11464673280715942,0.024458121370759908,-0.2052872202253679,0.05193865877033279,-0.47991880694445865,-0.6471077678487419,0.25840190805238417,0.3026482531324104,0.2666089135357672,1.0169099538218775,22
ind_Latn,1282.2319833968002,1268.8307860459845,0.7736056618920456,0.33863427942068863,0.1345721036195755,0.041371263365837845,-0.13035704088207972,0.3504399162187047,-0.36252838377229113,-0.6134027271450264,0.2948529349122648,0.3147155171174077,0.2762407183361359,0.9035793078515805,22
eng_Latn,3822.1830848485274,3789.5001848433612,1.0883675653802665,0.9102067146165579,0.20414718985557556,0.04983359935712685,-0.2527496761774992,-0.2549805657162715,-0.4092828706055693,-0.37559424315112416,0.3042018499035537,0.39077127585078836,0.3000729988862946,1.4018427941047804,24
deu_Latn,3669.1867515194817,3674.004336743866,1.0448018221594548,0.44673645058492156,0.1030387282371521,0.024830386870226605,-0.061138067159873445,0.3270119531155459,-0.3901551797861146,-0.710793974128055,0.38373642391896784,0.387316429893669,0.3376006331784635,0.8939697852183326,24
fra_Latn,3262.047904949999,3242.039759906389,0.9288689363254109,0.41189688154840526,0.10614865273237228,0.025409437204797602,-0.18431513709118091,0.11017365300624574,-0.46692647798371517,-0.6955904686602546,0.4011510814418789,0.3075999295094238,0.2681735381331222,1.0358251164976842,24
spa_Latn,2703.8121287070862,2700.804683721986,0.7699111629246268,0.45015867648238533,0.12136019766330719,0.025189962094044286,-0.13988743559494748,0.020862851732152785,-0.48714289241474706,-0.707519862212889,0.3808725149660743,0.32731680003144703,0.2907451534082223,1.0313299422775564,24
rus_Cyrl,3324.5193599135114,3328.8903357390273,0.9466576983587962,0.45185388310995794,0.09621383249759674,0.019394114371824617,-0.3309319753689036,-0.09057426765168869,-0.6046096069730371,-0.7433394128050519,0.32967020317593304,0.36175576402363524,0.3134952910935548,0.9618378105662487,24
hin_Deva,7058.386376888198,7031.178460414925,2.009877241877724,0.6169295040296685,0.09436807781457901,0.029012437729945776,-0.09534766238960657,0.49303008529727,-0.2610468170534611,-0.4066083196273739,0.17413980167865886,1.4838640526180662,0.932939210187982,0.3912859218017146,24
arb_Arab,3929.4935823680676,3913.094038753659,1.1189242557146637,0.5370924559914154,0.11355327069759369,0.02686277584357558,-0.30522239891694464,-0.04201006331644328,-0.5700150462604814,-0.6699734890989112,0.2575802894497357,0.4663226171751417,0.4025262100817337,0.8482318660658285,24
zho_Hans,5715.321016884718,5722.393931168485,1.6274390531347356,1.047026476440516,0.2044558823108673,0.0649749988158643,-0.42013016118463997,-0.6072254598501059,-0.631411515794114,-0.6474233114002423,0.27408683290114844,0.4512446751470814,0.3471083861398138,1.2907138790090504,24
jpn_Jpan,6020.424827211657,5991.887032405972,1.7143174375193322,0.7070037231133042,0.13600553572177887,0.04485209493685065,-0.3711667068507405,-0.41460690834606345,-0.5379286390190312,-0.6856395560353391,0.37884332715613994,0.45469023079925297,0.36716899944766707,0.9986551190396131,24
tur_Latn,6768.718911690197,6756.319355648295,1.9273943605324637,0.5709236341531699,0.1231672540307045,0.05121333767921155,-0.017255942013552662,0.2896595840591771,-0.20316975331825293,-0.5782147696003525,0.29072582868351954,0.7149584706891888,0.5595647823449295,0.6330774934388974,24
vie_Latn,6443.938924096927,6415.312181100111,1.8349131798736023,0.5153030888783384,0.11885341256856918,0.05030093400819774,-0.14794791664487722,0.09165302847722734,-0.3495754079894085,-0.666680991674345,0.2557345491254113,0.3533174254139369,0.2982922733993816,1.0549617294247182,24
ind_Latn,4151.617761859013,4137.47216011786,1.182174169985641,0.43057964220412814,0.13980935513973236,0.05366615558270792,-0.07124086758243894,0.38312444395503925,-0.2992458262679123,-0.6661365586707393,0.2978827173447129,0.38011099906328083,0.3301302426817577,0.893514086917566,24
eng_Latn,10057.074332119311,9962.987143887429,1.4491641938523991,1.0093982714173462,0.18579111993312836,0.049556980459182165,-0.1865864891254018,-0.21624569001206487,-0.32716772124323124,-0.2994181484326917,0.294552064190204,0.45572524848438306,0.33597362627495836,1.2507781701229481,26
deu_Latn,18945.565943707465,18983.361690733786,2.729942614643547,0.5938750787720128,0.11267010122537613,0.058354695072127594,-0.03940263646413798,0.21380998392720238,-0.23259967312350618,-0.7113756102578019,0.43075525032052087,0.4467580737231017,0.3640107722516269,0.910517609106069,26
fra_Latn,18387.567589951068,18372.26683580447,2.6495383929197573,0.5832456966741265,0.11888754367828369,0.06420833542514075,-0.08182418082803014,0.07603026139044412,-0.2516532075071572,-0.6691968608722821,0.43770848467385715,0.389079134586813,0.3045912381251549,1.0251433173271804,26
spa_Latn,19491.708407589114,19480.82011180318,2.80863847362432,0.6340372174003325,0.12394646555185318,0.06805332401578534,-0.05570698828855093,-0.004609852930837809,-0.21494069157294068,-0.6658453083891052,0.3447442341347384,0.40078162926126826,0.32203153071828483,1.0400152069431536,26
rus_Cyrl,10442.674278602866,10429.805728312536,1.5047268373351799,0.5812572634200168,0.08981137722730637,0.020881037258639195,-0.26260207594816337,-0.2234917563856066,-0.5613643140044194,-0.7479733675351955,0.3441011513794119,0.41536857857535137,0.3488526060499674,0.9729660416574906,26
hin_Deva,17745.335396389484,17635.093301955723,2.5569965792357965,0.7102662507516553,0.08450404554605484,0.025707742965551398,-0.0879492174109928,0.4433765598894857,-0.2517142564640011,-0.4035842266422342,0.15076408724894014,1.5055031984837066,0.9556408009576347,0.3753239510771316,26
arb_Arab,17370.95161692645,17354.144482039243,2.503050118263122,0.6547973561813333,0.08855001628398895,0.029973667954473617,-0.2388873907052157,-0.17606604491263106,-0.457348285019506,-0.6499386830980571,0.2706211010976532,0.5030493315348006,0.423186624452233,0.8701351961467843,26
zho_Hans,12403.81438173963,12458.64876520442,1.7873153837395004,1.1030113421795233,0.1822037696838379,0.053794262254365115,-0.3638189235715226,-0.602196986206949,-0.5858907716976628,-0.6000273702982234,0.28523201133320025,0.5053768795750968,0.36313848493205664,1.157223177579592,26
jpn_Jpan,19393.781155768917,19414.0297529945,2.794527742983007,0.8093737924230261,0.10558563470840454,0.03849186127124256,-0.24728166394059461,-0.41255458676292067,-0.4424584047181094,-0.6516873735310894,0.35948846993104716,0.5119329534860066,0.3784213573328647,0.9501558600543655,26
tur_Latn,31668.301649246103,31554.04368910563,4.563212651579703,0.7953453106339706,0.1104922667145729,0.07004525832915892,0.01312415860333147,0.14765117720789192,-0.11089953323530596,-0.5277918028506436,0.28537422119177513,0.7606027320485867,0.5596604851359401,0.6464818069474991,26
vie_Latn,21432.09813926354,21450.824219880924,3.0882370157451566,0.6577712543819799,0.10906728357076645,0.05585019502998632,-0.0418209149926809,0.027083956071803313,-0.21375780219163323,-0.6231117596689821,0.2548334569420491,0.389479155541517,0.2966268868608322,1.1105227498388368,26
ind_Latn,24469.47261729997,24422.511228271585,3.5259044915471334,0.5609882740768145,0.11297765374183655,0.08022356207538509,0.01803361660237237,0.19848467826639496,-0.12930943886580604,-0.6630855222678459,0.34291466352564187,0.4206889883945397,0.3324477006681598,0.9409661154033948,26
eng_Latn,99340.92345585562,98237.13977606967,7.356640457580693,2.074910614916507,0.12554022669792175,0.05587867566732,-0.21481707339475606,-0.06082544903949118,-0.284486768484707,-0.27396217305659354,0.259843653429078,0.6153609058706037,0.348448203032382,1.3089152292172017,28
deu_Latn,174880.72756737308,174412.43478751136,12.950701391909092,1.8069712534064988,0.12415632605552673,0.11047900903870117,-0.2179562836602781,0.05738955541985578,-0.2826075410331456,-0.4931104131194315,0.16547605409977872,0.7323809030065145,0.4515743093539281,0.8653140701100899,28
fra_Latn,168174.08078912442,167906.6482574374,12.454044150289107,1.9024398982015867,0.12122561037540436,0.09620289641655594,-0.2312377446446314,-0.0029061639853524895,-0.31136406822148444,-0.5178149937890049,0.19184943474248267,0.6791553954517475,0.41356025159361787,1.0290127804847804,28
spa_Latn,182609.7355016179,182332.4611121632,13.523069057600205,1.8894686662434799,0.11209127306938171,0.08992473656498316,-0.18957213810582454,-0.06587209778646609,-0.26965798171647476,-0.5397968787380777,0.20287543448976603,0.6657163939026092,0.4034537479656406,1.0474047296968185,28
rus_Cyrl,212089.35736696757,212203.16532200004,15.706167133844517,1.3246928749805587,0.08460105210542679,0.08486068856847503,-0.44686631904359636,-0.3054677832178236,-0.491433887895031,-0.5188416740205992,0.1965117933172376,0.7425382053798955,0.4612443749230736,0.7580220649830284,28
hin_Deva,318227.22296595876,317805.16856296954,23.566151609364063,1.2832082583217272,0.1183028519153595,0.2570289032404585,-0.2494375786093566,-0.16159702760404743,-0.26405188572115834,-0.28516705035380785,0.055516885208279354,1.5547160519133874,0.8758003942904297,0.2641327670601449,28
arb_Arab,400436.6151617149,398680.0282682392,29.654125422987487,1.560173152913328,0.07748539745807648,0.11411744950282982,-0.3263146902453411,-0.12610229704009293,-0.3532238139874308,-0.40091795073258274,0.09596395129236307,0.9507907930789827,0.5602731596150146,0.5559058037605221,28
zho_Hans,284394.08647398837,284700.1369586783,21.060656270031096,2.9086255967667465,0.10929078608751297,0.08648706982139306,-0.34869247613426974,-0.42980975909353974,-0.3987645841182042,-0.27380345239798903,0.2014973136884212,0.7968034161705596,0.35744347050612113,0.9191262016587158,28
jpn_Jpan,357428.97814412904,357287.54553789354,26.469217215353268,2.228354853823446,0.0714203491806984,0.060589945903940234,-0.29304016113361625,-0.19092210353929212,-0.3328244204154406,-0.32477461662934315,0.054343926700972406,0.8676208819567938,0.412679505170552,0.6860995175330779,28
tur_Latn,148125.88190853575,148386.50635319197,10.969385201531681,1.8906257136361044,0.11491698771715164,0.0766205301663952,-0.1008521409429294,-0.016684067219646725,-0.19135486019563044,-0.4106110877306553,0.169487024542556,0.898360526500724,0.558129350619413,0.6224832642990414,28
vie_Latn,214830.12739885662,214370.95133748016,15.909133434137463,1.502328625176744,0.11885172873735428,0.14958656557884892,-0.16435125335189973,0.01830967950329488,-0.20802013862147403,-0.3791542156354081,0.16510799235581006,0.6376544073805906,0.3391136589210295,1.0005610858375162,28
ind_Latn,163737.6033040983,163563.22996939853,12.125503115838264,1.6577232161363324,0.1126532107591629,0.09282711382578657,-0.07305078227559246,0.13675057737361643,-0.1503920690992285,-0.44450393085543105,0.16088139093494866,0.6840039630005255,0.403666647614079,0.9410612108951331,28
