layer,split_shape,split_ident,next_shape,next_ident,next_subspace,next_shape_null,next_rsa,shape_vs_L0,ident_vs_L0,shape_vs_L14,ident_vs_L14,shape_vs_last,ident_vs_last
0,0.9999698221595416,0.998510197286947,0.9781179639634943,0.09201071815949513,0.013175231994072332,0.8592011632965603,0.8427697404987518,1.0,1.0,0.9408520435532087,0.04294442832131422,0.9275882526155924,0.0032101053660591075
2,0.9999814568285009,0.9990568337543585,0.9900252339061303,0.841201231389122,0.7404301172011013,0.8820990062753526,0.9505796427765237,0.9781179639634939,0.09201071815949513,0.9631300683998227,0.5590657387156875,0.9206166030470812,0.03743974092990328
4,0.9999813542451852,0.9988199409931513,0.9912010401648234,0.8942126452286604,0.849022377133657,0.8621589914957487,0.9659402552820472,0.960616650235924,0.06336083981761521,0.979119528284839,0.6814726299973927,0.9043599615465818,0.03413211738700468
6,0.9999727126100729,0.9988054963093392,0.9977840345433707,0.8946156282862482,0.783140920453046,0.835522012967914,0.9906394141006882,0.9548541466273944,0.05330659617975855,0.9913488034864028,0.7716499815941719,0.8821797379737921,0.005481334673847903
8,0.9999642286824509,0.9987058162995794,0.9986264857712213,0.9272604292774441,0.8460027949673528,0.8369971779595662,0.9913594768492513,0.9518938288635094,0.0547131056036893,0.9934874587127162,0.864038105272564,0.8783771704131325,6.944681786042058e-05
10,0.9999592900690984,0.9985513822904035,0.9981116105374013,0.9597156858438615,0.9197416561442061,0.8284123829997384,0.9909092676336224,0.9461297680047976,0.04822679699832074,0.9960102282996012,0.9343626161378559,0.8788531631485272,0.00973063876070135
12,0.9999542655404253,0.9985708484678193,0.9991889970925855,0.9758682583839494,0.954286268831826,0.8154313587680497,0.9951964915706968,0.9437888198914287,0.04516019390584421,0.9991889970925855,0.9758682583839494,0.8726205635910241,0.005067130904415868
14,0.9999536550723631,0.9985461632721989,0.9990516439068241,0.9705449609052853,0.9352693835382727,0.8146632265957359,0.9954612504598591,0.9408520435532085,0.04294442832131422,1.0,1.0,0.8716393144991024,0.008522869300993052
16,0.9999547088741676,0.9987187461156949,0.99845245090959,0.9615255521890131,0.9095348591507695,0.8230122796367343,0.988538955859864,0.9390725306131946,0.040343801835196286,0.9990516439068239,0.9705449609052853,0.8721539228232954,0.00603320886921896
18,0.9999603013823146,0.9988749454946299,0.993360156412503,0.8745081423753098,0.742019533669706,0.8548199442637354,0.9669952683712211,0.9367904297939654,0.03717948321425468,0.997653195066219,0.9361795555019888,0.8760006391449648,0.009884352779182615
20,0.9999780208977483,0.9992349135534007,0.9957445515924747,0.9106036574851762,0.828488031733804,0.8896107081619569,0.9456497332064459,0.9437648375900007,0.032150999796435056,0.9888578755495187,0.8078623872890036,0.9007496456729619,0.03497697020920779
22,0.9999808806365227,0.9991286265606619,0.9870930744415817,0.8561370555354281,0.7484215251154225,0.9059418521953156,0.8003365463301964,0.9482698770313718,0.025599649075775194,0.9817922906235425,0.7113942004022825,0.9105996663574005,0.04494862108299233
24,0.9999872077301851,0.9993184750320746,0.9787364965217512,0.8631356500166568,0.7758217661796191,0.9265866388682175,0.5168772950529391,0.9458529710215633,0.019507240837694183,0.964721621183358,0.5660624494200742,0.9183190320386302,0.04279756869203602
26,0.9999890101581215,0.9995250261238099,0.9162406309078681,0.08669889258044666,0.08552969859277247,0.9034143372022629,-0.01101873021938664,0.9175938065255296,0.013951198634912482,0.9200591790753808,0.41509879363341595,0.9162406309078681,0.08669889258044666
28,0.9999890618147462,0.9997414732034465,,,,,,0.9275882526155925,0.0032101053660591075,0.8716393144991026,0.008522869300993052,1.0000000000000002,1.0
