layer,ref,spearman,p,r2
0,family,-0.04949881047989061,0.5627186406796602,
0,script,0.5550789558161864,0.0024987506246876563,
0,token,0.7380649201544722,0.0004997501249375312,
0,charbigram,0.518839369585638,0.01249375312343828,
0,fertility,0.6961068781964302,0.0009995002498750624,
0,MRM_family,-0.05697477196717656,0.8063872255489022,0.6804842737464163
0,MRM_script,-0.08589666156354549,0.8003992015968064,0.6804842737464163
0,MRM_token,0.6076606226562449,0.07584830339321358,0.6804842737464163
0,MRM_fertility,0.3977126778160945,0.06187624750499002,0.6804842737464163
2,family,0.2339735439813348,0.16741629185407297,
2,script,0.3526185463999481,0.06596701649175413,
2,token,0.5549942594718714,0.010494752623688156,
2,charbigram,0.44452562363010123,0.047976011994003,
2,fertility,0.500594927460599,0.02498750624687656,
2,MRM_family,0.2495945078842821,0.313373253493014,0.4442953926424952
2,MRM_script,-0.22377231855379637,0.500998003992016,0.4442953926424952
2,MRM_token,0.5060815580077496,0.20359281437125748,0.4442953926424952
2,MRM_fertility,0.3674244007659004,0.14570858283433133,0.4442953926424952
4,family,0.19289640611781442,0.20189905047476261,
4,script,0.2615113621626409,0.13143428285857073,
4,token,0.42511220123160415,0.047476261869065464,
4,charbigram,0.2844170754618516,0.12193903048475763,
4,fertility,0.516209163970358,0.022488755622188907,
4,MRM_family,0.26562618831780327,0.2714570858283433,0.3727521596305865
4,MRM_script,-0.15781089393197129,0.626746506986028,0.3727521596305865
4,MRM_token,0.25307391960980247,0.5528942115768463,0.3727521596305865
4,MRM_fertility,0.4943700560585229,0.05588822355289421,0.3727521596305865
6,family,0.16175913355320737,0.2368815592203898,
6,script,0.2783830629473275,0.11594202898550725,
6,token,0.4706189333055004,0.029985007496251874,
6,charbigram,0.2832898444838743,0.12443778110944528,
6,fertility,0.6247573322200188,0.0029985007496251873,
6,MRM_family,0.25641381459970175,0.26746506986027946,0.49390159622351915
6,MRM_script,-0.20233536394126228,0.5349301397205589,0.49390159622351915
6,MRM_token,0.2783072705739773,0.4870259481037924,0.49390159622351915
6,MRM_fertility,0.6046737954211403,0.015968063872255488,0.49390159622351915
8,family,0.16499603493296866,0.22988505747126436,
8,script,0.2750087227903902,0.11094452773613193,
8,token,0.48936436697630714,0.02498750624687656,
8,charbigram,0.31418432313954703,0.10594702648675662,
8,fertility,0.5853042479908152,0.009995002498750625,
8,MRM_family,0.23138757681067942,0.3273453093812375,0.46540289062646534
8,MRM_script,-0.27338621498254206,0.3972055888223553,0.46540289062646534
8,MRM_token,0.4024956925516212,0.3033932135728543,0.46540289062646534
8,MRM_fertility,0.5218506494410513,0.033932135728542916,0.46540289062646534
10,family,0.1689777100815247,0.223888055972014,
10,script,0.295254763732014,0.1024487756121939,
10,token,0.5030581358939568,0.0239880059970015,
10,charbigram,0.3482099989562676,0.079960019990005,
10,fertility,0.5570817242459032,0.015992003998001,
10,MRM_family,0.21905433789360693,0.35728542914171657,0.4399272200385479
10,MRM_script,-0.255365432710835,0.4311377245508982,0.4399272200385479
10,MRM_token,0.43094174545922304,0.2714570858283433,0.4399272200385479
10,MRM_fertility,0.4694482292389873,0.06786427145708583,0.4399272200385479
12,family,0.09747942827723828,0.30634682658670664,
12,script,0.33574684561526164,0.07196401799100449,
12,token,0.5271474793862853,0.01649175412293853,
12,charbigram,0.3505479595031834,0.07796101949025487,
12,fertility,0.6232543575827155,0.00399800099950025,
12,MRM_family,0.15978548985034832,0.499001996007984,0.48023426699955685
12,MRM_script,-0.18913404690949645,0.5469061876247505,0.48023426699955685
12,MRM_token,0.380488846439039,0.3213572854291417,0.48023426699955685
12,MRM_fertility,0.525605458076357,0.03592814371257485,0.48023426699955685
14,family,0.09919813697445672,0.3078460769615192,
14,script,0.36780307710616605,0.05147426286856572,
14,token,0.5479386285356433,0.012993503248375811,
14,charbigram,0.3598580523953658,0.07196401799100449,
14,fertility,0.6413318025258322,0.0024987506246876563,
14,MRM_family,0.16384083872657704,0.500998003992016,0.5047370463534142
14,MRM_script,-0.14122938210465752,0.6227544910179641,0.5047370463534142
14,MRM_token,0.35372754694353714,0.36327345309381237,0.5047370463534142
14,MRM_fertility,0.5404502839165642,0.033932135728542916,0.5047370463534142
16,family,0.12486418685291847,0.2563718140929535,
16,script,0.3661159070276974,0.04997501249375312,
16,token,0.57582715791671,0.008995502248875561,
16,charbigram,0.41024945204049684,0.044977511244377814,
16,fertility,0.5965348084751069,0.0034982508745627187,
16,MRM_family,0.15756828019567862,0.5149700598802395,0.49313958236968836
16,MRM_script,-0.22930912795261066,0.4411177644710579,0.49313958236968836
16,MRM_token,0.5023617870527713,0.18562874251497005,0.49313958236968836
16,MRM_fertility,0.4495045430127664,0.05389221556886228,0.49313958236968836
18,family,0.12119760829885251,0.2708645677161419,
18,script,0.3796132676554466,0.046476761619190406,
18,token,0.5813380649201544,0.009995002498750625,
18,charbigram,0.4079949900845423,0.05297351324337831,
18,fertility,0.6154889886233169,0.0034982508745627187,
18,MRM_family,0.16112156146870557,0.5109780439121756,0.5090811269506059
18,MRM_script,-0.19799611193086994,0.4930139720558882,0.5090811269506059
18,MRM_token,0.46818190062330667,0.21956087824351297,0.5090811269506059
18,MRM_fertility,0.475302686736521,0.04590818363273453,0.5090811269506059
20,family,0.19905511228284717,0.15092453773113443,
20,script,0.37623892749850923,0.03298350824587706,
20,token,0.594322095814633,0.0029985007496251873,
20,charbigram,0.4640642939150401,0.02148925537231384,
20,fertility,0.5112409978081618,0.0079960019990005,
20,MRM_family,0.1962629055730597,0.36726546906187624,0.4683261671260899
20,MRM_script,-0.25947048617923946,0.3532934131736527,0.4683261671260899
20,MRM_token,0.6020884617487707,0.09381237524950099,0.4683261671260899
20,MRM_fertility,0.3306609879300012,0.1157684630738523,0.4683261671260899
22,family,0.25339495225990294,0.08895552223888056,
22,script,0.4960280030697835,0.0079960019990005,
22,token,0.665629892495564,0.0004997501249375312,
22,charbigram,0.5550777580628325,0.004497751124437781,
22,fertility,0.5491493581045819,0.0029985007496251873,
22,MRM_family,0.2569494755299295,0.18562874251497005,0.5582112262128165
22,MRM_script,-0.06374450793574496,0.8163672654690619,0.5582112262128165
22,MRM_token,0.48444047422559805,0.13572854291417166,0.5582112262128165
22,MRM_fertility,0.3683196990789562,0.08582834331337326,0.5582112262128165
24,family,0.370410369395524,0.047476261869065464,
24,script,0.2497011716133604,0.11494252873563218,
24,token,0.4749191107400062,0.019490254872563718,
24,charbigram,0.32274292871307797,0.09545227386306847,
24,fertility,0.4148001252478864,0.027486256871564217,
24,MRM_family,0.39554809273439306,0.05189620758483034,0.4468524082383374
24,MRM_script,-0.32600857588877524,0.2994011976047904,0.4468524082383374
24,MRM_token,0.49347621094728844,0.21956087824351297,0.4468524082383374
24,MRM_fertility,0.3553054211057487,0.1317365269461078,0.4468524082383374
26,family,0.41896389009194446,0.04297851074462768,
26,script,-0.24970117161336045,0.8630684657671165,
26,token,-0.0908255923181296,0.6281859070464768,
26,charbigram,-0.05558918693247051,0.5757121439280359,
26,fertility,-0.3540131510280764,0.9445277361319341,
26,MRM_family,0.33267989862784075,0.16766467065868262,0.3519778012311018
26,MRM_script,-0.5511089768801716,0.11776447105788423,0.3519778012311018
26,MRM_token,0.48512152202074954,0.22954091816367264,0.3519778012311018
26,MRM_fertility,-0.33627516031842924,0.2315369261477046,0.3519778012311018
28,family,0.3326560683466259,0.0544727636181909,
28,script,0.7507906849185499,0.0004997501249375312,
28,token,0.7460390355912743,0.0009995002498750624,
28,charbigram,0.8298298716209163,0.0004997501249375312,
28,fertility,0.24296002504957723,0.1469265367316342,
28,MRM_family,0.2083893261055454,0.3712574850299401,0.6770664225304907
28,MRM_script,0.4274120710896542,0.13572854291417166,0.6770664225304907
28,MRM_token,0.41607162691925187,0.24750499001996007,0.6770664225304907
28,MRM_fertility,-0.09696339244253821,0.6806387225548902,0.6770664225304907
