layer,mean_congruence,sd_congruence,rms_resid_test,frac_offdiag_var_explained,split_noise_rms,resid_reproducibility,script_excess,script_p,family_excess,family_p,resid_vs_tokoverlap_spearman,lam_eng,lam_deu,lam_fra,lam_spa,lam_rus,lam_hin,lam_arb,lam_zho,lam_jpn,lam_tur,lam_vie,lam_ind
0,0.11941770019108038,0.050073278419648266,0.023714552808052892,0.7757059124556841,0.004027707010776888,0.9874192560249573,0.0196206018188992,0.0009998000399920016,0.006134075011799229,0.11417716456708658,0.30053230351737814,0.5304686126751987,0.3690891917272708,0.4204338614001604,0.4086954615171801,0.3176558222062241,0.13893963043324295,0.2559487119118653,0.37220765323440536,0.30247368125982005,0.29263905083005537,0.41316735583518266,0.35976999975754637
2,0.21862762865901178,0.08351655066779529,0.029859125848568036,0.8721769782332837,0.005331817281013911,0.9903524809293255,0.019951507364499514,0.005598880223955209,0.007760474123471832,0.1251749650069986,0.3406116271787914,0.6836878616390872,0.5001320126941045,0.5753973451404979,0.5649435026108034,0.5044018328277617,0.19075350955258805,0.3553873330881732,0.5327780013142995,0.4528266179058783,0.3586220792829925,0.503162309674096,0.4414527335333524
4,0.30416110797424933,0.09946367619378381,0.027130537423600092,0.9255974569477687,0.00441019943857211,0.9932508830379679,0.016131780653234694,0.009398120375924815,0.007484339027080376,0.11857628474305139,0.3186514977559754,0.7574437123678645,0.57791043034495,0.663476520481283,0.6436787219827425,0.6071951448532071,0.27115001906606145,0.4490483506819648,0.6358224372021948,0.5752644071914829,0.39598408802559437,0.5865855803709946,0.4974515030196228
6,0.36892857590299466,0.10485266342534266,0.0276620249696038,0.9304000376645609,0.0034575110518302176,0.9938588344925056,0.013972645639831992,0.01739652069586083,0.006266556883547346,0.15436912617476506,0.293852416240476,0.7702118744147471,0.6433476350796675,0.7154378295354465,0.6962315955913225,0.6762019305765463,0.31679641975340794,0.5418100814425735,0.6613790297874242,0.6107590282184955,0.44136727636699324,0.649093172322358,0.5896067994856556
8,0.5166062614476642,0.0855705953224529,0.026969719051249386,0.9006646702372417,0.0037538450680290963,0.9903333711795338,0.01012660477000842,0.04399120175964807,0.00366432012472702,0.2435512897420516,0.30838117106773827,0.8157531509745871,0.7496581194666014,0.7979747780095008,0.7707274562809073,0.7724356966433668,0.5121512282940364,0.68800215599893,0.7258081265437795,0.7039104737314295,0.609930628943867,0.748462864663035,0.7314763908970442
10,0.6192590107215932,0.07596521827626602,0.024455286201453534,0.8963627407269632,0.004440439497827988,0.9882248615174252,0.007994338507704752,0.0653869226154769,0.0032914446335221576,0.2499500099980004,0.31560379918588877,0.85440643385089,0.8124187389360459,0.8530207002078446,0.8295941903597099,0.8276123373092724,0.6164713116686011,0.7660600225009866,0.7845682302880835,0.7710657261495873,0.6942757304914683,0.8136041700251164,0.8040774321588139
12,0.6631286093773467,0.0684602962626072,0.023663767861287405,0.8805213672417587,0.005577277040670769,0.9887989960795343,0.006335515977598781,0.09218156368726255,0.0033030061703594148,0.23975204959008198,0.29013672894269915,0.8670246889999106,0.8360710722442101,0.8721988045335332,0.850915046216068,0.8508901063368705,0.6666729562551449,0.7988703816731103,0.8035737000014251,0.7932075639220518,0.7312766919967836,0.8379095808812416,0.8328048222743866
14,0.6921470969073227,0.06378922166146957,0.02306288336600488,0.8692828413224274,0.00652225425581923,0.9883271732673644,0.005706234698360932,0.10777844431113777,0.0029318711301401347,0.24375124975005,0.28809101346414784,0.8764047873642405,0.8517539499895705,0.8855268138398877,0.8657082991076329,0.8648952239004328,0.6984078558820512,0.8192523558580319,0.8172250778721205,0.808275924987736,0.7535112587112902,0.8533684228813995,0.8503469221309181
16,0.6924591178375291,0.062309460209372905,0.0235831280663894,0.8567499306442861,0.0066529724408645715,0.9882582904129996,0.005965920962807986,0.10637872425514897,0.0031900056351059436,0.23095380923815237,0.28637929234944165,0.8723031464365206,0.8517170700481379,0.8861191722247344,0.8666765688968857,0.8660573021253566,0.7039030957458167,0.8216799388815416,0.8118958551573925,0.8041314870006993,0.7564446532060162,0.854132618062533,0.8510776097507756
18,0.6891600759183278,0.061776516652583664,0.02438359178227333,0.8442067902032904,0.006790448261572665,0.9892853418155841,0.006212354660850301,0.10777844431113777,0.003249631166761487,0.22895420915816836,0.2860035486901159,0.8678374942863356,0.8503860118894654,0.885169889200754,0.864930894526425,0.8637278397217103,0.7070820274304004,0.8213602906671115,0.8092197110926351,0.7968017142745056,0.7516971611637508,0.852115839786741,0.8504971262186363
20,0.6868447296766668,0.06165866812539733,0.025720363844972696,0.8259933135341284,0.007435209082537987,0.9904678343716421,0.00577286805808802,0.1265746850629874,0.004368670217583234,0.1891621675664867,0.297902097902098,0.8623311193760431,0.8460106273460833,0.8832362518767967,0.8631340608438751,0.86311000584268,0.708252726274696,0.8181678968570635,0.8058468677144213,0.7880926482136792,0.7533750360521315,0.8559151393452964,0.8509956160819937
22,0.6700810230835962,0.06665134945741942,0.028944344753267043,0.8114139556290543,0.007698883908428417,0.9936351810259041,0.0056504596622640535,0.15156968606278745,0.00496411115430943,0.1841631673665267,0.2808683853459973,0.8554727554775635,0.8367223662012986,0.8750395969378961,0.8589157590979184,0.8486779819934229,0.6823792734799902,0.8089071788253874,0.8024383214730467,0.7787817891693238,0.7352459096046257,0.8479341204599524,0.8423379859036295
24,0.6132009285475781,0.07916132879661097,0.031506676482700974,0.8415912978354301,0.006445580088844603,0.9951676913490987,0.00740531511477136,0.1209758048390322,0.0059960380048372005,0.17796440711857628,0.28984448387433465,0.8322778975928967,0.8040095438383084,0.851658350879092,0.8378466590024229,0.8195842433436982,0.6049676631950619,0.7608583608658945,0.7724470644426571,0.7532908103029504,0.686500679671411,0.8228193321649422,0.8092500185342416
26,0.5510944028108407,0.08705641108059577,0.035917949150963774,0.8297757050885517,0.006842878551874328,0.9954331472122642,0.011164368715140127,0.07338532293541292,0.008327577658376304,0.14177164567086584,0.3136833315937794,0.7751531952405051,0.7663485928577213,0.8038098337861929,0.7946877528916071,0.7889258986241924,0.5433375023341495,0.7365283287263046,0.7264860138672222,0.7170880718540862,0.6166696082379822,0.8087344865858612,0.7854673355883085
28,0.29672687668948133,0.0987076193372227,0.050739041642403934,0.7357693671762666,0.007125744783420041,0.996900247622489,0.03940146155327104,0.0005998800239952009,0.012223012589824087,0.1241751649670066,0.33731343283582094,0.7043537463515086,0.5683015999117139,0.6275421471280357,0.6363527627573802,0.5833561496738269,0.3042314287854668,0.446494035531639,0.46773797021528185,0.4155124535531741,0.4421467522207184,0.6622815599247334,0.618058667973886
