layer,eps4,eps4_null,eps4_null_p05,delta_rel,delta_rel_null,coph,coph_null,coph_null_p95
0,0.30297370342839514,0.4111031954908836,0.3673163405918798,0.2077753690341058,0.28817387370938113,0.9651549578969374,0.7163609363320669,0.8461062266348757
2,0.35287703183855623,0.42368364785679197,0.38288179513314885,0.2064384500776264,0.2802351968876766,0.9234146133749775,0.7221450021004173,0.8371567154715087
4,0.39230669915035526,0.42706416176666223,0.3885137187843561,0.17676708547170772,0.25361114471481677,0.9410183156078415,0.7230920992159902,0.843021377015384
6,0.37128304177528026,0.38901308708358884,0.34313938610508626,0.18323273253632932,0.2499632582651082,0.9118789108205029,0.7396163374496635,0.8677931339999456
8,0.37549898791002667,0.38116538312777953,0.3360473272341002,0.16982240707745905,0.242849188195972,0.9141798743301127,0.7344709480670548,0.8615264993928844
10,0.3840822686263422,0.38668014462281575,0.341287417447977,0.19159923146706584,0.2568272157233652,0.8647335025304218,0.7321143645228895,0.8405007216271424
12,0.387038243483499,0.39158502541323953,0.3426702338946486,0.21462445038352754,0.2678309630688859,0.8467317089627425,0.7295124258100637,0.8558016455062926
14,0.3925449846127007,0.3932930477138394,0.3442129005881402,0.21047094348204703,0.27553610128086864,0.8529820583673289,0.7376033408562912,0.8562962715520045
16,0.38436280545921475,0.3991541538735062,0.3567562852521998,0.21187858592516642,0.27349509030746477,0.8929523999067273,0.7293239373282079,0.8460350469047688
18,0.3721364427931267,0.3999464249067429,0.3663066304320723,0.2157330714491365,0.2874110946497581,0.8784689581096627,0.732240166352229,0.8467601099634954
20,0.3840564714149571,0.419057681683392,0.38293166136800383,0.24580773523144764,0.2671905116681332,0.822290741690136,0.7132799127772609,0.8344455302625551
22,0.3763231525978545,0.43629824129440975,0.39703574965385185,0.24819421834723346,0.2672773835457099,0.7781413078733515,0.7175249588147249,0.8440108826073145
24,0.393335286984946,0.4355988868650255,0.3976660994518446,0.2061380208081889,0.24229950396803487,0.8247265502291387,0.7226673675907291,0.8488490382533631
26,0.372769182595629,0.48076242972806965,0.44803454745658544,0.13070134893241903,0.2584750803958332,0.870458734320812,0.7100525455936426,0.820050063846618
28,0.3647444812076411,0.41170681771817835,0.3682776776318003,0.25148782185467994,0.27366640933901537,0.8785119274775476,0.7254288561961857,0.8447213355539924
