layer,k,data,rho_hubSim,rho_hubGL_p0,rho_hubGL_p1,rho_hubGL_p2,rho_hubGL_p4,rho_hubGL_p8,rho_hubGL_p16,rho_hubGL_p32,rho_hubGL,rho_ridge
4,64,R2iso,0.65579,0.72215,0.72142,0.72088,0.72015,0.71897,0.71648,0.70045,0.65753,0.67144
4,64,R2shuf,0.70774,0.80438,0.79755,0.78643,0.77408,0.75627,0.73922,0.71775,0.70561,0.71485
4,64,real,0.68774,0.79456,0.78741,0.78228,0.77431,0.75811,0.7305,0.68604,0.65843,0.66577
14,64,R2iso,0.30916,0.34147,0.34022,0.33931,0.33826,0.33698,0.33404,0.32391,0.30757,0.31004
14,64,R2shuf,0.36285,0.43413,0.42492,0.42024,0.40898,0.3882,0.36927,0.35878,0.35585,0.35663
14,64,real,0.28857,0.38716,0.37726,0.36923,0.35622,0.33709,0.3112,0.28355,0.27291,0.2728
14,64,real_ntok0.5,0.27481,0.48616,0.45212,0.4329,0.39054,0.33452,0.29504,0.26589,0.25384,0.25346
14,128,R2shuf,0.40125,0.68233,0.66243,0.64161,0.60238,0.5296,0.462,0.41924,0.38932,0.39202
14,128,real,0.33261,0.60663,0.58853,0.57132,0.54575,0.51284,0.46366,0.39579,0.31181,0.31383
26,64,R2iso,0.39405,0.44251,0.44151,0.44053,0.43933,0.43811,0.43497,0.42271,0.39335,0.39828
26,64,R2shuf,0.40426,0.53502,0.49567,0.48861,0.46663,0.44077,0.42194,0.40545,0.39902,0.40175
26,64,real,0.36672,0.55897,0.5307,0.51056,0.49287,0.45105,0.40306,0.3563,0.33892,0.33888
