layer,k,data,rho_proc,rho_ridge,ridge/proc,c_proc,c_proc/null,c_ridge/null,c_wproc1/null,hubO,hubSim,hubGL,O-Sim,Sim-GL,GL-ridge,Kglob,Kaniso,Kcomm,cc32_add,cc_res
4,64,R2iso,1.05621,0.67144,0.63571,0.58864,1.24311,0.83094,1.2156,0.65578,0.65579,0.65753,-1e-05,-0.00174,-0.01391,0.00012,0.0085,0.051,0.00016,0.01919
4,64,R2shuf,1.07896,0.71485,0.66253,0.35898,2.31319,0.98964,2.56608,0.70784,0.70774,0.70561,0.0001,0.00213,-0.00924,0.00038,0.02512,0.1267,0.00068,0.02225
4,64,real,1.09078,0.66577,0.61036,0.50838,2.87916,1.17937,3.09613,0.74971,0.68774,0.65843,0.06197,0.02932,-0.00734,0.28167,0.14797,0.63702,0.09293,0.02709
14,64,R1,0.40573,0.31144,0.7676,0.05912,5.12978,1.21901,6.02943,0.36004,0.35879,0.31604,0.00126,0.04275,0.0046,0.00735,0.1056,0.46025,0.0024,0.01914
14,64,R2iso,0.40317,0.31004,0.76902,0.1064,1.74571,0.78962,1.71384,0.30916,0.30916,0.30757,-0.0,0.00159,-0.00247,1e-05,0.00166,0.00932,8e-05,0.01413
14,64,R2shuf,0.40218,0.35663,0.88673,0.02766,2.62234,0.95172,2.57132,0.36285,0.36285,0.35585,-0.0,0.00701,-0.00078,9e-05,0.00855,0.04593,0.00021,0.01748
14,64,Rd,0.39164,0.34708,0.88622,0.02493,2.52064,1.09515,2.47525,0.35936,0.35599,0.34909,0.00338,0.00689,0.00201,0.00971,0.00944,0.04492,0.00374,0.02427
14,64,real,0.39652,0.2728,0.68798,0.07709,4.56464,1.06027,5.19821,0.33549,0.28857,0.27291,0.04692,0.01566,0.00011,0.08849,0.02082,0.09487,0.04808,0.02248
14,64,real_ntok0.5,0.35384,0.25346,0.71632,0.0634,4.94965,0.98619,5.10488,0.28199,0.27481,0.25384,0.00717,0.02097,0.00038,0.01794,0.03321,0.185,0.0096,0.02086
14,128,R2shuf,0.44814,0.39202,0.87476,0.04515,2.01067,0.92787,2.05943,0.40125,0.40125,0.38932,-1e-05,0.01194,-0.0027,6e-05,0.0209,0.16809,0.00024,0.00744
14,128,real,0.45801,0.31383,0.6852,0.10994,2.49813,1.01123,2.78164,0.38777,0.33261,0.31181,0.05516,0.02081,-0.00202,0.10745,0.03699,0.26662,0.04651,0.01063
26,64,R2iso,0.55429,0.39828,0.71853,0.19324,1.51877,0.81096,1.48503,0.39405,0.39405,0.39335,0.0,0.00069,-0.00492,1e-05,0.00273,0.0156,9e-05,0.01745
26,64,R2shuf,0.546,0.40175,0.73582,0.12686,3.75727,0.93467,4.62179,0.40426,0.40426,0.39902,-0.0,0.00524,-0.00274,9e-05,0.01033,0.0531,0.00021,0.01416
26,64,real,0.55794,0.33888,0.60738,0.13594,4.18453,1.02457,5.15946,0.45517,0.36672,0.33892,0.08845,0.0278,4e-05,0.15393,0.06074,0.31038,0.08809,0.03446
