layer,data,which,k,rho_proc,c_proc,svstd_proc,svmed_proc,rho_sim,rho_wproc_0.5,c_wproc_0.5,rho_wproc_0.5_s,rho_wproc_1,c_wproc_1,svstd_wproc_1,svmed_wproc_1,rho_wproc_1_s,rho_ridge,c_ridge,svstd_ridge,svmed_ridge,rho_sync_O,rho_sync_W,rho_hubO_wie,cc_vtot,cc_vadd,cc_vres,cc32_vtot,cc32_vadd,cc32_vres,cancorr_mean,rho_hubO,rho_hubSim,rho_hubGL,c_proc_GLimplied,K_var_global,K_var_aniso,K_pr,K_comm,K_top_abs,r_hub,infl,rho_hubGL_p0,rho_hubGL_p1,rho_hubGL_p2,rho_hubGL_p4,rho_hubGL_p8,rho_hubGL_p16,rho_hubGL_p32,pairres_GL,c_proc_top,c_proc_rest,c_procGL_top,c_procGL_rest,c_ridge_top,c_ridge_rest
14,R1,data,64,0.4057302584808487,0.0591210066100835,3.1718077080714307e-16,1.0,0.3613781293197384,0.3648540110739632,0.0594182978787804,0.3349363642104427,0.3678998553187484,0.0790300487072954,0.2614004310870762,1.0000000000881353,0.3325469164958692,0.3114401961316189,0.044607852824913,0.6743318560070137,0.8181395883921655,0.4100796877472247,0.372404725930248,0.3162510671284962,0.0261468334088224,0.0070115461931234,0.0191352872156989,0.0029654320949085,0.0024046711968333,0.0005607608980752,0.7673170698675316,0.3600418876270805,0.3587859023847055,0.3160364503027225,0.0122638208919384,0.0073455201243527,0.1055975829291073,4.934900504406712,0.4602474369241635,0.767013532576864,64,,,,,,,,,,,,,,,
14,R1,null,64,0.4131861594787834,0.0115250667737221,3.194028808118561e-16,1.0,0.369841140536602,0.4055823614561912,0.0111143648094034,0.3649458877880074,0.4170884694775451,0.0131073818943189,0.191959904425055,1.0000000000260194,0.3702590263142976,0.3593577656837122,0.0365934139322016,0.3250179428989033,0.7809651858014071,0.4114255807645592,0.4150977779183595,0.3572157898391533,0.0005360541483168,0.0002947423940041,0.0002413117543127,0.0002616048233769,0.0001792555676429,8.234925573403159e-05,0.7424057619882903,0.3619482610641706,0.3619462024053613,0.3568786920266551,0.0002163050738836,6.241082382417512e-05,0.0095627208403206,7.234280032580792,0.0515253077021083,0.1871968063089772,64,1.0619674653622226,,,,,,,,,,,,,,
14,Rd,data,64,0.3916441392998906,0.0249258855067586,3.2720378499742613e-16,1.0,0.3480516825857447,0.3906003042841427,0.0253356397470676,0.3480668337208809,0.3995105437644327,0.0296399365338786,0.1407450991201003,1.0000000003681715,0.3531146757783259,0.3470833951227175,0.0402302908098527,0.4283266907316667,0.8182650906010169,0.3927369701405866,0.4003007344352327,0.3488116452753576,0.0384761415671427,0.014205050019332,0.0242710915478106,0.0058971206903708,0.0037369409658097,0.0021601797245611,0.7821440297346128,0.3593612251054527,0.3559851728619027,0.3490923415489554,0.0006740383344149,0.0097071681264463,0.0094444136113776,8.028756752569437,0.0449186979989189,0.170210801920173,64,,,,,,,,,,,,,,,
14,Rd,null,64,0.4009219585034282,0.00988871134196,3.31113132114694e-16,1.0,0.3568473798240424,0.3979477591284696,0.0100078542937185,0.3564666367534942,0.4077985956772179,0.0119745374299747,0.1540549179034102,1.0000000073662083,0.3619348623390525,0.3587673195171131,0.0367349880647952,0.2607609392089924,0.7808545004229932,0.3997764506938476,0.4063976292183448,0.3568644020954163,0.0007952519203168,0.0004228386185985,0.0003724133017182,0.0003120827348962,0.0002417425411701,7.034019372604555e-05,0.7576174164070827,0.3625873108104384,0.3626017816706871,0.3568513696967606,0.0001756689177955,7.809862705457857e-05,0.0093073077603497,7.191911429328267,0.0502137557456651,0.185863463365135,64,1.0619674653622226,,,,,,,,,,,,,,
14,R2shuf,data,128,0.4481429474611948,0.0451481617775713,2.920511882120877e-16,1.0,0.3961482794770971,0.4418696726182683,0.0454492479355768,0.3943446959346363,0.4593724635230592,0.0584559426088002,0.2278232466043641,1.0000000000612062,0.404602252028434,0.3920183228552039,0.0436421274411763,0.5680893363601844,0.7914810515427979,0.4480960737583828,0.4585480764134251,0.3900706382538767,0.0100086667413907,0.0025685992689368,0.0074400674724539,0.0003043050498767,0.0002370615598538,6.724349002284139e-05,0.7583912036044859,0.4012481603337259,0.4012532854462923,0.3893154580603011,0.0086418023202705,5.539844025999435e-05,0.0208986518148441,13.841723123346933,0.168087469724059,0.3046443421272852,128,,0.682326411276064,0.6624317428842418,0.6416057221700179,0.6023797476227749,0.5296005711539136,0.4619971496691567,0.4192444645082014,0.0029314110087128,0.0084406455847815,0.03657779866568,0.0010784422587625,0.0075609409287319,0.0165034798312815,0.0263155658353009
14,R2shuf,null,128,0.4640404609073377,0.0224542981143383,2.86672175194832e-16,1.0,0.4083646101071252,0.4592569292143928,0.0222813096907555,0.4068541183347835,0.4803581875400241,0.0283844653243773,0.2330019667701641,1.0000000012459334,0.4178122138971655,0.4109415524663264,0.0470347140074191,0.3721881209605446,0.7563740785483383,0.4606145999197853,0.4763626132898169,0.4062860773819646,0.0005664894133289,0.0003505782614774,0.0002159111518514,0.0002800391105826,0.0002130639685312,6.697514205137259e-05,0.7319405535717641,0.4178679992723687,0.4178653758429295,0.4058054492417335,0.0008254978368551,5.502207514851816e-05,0.0224035626200293,14.016739395075923,0.1805475187792088,0.3080754886012485,128,1.080036940711663,0.7074481426318225,0.6318182843613471,0.6010655127148655,0.5588683400027055,0.5014500014043499,0.4613420686813402,0.4302180766329085,0.0032689609619819,0.0077257510920068,0.0147538117451973,0.0004140785350753,0.0004127305261413,0.0180425962615617,0.0282201146539819
14,R2shuf,data,64,0.4021804641317628,0.0276629418940969,3.304117387746561e-16,1.0,0.3599896870924898,0.3998617473513838,0.0281259994496039,0.3594378877615077,0.4087452219439001,0.0326361225081189,0.1501575314842734,1.0000000005842733,0.3645433652128182,0.3566274835167889,0.0353726813962115,0.443599514012474,0.8007557188897856,0.4039120767553385,0.4102001640010281,0.356556106781508,0.020315489047624,0.0028313488963338,0.0174841401512902,0.0002760496876608,0.0002114834095592,6.456627810159094e-05,0.77425541520342,0.3628541726387372,0.3628547205716039,0.3558479788678097,0.002472410356142,8.877283573767852e-05,0.0085502973668949,7.901565277083982,0.0459339402240017,0.1674768738566846,64,,0.4341280204510384,0.4249199608786301,0.4202401254801448,0.4089808525303766,0.3881968463317293,0.3692699024245007,0.3587843121485012,0.002063813178891,0.0033973562075833,0.0244893922653732,0.0001932995371989,0.0023078686844692,0.0147531591868329,0.0202269007176631
14,R2shuf,null,64,0.4117827254159184,0.0105489542845325,3.3019750499534343e-16,1.0,0.3679829101228301,0.4092698224085673,0.0106260269915973,0.3669338486579316,0.4193609422932194,0.0126923706148959,0.1605436092963114,1.0000000004880256,0.3721683985892406,0.3676675897590306,0.0371671518225097,0.2746368202606076,0.7705777230819056,0.4104059404579999,0.4176887727491156,0.3654568074624575,0.0007769236694828,0.0003341195963449,0.0004428040731379,0.0002602121252547,0.0001902820684007,6.993005685398004e-05,0.7485628415462802,0.3709933249947043,0.3709801496504574,0.3654509411629628,0.0001885562886356,2.71374956064242e-05,0.0092446386641047,7.935988949976809,0.0496627768659729,0.1733796562952902,64,1.0619674653622226,0.4358594477279789,0.4272051498565316,0.4169966901616402,0.4034746853826725,0.3908688710503314,0.3766582943296989,0.3680529177272227,0.0020779219270457,0.0032272268845124,0.007382177213689,8.256781049645523e-05,0.0001080929979371,0.0154464143035724,0.021353750612752
14,R2iso,data,64,0.4031679279087354,0.1064014843951353,3.248837655676829e-16,1.0,0.3698549224703714,0.4030539171617595,0.1066069586451568,0.3696427389496921,0.4042920742332526,0.1074793767727362,0.0565292484654506,1.000000000005794,0.3702110522857256,0.3100444224845262,0.0271469692887622,0.8733309734665454,0.6700489848956158,0.4023616725196371,0.4034695780879845,0.3089834280864503,0.0162667880172785,0.0021382018036946,0.0141285862135838,0.0001380741810952,8.35029798221345e-05,5.457120127312384e-05,0.612960874072815,0.309158925017722,0.3091619870736961,0.3075737142239133,0.0180356117062996,1.1673936821309533e-05,0.001658413154252,7.636992455276108,0.0093154222953583,0.0745843537474417,64,,0.3414693531535514,0.3402220037342927,0.3393132688039876,0.338261919359039,0.3369804816893831,0.3340384528120159,0.3239114706583184,0.0062544962962665,0.0037900771669649,0.1043179540102981,0.0003812704708931,0.0179521869753243,0.0039372300966404,0.0234734575136934
14,R2iso,null,64,0.4171477145000024,0.0609500974475814,3.207195452450761e-16,1.0,0.4005559150870146,0.417559239794499,0.0610414349856068,0.3987897112810807,0.4232585889937049,0.062712560483704,0.1180816594767559,1.0000000009967334,0.4004792220532751,0.3279326614212423,0.0343798216784575,0.6018282326773989,0.5622042525059174,0.4099309099041952,0.4159695293550836,0.3222314014382125,0.0027614795881492,0.0009292594126567,0.0018322201754924,0.0001610143088226,7.79486940384021e-05,8.306561478422896e-05,0.5614145569110232,0.322981360506665,0.3229848691840387,0.3228142338004467,0.0009975104280702,1.9269731669359148e-05,0.0032656561676797,7.219660500906556,0.0189105989892079,0.1087904645911725,64,1.0619674653622226,0.3290749183435832,0.328993897142158,0.3289510453286595,0.3290270460306336,0.3288663005732135,0.3279247294820369,0.3256152282458988,0.0104665991692497,0.0123523120791343,0.0573609102636258,0.0002572575484975,0.0008758841180678,0.0068715380331787,0.0291427362392597
14,real_ntok0.5,data,64,0.3538391257369348,0.0634034885809496,3.2131659352178696e-16,1.0,0.3059740291545243,0.3191211200047759,0.0628129146898563,0.2910095124203435,0.3155424066431327,0.0751462937632427,0.2119641025919266,1.0000000066294092,0.2894873170598402,0.253460705701566,0.0252091140124694,0.7202843975615705,0.82282079152765,0.3567645439431132,0.3185000597595691,0.2547561251976131,0.0492394912693273,0.0283772747605494,0.0208622165087778,0.0098679788398847,0.009603208610152,0.0002647702297327,0.750523786808042,0.2819862476014085,0.2748148655353446,0.2538425080267331,0.015499766662211,0.017942603170652,0.0332064099326838,4.363686456762228,0.1850012524059695,0.4333545024168057,64,,0.4861638610676304,0.452118102245142,0.4328992013761833,0.3905406360901491,0.3345156579820936,0.2950350388250156,0.2658883203951303,0.0009506082873153,0.0072912256992703,0.0556896263037403,0.0015568977986209,0.0138671528631033,0.0045881992280089,0.0204696978218798
14,real_ntok0.5,null,64,0.3522753659658058,0.0128096991515936,3.3544738124617717e-16,1.0,0.3161760747214014,0.3429787906808318,0.0124144215019857,0.311930416817634,0.3491752491378529,0.0147204816746337,0.1805967938181258,1.0000000000097302,0.3157193478718695,0.2895721680819668,0.0255621455448737,0.414380805772889,0.8053549147120106,0.3508056688524658,0.3473763909688458,0.2883801985592551,0.0012566193384282,0.0007521034221068,0.0005045159163214,0.0002369854201125,0.0001901687032115,4.6816716900978415e-05,0.7394453251280269,0.2912861907465161,0.291306554886711,0.2876214139024432,0.0002232390305285,1.7546131271139732e-05,0.0050670465523712,6.860406266128847,0.0282637365879088,0.137827021768475,64,1.0619674653622226,0.3913865360700631,0.3686953608232291,0.3532390279817357,0.3375058767670934,0.3227134910461984,0.3060280211019394,0.2922053202800857,0.0008829341748157,0.0024301152832305,0.010440081675447,5.611481925164611e-05,0.0001693209677377,0.0071995221721427,0.018239108800385
14,real,data,64,0.3965209980058642,0.0770855958020845,3.238732954211453e-16,1.0,0.3215195282815644,0.3474995670106381,0.0783863834637114,0.3110094063741029,0.3427103053854048,0.095119654481038,0.195850866309552,1.0000000005624752,0.3117376901786839,0.2727989794429569,0.0297488497218765,0.7482148441442709,0.7998849325533453,0.3994863706249366,0.3455365008380556,0.2738770969227422,0.1141245118896875,0.0916470947437556,0.0224774171459318,0.0483229874702705,0.0480847858090557,0.0002382016612147,0.7351533393898925,0.3354858907304407,0.2885650714407772,0.2729084577168911,0.0133930759119644,0.0884947934109896,0.0208228941916871,6.316217425940443,0.094873334061926,0.2859933150237691,64,,0.3871625250874856,0.377255953508181,0.3692286525622018,0.3562249369907607,0.337093024461997,0.3111991915659988,0.2835486799623537,0.0013963032856413,0.008979614908347,0.0677332639177302,0.0014925679744984,0.0118377917995263,0.0053003160037357,0.0243120193071721
14,real,null,64,0.3713069754000972,0.0168875359188532,3.259371987919692e-16,1.0,0.3354328399625302,0.3655594289124803,0.0163777417842281,0.3318749044975577,0.3736500551268079,0.0182985236513029,0.1761005071511903,1.0000000002123002,0.3361412629664599,0.3081846852270279,0.0280579052393824,0.4090568440952069,0.7765209153033351,0.3693999442773076,0.3715183879164808,0.3065073391864285,0.0010618739067762,0.0005468302063863,0.0005150437003898,0.0002169675520374,0.0001626967424323,5.427080960510197e-05,0.7199089281478817,0.3092575307991979,0.3092843805856798,0.3058461001778914,0.0003175949972678,4.422272362941615e-05,0.0045214396782159,7.547247932682576,0.0246833891685619,0.1288007951071322,64,1.0619674653622226,0.3511883991317556,0.3481799237405958,0.34450034140162,0.3400519506531376,0.3328837484244991,0.3220647736436399,0.3098497062703913,0.0012772050830657,0.0031892303610037,0.0138015069685699,7.23873708235704e-05,0.0002491988250559,0.006586031499028,0.021380835820011
14,real,data,128,0.4580073875837006,0.1099354087296417,2.896076518896709e-16,1.0,0.3697985299004781,0.3993616582392085,0.1096489763064692,0.355647636876863,0.4005835753427759,0.1377977539728651,0.2583372916242553,1.0000000035725003,0.3595649687709265,0.3138253965157218,0.0383751976297198,0.8285517470174725,0.7636697788210967,0.459356090797469,0.4013531384422392,0.3131740616737096,0.0960182610076511,0.0853914353628969,0.0106268256447541,0.0467089053151855,0.0465136553552568,0.0001952499599287,0.7073379464882994,0.3877674941373927,0.3326119944805039,0.3118064559584588,0.0196366172323218,0.1074547347027067,0.036987148143742,11.25093899829598,0.2666209230256564,0.4446581341902487,128,,0.6066315619466244,0.5885329560712869,0.5713205657072137,0.5457535893045189,0.5128438968148208,0.4636633035172434,0.3957899368656917,0.0017225351470022,0.0195140163938391,0.0890506659202249,0.0033183026197835,0.0161293085211468,0.0076049493050057,0.030405299265661
14,real,null,128,0.437114722627105,0.044007090350848,2.9045865117980133e-16,1.0,0.3880064260540966,0.4293688935942846,0.0425113743853247,0.3838335944480109,0.44705912561686,0.0495382397458097,0.2377727843049254,1.00000000637238,0.3932035300026164,0.3577123375495608,0.0379492083581251,0.5250850701145676,0.7372913244231516,0.4331985692745628,0.4426182855823161,0.3534026140617654,0.0037358953938212,0.0028084648115158,0.0009274305823053,0.0001960340917281,0.0001550151040495,4.1018987678577846e-05,0.688348267600437,0.3593751708119602,0.3594043392293143,0.3518352135344006,0.0014491663120626,2.8461110066076964e-05,0.0121403037798902,14.532074638333654,0.0964091570578458,0.2196207846543915,128,1.080036940711663,0.5808293918883257,0.5583832573452624,0.5462286373402296,0.5228170965114551,0.489430704955878,0.4442176776313142,0.4016900721934844,0.0020736239387605,0.0100201782152966,0.0341610217270369,0.0004254812982909,0.0010391598859572,0.0092555168972767,0.0285511379183997
26,R2shuf,data,64,0.5459979571786857,0.1268581105266458,3.115155746379542e-16,1.0,0.4667830198379355,0.518324768811807,0.1220055177755912,0.45410333100668,0.5320093401824413,0.1635411353758485,0.2419368299163183,1.0000000023308324,0.4603868893494735,0.4017539130563326,0.0378108022667569,0.8435759674399801,0.7619788871447759,0.545585456817193,0.5292183674614207,0.4021557156819698,0.0194056255203187,0.0052497305717722,0.0141558949485464,0.0002877664421431,0.0002102529682132,7.751347392988614e-05,0.706001419353138,0.4042600000284415,0.4042613123751084,0.3990169587611812,0.0234201682866977,9.265687481151056e-05,0.0103342176868618,7.300471753157115,0.0531021154291119,0.1951686713936032,64,,0.5350161087070723,0.4956650967371935,0.4886120075157435,0.4666292404388216,0.4407656887420904,0.4219384792615555,0.4054468708570305,0.002623644616749,0.046077123660291,0.076390254886701,0.0077425931752629,0.0148444608626467,0.012367922562177,0.0252045421602442
26,R2shuf,null,64,0.5404346370124365,0.033763398506105,3.199081907908257e-16,1.0,0.4631083331053284,0.5169339563055322,0.0306844933853487,0.4518399859274022,0.5257766213711147,0.0353848112703309,0.2238697309050533,1.000000000065309,0.4546467548028902,0.41785829484791,0.0404535218855353,0.516209316240776,0.730136537228869,0.5373105894726553,0.5223038369207897,0.4163258081801859,0.0026018596684222,0.0010009987738252,0.0016008608945969,0.0003703123763752,0.0002838317020375,8.648067433778772e-05,0.6896912640661098,0.4178969023787138,0.4178841777567426,0.4143983921083166,0.0006655224767495,8.287492631033838e-05,0.0105253035306153,7.821266769585041,0.0543420848957566,0.1849281559796942,64,1.0619674653622226,0.5083062503376805,0.4881443327410405,0.4766339084024101,0.4584729010254288,0.4456004526669639,0.4289594793514052,0.4176507457304684,0.0028367713286737,0.0131569315814851,0.0203972298383964,0.0002783305843577,0.0003937087895819,0.0138528006714691,0.0264126029417281
26,R2iso,data,64,0.5542934937560525,0.1932365996238148,3.16938174774663e-16,1.0,0.4874349769958168,0.5542128559272863,0.1935615816940309,0.4872823623189118,0.5555584693865263,0.1948192330101459,0.0549571461016163,1.0000000000194604,0.4877833505410828,0.3982760054895022,0.0341247583084822,1.0237224237544489,0.5472808903559809,0.5511160884027511,0.552408890826717,0.3960914831122659,0.0210331982913242,0.0035861991127143,0.0174469991786099,0.0001921583292902,9.37291387812179e-05,9.842919050899447e-05,0.5262723883706356,0.3940467178961564,0.3940459555920118,0.3933521407328731,0.0361575921486941,1.418146146552608e-05,0.0027281790961376,7.320625525625874,0.0155982360785094,0.1015581048413231,64,,0.4425065372293573,0.4415139567394773,0.4405261991329964,0.4393263899079398,0.4381090103962371,0.4349743679025351,0.4227144812452263,0.010210942689543,0.0098557764448405,0.1881552583457448,0.0012382191736163,0.0358497225466075,0.0073362229020566,0.0271720379030928
26,R2iso,null,64,0.5677608288798667,0.1272326793228048,3.1448076762787316e-16,1.0,0.5171289806693109,0.5688600993333716,0.1278440229725836,0.5155649860231182,0.5760606884277591,0.1311887202243872,0.117832111339524,1.0000000003647602,0.5170536153913169,0.4157579225448532,0.0420794242453428,0.7209446251857986,0.4739369379814776,0.5561110905195432,0.5642356434525044,0.4087768952886404,0.0077763050954294,0.0014638914417617,0.0063124136536676,0.0002090107874999,8.787344115032564e-05,0.0001211373463496,0.4858341116507675,0.4076163663378173,0.4076164899947459,0.4080074495798699,0.0024264504257427,5.961506899547312e-05,0.0058773080695653,7.137151361598243,0.033574761922253,0.150326268024694,64,1.0619674653622226,0.4169943351374867,0.4167320815319864,0.4165807600737595,0.4165010197902337,0.4164313058982613,0.4157977080062266,0.4129863337802362,0.0184611822661492,0.0283060770697765,0.117155785635868,0.0006337835827144,0.0020985982960589,0.0096342614441095,0.0337533124570967
26,real,data,64,0.5579422487863961,0.135937400730782,3.2152130479578196e-16,1.0,0.425243205507216,0.4590604756933145,0.1349995066697141,0.4003573917109232,0.4502087492957788,0.1772137155774192,0.2746291526807779,1.0000000000234706,0.3983463493643608,0.3388826510431841,0.0369125525933094,0.9216564943274892,0.7532772772925933,0.5614166579939661,0.4534981316210844,0.3409779372578994,0.1935294879093025,0.1590725212306132,0.0344569666786893,0.088670847643146,0.0880856313743084,0.0005852162688376,0.6925658277977003,0.4551716589505335,0.3667249484667875,0.3389220527968857,0.0298616622927385,0.1539329847161581,0.0607382453362181,5.586299420975511,0.310380676500973,0.5060543621078475,64,,0.5589674338913557,0.5307039094891239,0.5105629483422836,0.4928732406727255,0.4510515111269493,0.4030557507411841,0.3562953100491481,0.0019544439176382,0.0334669617781998,0.0997253403481865,0.007342856896024,0.0218665559720794,0.0083954586889395,0.0282462702298125
26,real,null,64,0.5000610663987077,0.0324856902594231,3.1895037075504453e-16,1.0,0.4352765209563173,0.4854851708747863,0.0302324902036882,0.4275117283105066,0.4962183692399831,0.034347318240107,0.218333393658696,1.0000000000965097,0.4320298707823198,0.391003350874486,0.0360273133809011,0.5095139290452827,0.7342014750522272,0.4969711879637978,0.4928989784170628,0.3893538210705778,0.002651145792669,0.0015583427852673,0.0010928030074017,0.0002969208855438,0.0002149544939737,8.196639157009119e-05,0.6747258459550656,0.3913927189162133,0.3914166494093504,0.3876288990903822,0.0007021944222652,4.589640548185336e-05,0.0079654470592823,6.708588528699679,0.0455314378052686,0.1771645428155834,64,1.0619674653622226,0.4885482053930379,0.4719996887536133,0.4585502399538683,0.4474117965536681,0.4308206733987072,0.4098536417645025,0.3930786070503171,0.0019394894535605,0.0096071707358239,0.0225862236207689,0.0002264546878033,0.0004768772218562,0.0112942724616778,0.0245444480859686
4,R2shuf,data,64,1.0789598231074191,0.3589775265891125,3.118871900458788e-16,1.0,0.7824963251618147,1.0155597208443856,0.3419193224433379,0.7714857974273224,1.0391094294558796,0.4113116162121533,0.3007676214422074,1.000000000052351,0.7754819863547537,0.7148455963783307,0.0719550936884312,1.0425528297584643,0.510093392020259,1.069647892537123,1.0280120024807609,0.7109983201563727,0.0318227042907212,0.0095732558412582,0.0222494484494629,0.0009413209138494,0.0006816048529517,0.0002597160608977,0.4931765323775556,0.7078426942973229,0.7077403464789433,0.7056094113600259,0.0656724556014973,0.0003798138831701,0.0251238893979283,7.315092562735887,0.1266994568902873,0.2951964328826033,64,,0.8043789112986846,0.7975482468000029,0.7864271986873492,0.774082458817718,0.7562734783220365,0.7392184473043487,0.7177452110580886,0.0208570230293271,0.1271865522481774,0.2278698766409213,0.024823735242819,0.0398296876573301,0.0253570391878734,0.0464766142424424
4,R2shuf,null,64,1.0295042747417904,0.1551872960923568,3.126840370646469e-16,1.0,0.7597791528320488,0.9806492508655176,0.1442075174018003,0.7491567557840532,0.995628283545778,0.1602881240098444,0.2678526809861757,1.0000000000000584,0.7495697907924971,0.7136782612520269,0.0727082656068081,0.659841221942068,0.5153959106885699,1.0166173811588244,0.9821334654801648,0.7079579107101103,0.0075214961862425,0.0025444765696386,0.0049770196166038,0.0008460698637239,0.0006122854312297,0.0002337844324941,0.5060838602644507,0.7036693964307752,0.7036710558489828,0.7032505198213805,0.0066227353332641,0.0002783286003266,0.0219630590707252,7.688475984995757,0.1146477476993957,0.2646196760650751,64,1.0619674653622226,0.7573553283009992,0.7444558803218884,0.734085362150944,0.7267275416608417,0.7201364376193912,0.7133543222517593,0.7061563375793423,0.0207835498714024,0.0596159467728048,0.0948625428014228,0.00323708560397,0.0034043376118623,0.0264363284251271,0.0459647872481708
4,R2iso,data,64,1.056209333492688,0.5886396766841266,3.142744514585558e-16,1.0,0.7792776340871999,1.0561542337780367,0.5893110872454353,0.7793807955997478,1.0576859616036611,0.5916461202112694,0.0480432300042454,1.0000000000102516,0.7797530579293908,0.6714416235215777,0.0535246493126467,1.1228665034893528,0.3282254084399881,1.046812933870253,1.0485901317384232,0.6646611623774059,0.021768432431293,0.0025788538484447,0.0191895785828482,0.000432104340219,0.0001632647097618,0.0002688396304572,0.3797923557532954,0.6557774130963684,0.6557879731338307,0.6575315913125808,0.1147781591061291,0.0001191285068288,0.0085046518366209,6.493365211068188,0.050996213543114,0.191260910505771,64,,0.722154337091921,0.721419658642914,0.7208770648627759,0.7201541124939398,0.718969120824089,0.7164798471895553,0.7004493125290812,0.0533268372981181,0.0580066394177249,0.5555267905178115,0.0083183861808052,0.1115893205372933,0.0189449844472355,0.0344847162004551
4,R2iso,null,64,1.0587978956620756,0.4735201486521667,3.1744834252229056e-16,1.0,0.7853249262733333,1.061617492795204,0.47666769535344,0.7847965621774096,1.072616376286522,0.4867124980951701,0.1100698857477454,1.0000000025507187,0.7855976159632639,0.6866869150721462,0.0644146873552882,0.980536115094166,0.3420548366297161,1.0329238930128817,1.0468464597211071,0.6749483209285558,0.0324217516560758,0.0069535171536897,0.025468234502386,0.0003416199722626,0.0001215928478997,0.0002200271243629,0.3695581305598653,0.6668216917994141,0.666829621275352,0.6696623689564523,0.0139205306692222,8.965520763025799e-05,0.0156524794180094,6.921734912764982,0.0906279276817775,0.2516782271783967,64,1.0619674653622226,0.6816839569685491,0.681257982503668,0.6808739840966386,0.6804949772567542,0.6806450194158465,0.6810404987277935,0.6779410192579184,0.0871768458721114,0.1120938323320753,0.4260677371020557,0.0036322402622189,0.0120894908545146,0.0177998539266701,0.0473293357522128
4,real,data,64,1.09077679460628,0.5083766796386582,3.099002124303059e-16,1.0,0.7692098056533045,0.996572079238712,0.4939405962749023,0.7553744057065575,1.0066638434564614,0.5718034981938257,0.3203578084201901,1.0000000029035512,0.7534338225705927,0.6657687629301899,0.0753058222733276,1.1131176029199836,0.435943446203452,1.093051048311404,1.008803620678819,0.6654605184403998,0.1258535079710381,0.0987629693966855,0.0270905385743525,0.0947297365781491,0.0929252330778216,0.0018045035003275,0.4605894920515536,0.7497135144494111,0.6877440720964413,0.6584282610706843,0.1163061097435483,0.2816746898680962,0.1479671521449685,6.464770895876384,0.6370208342508797,0.7266020908785632,64,,0.7945557246667875,0.7874143981150119,0.7822834607811492,0.774314185955993,0.7581084675349489,0.7304954063270577,0.6860353682755586,0.0148233922493657,0.143525834273752,0.3630443243504858,0.0315720942378767,0.0845429379051948,0.0225008105990787,0.0528326895703585
4,real,null,64,1.0069762164588767,0.1765709926706699,3.1503798399090836e-16,1.0,0.7524635503399879,0.9819404813888796,0.170381501534971,0.7471041751879288,0.9986074782658908,0.1846834507864718,0.2384564567759161,1.0000000000682323,0.7495538431692181,0.6907265367576152,0.063852497648538,0.6740212970908663,0.4696819596064829,0.9941644505316664,0.9852134765656542,0.6856813477084385,0.0043712353929944,0.0021015827208633,0.0022696526721311,0.0008832920566074,0.000641774478649,0.0002415175779583,0.4772809920511117,0.680496548430634,0.6804562021763945,0.6791604530265992,0.0042392738547429,0.0002211909310295,0.0173448611068893,7.296536984124548,0.0949367586813381,0.2462934847110094,64,1.0619674653622226,0.7371248903746033,0.7334426660973099,0.7264296764513197,0.716339936933807,0.7055813473241105,0.6981477426754783,0.6845896008384839,0.0122593151454876,0.0462623668404937,0.1311387574583792,0.0013059961184532,0.0029618681974105,0.0199143200165347,0.043957115069687
