layer,k,data,c_proc_top,c_proc_rest,c_procGL_top,c_ridge_top,c_ridge_rest,pairres_GL,c_proc_top_null,c_proc_rest_null,c_procGL_top_null,c_ridge_top_null,c_ridge_rest_null,pairres_GL_null
4,64,R2iso,0.05801,0.55553,0.00832,0.01894,0.03448,0.05333,0.11209,0.42607,0.00363,0.0178,0.04733,0.08718
4,64,R2shuf,0.12719,0.22787,0.02482,0.02536,0.04648,0.02086,0.05962,0.09486,0.00324,0.02644,0.04596,0.02078
4,64,real,0.14353,0.36304,0.03157,0.0225,0.05283,0.01482,0.04626,0.13114,0.00131,0.01991,0.04396,0.01226
14,64,R2iso,0.00379,0.10432,0.00038,0.00394,0.02347,0.00625,0.01235,0.05736,0.00026,0.00687,0.02914,0.01047
14,64,R2shuf,0.0034,0.02449,0.00019,0.01475,0.02023,0.00206,0.00323,0.00738,8e-05,0.01545,0.02135,0.00208
14,64,real,0.00898,0.06773,0.00149,0.0053,0.02431,0.0014,0.00319,0.0138,7e-05,0.00659,0.02138,0.00128
14,64,real_ntok0.5,0.00729,0.05569,0.00156,0.00459,0.02047,0.00095,0.00243,0.01044,6e-05,0.0072,0.01824,0.00088
14,128,R2shuf,0.00844,0.03658,0.00108,0.0165,0.02632,0.00293,0.00773,0.01475,0.00041,0.01804,0.02822,0.00327
14,128,real,0.01951,0.08905,0.00332,0.0076,0.03041,0.00172,0.01002,0.03416,0.00043,0.00926,0.02855,0.00207
26,64,R2iso,0.00986,0.18816,0.00124,0.00734,0.02717,0.01021,0.02831,0.11716,0.00063,0.00963,0.03375,0.01846
26,64,R2shuf,0.04608,0.07639,0.00774,0.01237,0.0252,0.00262,0.01316,0.0204,0.00028,0.01385,0.02641,0.00284
26,64,real,0.03347,0.09973,0.00734,0.0084,0.02825,0.00195,0.00961,0.02259,0.00023,0.01129,0.02454,0.00194
