layer,world,m,corr_theta1_scalepos,corr_theta1_logntok,corr_scalepos_logntok,phi_sv1,phi_sv2
14,real,64,0.9515046973868732,0.8519252830801004,-0.9316331158532853,0.5812995724717058,0.26294113062968866
14,real,128,0.9531626277088636,0.8351341080318148,-0.9298466005140573,0.5858728009586666,0.22205802610362183
14,identity,64,0.09491178460875106,0.7855181500975533,0.2113626467682938,0.44003449247358073,0.2156993489238161
14,identity,128,0.2158053504441953,0.7789449365318333,0.13392728047941985,0.3220916467335671,0.2207770111589805
14,abelian,64,0.015774194753057996,0.392656399676464,0.20986953828593832,0.941123334753118,0.027170828267196426
14,abelian,128,0.02788003313619012,0.39566332211018296,0.13341510150902833,0.7927225454398982,0.06536766172740033
14,nonabelian,64,0.0017619112522850847,0.4907747834958347,0.22158004611040719,0.1878308714243167,0.1558985125381869
14,nonabelian,128,0.14220339440808874,0.7414824903464061,0.1388720819026113,0.1832493786701357,0.15095455900476745
2,real,64,0.9342190910807174,0.9319551846961773,-0.9512101194419543,0.5657421143417615,0.1507738351338959
2,real,128,0.9541248870509056,0.9521149778205635,-0.9585518391843261,0.4843062119284096,0.17503938322070356
2,identity,64,0.22241298164758416,0.29496235555130956,-0.342504807223142,0.3514896651847379,0.20149517873143644
2,identity,128,0.02420900599706688,0.30758095488040305,-0.5405627842144826,0.27824010452671516,0.17876646422486955
2,abelian,64,0.034516791268062064,0.3890425763912438,-0.33001826601058404,0.9618176809116998,0.014675633134815298
2,abelian,128,0.11432918111415469,0.38755145215413384,-0.5349034836325264,0.8947889335838289,0.03486183760149969
2,nonabelian,64,0.1410176089353659,0.5111994971486024,-0.31369938817078313,0.19021979540861286,0.15642155065666516
2,nonabelian,128,0.32622269660411185,0.5370935736102355,-0.5253517870437057,0.17707313079645648,0.14638125690192721
26,real,64,0.6959704142126357,0.656283861281988,-0.9288298608861771,0.37304253845732865,0.22742560236366363
26,real,128,0.8275570390592502,0.7415440389425935,-0.9404116569353546,0.37062256264567695,0.23183438071250193
26,identity,64,0.41820060453583463,0.6149486609949016,0.03670139451427225,0.3043912824313083,0.19288122648858036
26,identity,128,0.23560906117289232,0.6096106392606238,-0.13300842064174584,0.19557137538950212,0.1569400084910292
26,abelian,64,0.10740517769426909,0.38979447449949506,0.05262285061445276,0.9871597892332815,0.0051191849092566575
26,abelian,128,0.029440469250882152,0.3906470415299816,-0.120962617647353,0.9244352506538034,0.016335176015085842
26,nonabelian,64,0.11396698978316104,0.4098364699121444,0.07975614096992663,0.18980716213100557,0.15426956035011635
26,nonabelian,128,0.28369567888522496,0.42965113485374995,-0.10150334195921473,0.16970060719371724,0.14399800731485263
8,real,64,0.9364064526651739,0.8527615625786187,-0.9311662686703492,0.6104857245066496,0.23611353590317735
8,real,128,0.9420624114441338,0.8568501715575919,-0.9348881732534189,0.5635329201207387,0.2155489870278518
8,identity,64,0.30065125355977973,0.6424442259859605,0.17757397487560295,0.39029469819755847,0.19901634162409512
8,identity,128,0.2928358563576857,0.7171724491315635,0.029174848219690304,0.2745538353913172,0.22748607394833084
8,abelian,64,0.06737717174365249,0.3855097277740547,0.1784909931335976,0.930796445315397,0.028991281352787078
8,abelian,128,0.08777316387278343,0.38881465288081796,0.03080901869848235,0.7541279745881558,0.06816369575231004
8,nonabelian,64,0.01095653919489479,0.6171433141050382,0.18350924084781728,0.19784384098307647,0.14673310640240406
8,nonabelian,128,0.19315910114091225,0.7649673356179472,0.03419452771327919,0.21187546884187577,0.1391495822079346
