layer,world,m,lang,theta1,theta2a,theta2b
14,real,64,eng,-0.38671043515205383,-0.46076616644859314,-0.08048082143068314
14,real,64,deu,0.16072754561901093,0.06206470727920532,0.1360829472541809
14,real,64,fra,-0.06547705084085464,-0.20745711028575897,0.17789655923843384
14,real,64,spa,-0.07941587269306183,-0.22303014993667603,0.16044163703918457
14,real,64,rus,-0.06369699537754059,-0.16192984580993652,0.07250332832336426
14,real,64,hin,0.8437379598617554,0.8257620930671692,0.011119638569653034
14,real,64,arb,0.09456587582826614,-0.051142409443855286,0.2098347544670105
14,real,64,zho,-0.5211095809936523,-0.38119685649871826,-0.5122879147529602
14,real,64,jpn,0.019824115559458733,0.17730467021465302,-0.5218740701675415
14,real,64,tur,0.5784099698066711,0.605435311794281,-0.12444684654474258
14,real,64,vie,-0.013659996911883354,-0.16527554392814636,0.19639752805233002
14,real,64,ind,0.1335904598236084,-0.034466080367565155,0.3007209300994873
14,real,128,eng,-0.7510688304901123,-0.8215036988258362,-0.24840162694454193
14,real,128,deu,0.22138243913650513,0.1186906024813652,0.21313241124153137
14,real,128,fra,-0.24181394279003143,-0.4499511420726776,0.2934434413909912
14,real,128,spa,-0.26568254828453064,-0.4708299934864044,0.2853372395038605
14,real,128,rus,-0.14568683505058289,-0.29189226031303406,0.16080427169799805
14,real,128,hin,1.5919156074523926,1.5953315496444702,0.19327685236930847
14,real,128,arb,0.03360291197896004,-0.1734875738620758,0.4360818862915039
14,real,128,zho,-0.8008227944374084,-0.5569890141487122,-0.904780924320221
14,real,128,jpn,0.25707560777664185,0.4807363748550415,-0.8681744337081909
14,real,128,tur,1.107883095741272,1.160318374633789,-0.19343465566635132
14,real,128,vie,-0.1832316666841507,-0.38213080167770386,0.297097772359848
14,real,128,ind,0.030119335278868675,-0.1923825889825821,0.46986275911331177
14,identity,64,eng,-0.1302807480096817,-0.08779949694871902,0.12410658597946167
14,identity,64,deu,-0.035720013082027435,-0.024408845230937004,0.0410970002412796
14,identity,64,fra,-0.019887030124664307,-0.007008470594882965,0.049229271709918976
14,identity,64,spa,0.0262311901897192,0.06161237880587578,0.07598652690649033
14,identity,64,rus,-0.02656104601919651,-0.013818223029375076,0.051697615534067154
14,identity,64,hin,0.30896541476249695,0.26734718680381775,-0.3141813576221466
14,identity,64,arb,-0.027838340029120445,0.004997820593416691,0.05334211513400078
14,identity,64,zho,-0.4610089361667633,-0.5046790838241577,-0.17704430222511292
14,identity,64,jpn,0.1111735850572586,0.14415022730827332,0.09592703729867935
14,identity,64,tur,0.0018229829147458076,-0.0022514306474477053,0.0016261923592537642
14,identity,64,vie,0.021610679104924202,0.03318308666348457,0.0556178018450737
14,identity,64,ind,-0.0076257893815636635,0.03398258611559868,0.06225120276212692
14,identity,128,eng,-0.18302272260189056,-0.2668881416320801,0.3578914403915405
14,identity,128,deu,0.012746576219797134,-0.04447932541370392,0.12089531868696213
14,identity,128,fra,0.008365029469132423,-0.06108749657869339,0.13505150377750397
14,identity,128,spa,0.020047225058078766,-0.03082365356385708,0.16556204855442047
14,identity,128,rus,-0.0231248177587986,-0.06901220232248306,0.14363569021224976
14,identity,128,hin,0.5298033356666565,0.5681470632553101,-0.5675804615020752
14,identity,128,arb,-0.03522038087248802,-0.06316857039928436,0.13763654232025146
14,identity,128,zho,-0.8668308258056641,-0.8685451745986938,-0.5011318922042847
14,identity,128,jpn,0.1078987568616867,0.05781073868274689,0.2259095162153244
14,identity,128,tur,0.03700496256351471,-0.002978377044200897,0.18109537661075592
14,identity,128,vie,0.004367400426417589,-0.0418969988822937,0.14566773176193237
14,identity,128,ind,0.016644561663269997,-0.030134502798318863,0.16506560146808624
14,abelian,64,eng,-0.9914095997810364,-0.991540789604187,-0.05607135593891144
14,abelian,64,deu,0.11361844092607498,0.11310886591672897,-0.031247500330209732
14,abelian,64,fra,0.9704621434211731,0.9694033861160278,-0.05391714349389076
14,abelian,64,spa,0.3315874934196472,0.3336470425128937,0.021329060196876526
14,abelian,64,rus,-0.5403215289115906,-0.5393394827842712,0.012431374751031399
14,abelian,64,hin,0.5551456809043884,0.5652741193771362,0.2383110225200653
14,abelian,64,arb,0.7647653818130493,0.7635205984115601,-0.0756976306438446
14,abelian,64,zho,-0.3461565673351288,-0.3596481382846832,-0.35797929763793945
14,abelian,64,jpn,-0.7676053643226624,-0.7598000764846802,0.19216051697731018
14,abelian,64,tur,1.2097620964050293,1.2077064514160156,-0.08766963332891464
14,abelian,64,vie,-0.09940656274557114,-0.09579874575138092,0.0413435734808445
14,abelian,64,ind,-1.1997272968292236,-1.19728684425354,0.06752685457468033
14,abelian,128,eng,-1.083208680152893,-1.0827438831329346,-0.10539854317903519
14,abelian,128,deu,0.11600130051374435,0.11749795079231262,-0.013016457669436932
14,abelian,128,fra,1.0338356494903564,1.0177723169326782,-0.0834696963429451
14,abelian,128,spa,0.3484002649784088,0.3456152081489563,-0.028492627665400505
14,abelian,128,rus,-0.5853944420814514,-0.5761385560035706,-0.0032549058087170124
14,abelian,128,hin,0.596467912197113,0.6663045883178711,0.44755882024765015
14,abelian,128,arb,0.8174208402633667,0.7948346138000488,-0.12046609073877335
14,abelian,128,zho,-0.38432103395462036,-0.4871116280555725,-0.6813334226608276
14,abelian,128,jpn,-0.8357152938842773,-0.786781370639801,0.21939945220947266
14,abelian,128,tur,1.3025214672088623,1.2651751041412354,-0.16797718405723572
14,abelian,128,vie,-0.11437144875526428,-0.10681190341711044,0.011765699833631516
14,abelian,128,ind,-1.294194221496582,-1.2649846076965332,0.09124109148979187
14,nonabelian,64,eng,-0.5179588794708252,-0.5453004240989685,-0.04218199849128723
14,nonabelian,64,deu,-0.048281069844961166,-0.03385685384273529,-0.13532677292823792
14,nonabelian,64,fra,-0.14240825176239014,-0.05603167414665222,-0.03532706946134567
14,nonabelian,64,spa,0.5480744242668152,0.4938969612121582,0.2506150007247925
14,nonabelian,64,rus,-0.20529696345329285,-0.13208498060703278,-0.10019882768392563
14,nonabelian,64,hin,0.2708548307418823,0.20488861203193665,-0.21865996718406677
14,nonabelian,64,arb,0.2234737128019333,0.13081930577754974,-0.40400803089141846
14,nonabelian,64,zho,-0.17530708014965057,-0.01900814101099968,0.49039268493652344
14,nonabelian,64,jpn,0.009019638411700726,-0.075257308781147,-0.2120884507894516
14,nonabelian,64,tur,-0.02742583490908146,-0.07657536119222641,0.14908495545387268
14,nonabelian,64,vie,-0.24319703876972198,-0.17396774888038635,0.2797814607620239
14,nonabelian,64,ind,0.2580561339855194,0.20736615359783173,-0.04726677015423775
14,nonabelian,128,eng,-0.443162202835083,-0.5357100367546082,0.3644642233848572
14,nonabelian,128,deu,0.03791378065943718,0.05734029784798622,0.043731242418289185
14,nonabelian,128,fra,0.014554738998413086,-0.007386185694485903,0.30070531368255615
14,nonabelian,128,spa,0.28457725048065186,0.4842504858970642,-0.5335114598274231
14,nonabelian,128,rus,-0.06436478346586227,0.0027238884940743446,0.11521059274673462
14,nonabelian,128,hin,0.6118711829185486,0.55228191614151,0.23103252053260803
14,nonabelian,128,arb,0.4876488149166107,0.45214641094207764,0.2812223732471466
14,nonabelian,128,zho,-0.6340259313583374,-0.32161134481430054,-0.6569749116897583
14,nonabelian,128,jpn,0.16056425869464874,0.06295448541641235,0.2827325761318207
14,nonabelian,128,tur,-0.14358673989772797,-0.175687775015831,-0.06267379224300385
14,nonabelian,128,vie,-0.34109607338905334,-0.36931419372558594,-0.009142862632870674
14,nonabelian,128,ind,0.20355558395385742,0.3059213161468506,-0.28353238105773926
2,real,64,eng,-1.4786732196807861,-1.9241985082626343,-0.012211124412715435
2,real,64,deu,0.08349722623825073,-0.10813729465007782,0.40443849563598633
2,real,64,fra,-0.2777380049228668,-0.7034392356872559,0.468478262424469
2,real,64,spa,-0.2794089913368225,-0.6809008121490479,0.39793020486831665
2,real,64,rus,-0.30163687467575073,-0.34349316358566284,-0.05920262262225151
2,real,64,hin,4.366440296173096,4.277957439422607,-0.8589322566986084
2,real,64,arb,0.2288288176059723,0.7607876658439636,-0.5638360977172852
2,real,64,zho,-2.0714473724365234,-1.8840364217758179,-1.0267781019210815
2,real,64,jpn,-1.0922714471817017,-0.39839887619018555,-2.0488741397857666
2,real,64,tur,1.544024109840393,1.5279954671859741,1.5215411186218262
2,real,64,vie,-0.48835062980651855,-1.0437465906143188,0.460507869720459
2,real,64,ind,0.6208445429801941,0.1042669266462326,1.0077288150787354
2,real,128,eng,-2.115161657333374,-2.627063035964966,0.5955260992050171
2,real,128,deu,-0.08322126418352127,-0.46908822655677795,-0.6433821320533752
2,real,128,fra,-0.5536203980445862,-1.238977074623108,-0.5009867548942566
2,real,128,spa,-0.5587406754493713,-1.2383135557174683,-0.4845903813838959
2,real,128,rus,-0.5418099761009216,-0.526199221611023,0.02195538394153118
2,real,128,hin,6.914824485778809,6.791086196899414,1.2741889953613281
2,real,128,arb,1.188806176185608,1.6855735778808594,-0.1543368250131607
2,real,128,zho,-2.989126443862915,-2.602675676345825,2.0278122425079346
2,real,128,jpn,-1.2633345127105713,-0.33519652485847473,2.5857865810394287
2,real,128,tur,1.6706839799880981,1.66329824924469,-2.679262638092041
2,real,128,vie,-0.780778169631958,-1.4580612182617188,-0.17234182357788086
2,real,128,ind,0.14051854610443115,-0.8451365828514099,-2.074925661087036
2,identity,64,eng,-0.3511909246444702,-0.5095807313919067,0.30370524525642395
2,identity,64,deu,-0.04174140840768814,-0.14070993661880493,0.023922517895698547
2,identity,64,fra,-0.12721289694309235,-0.17814214527606964,0.03661556541919708
2,identity,64,spa,-0.038562461733818054,-0.11163083463907242,0.08508677035570145
2,identity,64,rus,-0.23477411270141602,-0.36190032958984375,0.23182223737239838
2,identity,64,hin,0.097376748919487,0.04320608451962471,0.2009151428937912
2,identity,64,arb,0.5577228665351868,0.7011362314224243,-1.0234586000442505
2,identity,64,zho,-0.7677785158157349,-0.5793873071670532,-0.4972728192806244
2,identity,64,jpn,0.09870460629463196,-0.05190953239798546,0.3473232686519623
2,identity,64,tur,1.2603487968444824,1.1454253196716309,0.45431891083717346
2,identity,64,vie,0.03356679156422615,-0.07418475300073624,0.09793625771999359
2,identity,64,ind,-0.2930395007133484,-0.2917371690273285,0.12536846101284027
2,identity,128,eng,-1.0401734113693237,-1.099192500114441,0.4823455214500427
2,identity,128,deu,-0.12345393002033234,-0.20886047184467316,0.13203302025794983
2,identity,128,fra,-0.15816698968410492,-0.30742117762565613,0.08310942351818085
2,identity,128,spa,-0.1607481837272644,-0.18235602974891663,0.14118258655071259
2,identity,128,rus,-0.42797228693962097,-0.6335722804069519,0.26893267035484314
2,identity,128,hin,-0.14930251240730286,-0.2916822135448456,0.24070744216442108
2,identity,128,arb,1.6781065464019775,1.8288371562957764,-1.551302433013916
2,identity,128,zho,-1.9868180751800537,-1.9235457181930542,-1.3949050903320312
2,identity,128,jpn,0.5973195433616638,0.393400102853775,0.6997040510177612
2,identity,128,tur,0.8141453266143799,0.6448957324028015,1.0262346267700195
2,identity,128,vie,0.07176752388477325,0.043091192841529846,0.06116153672337532
2,identity,128,ind,-0.3600267767906189,-0.5216101408004761,0.2990415394306183
2,abelian,64,eng,-2.8958940505981445,-2.909771203994751,0.2826356887817383
2,abelian,64,deu,0.3625507056713104,0.3772011995315552,-0.07209283858537674
2,abelian,64,fra,2.934295654296875,2.9354195594787598,0.007123778108507395
2,abelian,64,spa,1.0154367685317993,1.0288883447647095,-0.06183939427137375
2,abelian,64,rus,-1.639162302017212,-1.6357074975967407,0.09600751847028732
2,abelian,64,hin,1.6608641147613525,1.6658363342285156,-0.0036494964733719826
2,abelian,64,arb,2.300893545150757,2.314303159713745,-0.11949813365936279
2,abelian,64,zho,-0.9801428318023682,-0.9216307997703552,-0.49210190773010254
2,abelian,64,jpn,-2.305422067642212,-2.294689893722534,0.05710709095001221
2,abelian,64,tur,3.5907936096191406,3.5538134574890137,0.35999301075935364
2,abelian,64,vie,-0.31537243723869324,-0.30569979548454285,-0.012437861412763596
2,abelian,64,ind,-3.518592596054077,-3.527829647064209,0.27874091267585754
2,abelian,128,eng,-3.702568531036377,-3.6911089420318604,-0.004186419304460287
2,abelian,128,deu,0.4127199351787567,0.42600852251052856,-0.060485802590847015
2,abelian,128,fra,3.647205114364624,3.64111065864563,0.07970991730690002
2,abelian,128,spa,1.2380653619766235,1.2495360374450684,-0.0547918975353241
2,abelian,128,rus,-2.096827507019043,-2.103782892227173,0.11125745624303818
2,abelian,128,hin,2.0421905517578125,2.040196418762207,0.051861949265003204
2,abelian,128,arb,2.891741991043091,2.9353058338165283,-0.3345242142677307
2,abelian,128,zho,-1.2862812280654907,-1.5314468145370483,1.671138882637024
2,abelian,128,jpn,-2.968632698059082,-2.8517820835113525,-0.641833484172821
2,abelian,128,tur,4.5291008949279785,4.5389180183410645,-0.10186430811882019
2,abelian,128,vie,-0.4358375668525696,-0.3844500184059143,-0.2784714996814728
2,abelian,128,ind,-4.510024547576904,-4.461406707763672,-0.2220446616411209
2,nonabelian,64,eng,-0.3375713527202606,-0.5253791809082031,-0.6711132526397705
2,nonabelian,64,deu,0.17797769606113434,0.31264910101890564,0.29820355772972107
2,nonabelian,64,fra,-0.22356238961219788,-0.37100180983543396,-0.14085891842842102
2,nonabelian,64,spa,0.3986093997955322,0.6394944787025452,1.109670877456665
2,nonabelian,64,rus,-0.07462125271558762,-0.4241527318954468,-1.2998542785644531
2,nonabelian,64,hin,0.737631618976593,0.849750816822052,-0.3806805908679962
2,nonabelian,64,arb,0.9826450943946838,0.9932478070259094,-0.07312563061714172
2,nonabelian,64,zho,-0.8563826084136963,-1.0463902950286865,-0.0708232969045639
2,nonabelian,64,jpn,0.10200228542089462,0.27405470609664917,0.3439481258392334
2,nonabelian,64,tur,-0.032234180718660355,0.16557230055332184,0.21351121366024017
2,nonabelian,64,vie,-1.563071608543396,-1.2935175895690918,1.0484049320220947
2,nonabelian,64,ind,0.3958094120025635,0.36916059255599976,-0.07735265046358109
2,nonabelian,128,eng,-1.0925580263137817,-1.2491151094436646,-1.0914775133132935
2,nonabelian,128,deu,0.3636281192302704,0.8199883103370667,0.3383186459541321
2,nonabelian,128,fra,-0.3210381865501404,0.07828989624977112,0.48675864934921265
2,nonabelian,128,spa,0.5569674372673035,1.5099166631698608,1.0306167602539062
2,nonabelian,128,rus,-0.7187449336051941,-1.207299828529358,-0.8942388296127319
2,nonabelian,128,hin,0.7269079089164734,0.9178085923194885,-0.45128726959228516
2,nonabelian,128,arb,1.327316403388977,1.115415096282959,-1.0790547132492065
2,nonabelian,128,zho,-2.212761878967285,-1.351102590560913,1.322664499282837
2,nonabelian,128,jpn,0.7634721994400024,0.4558601677417755,-0.37441322207450867
2,nonabelian,128,tur,0.16847379505634308,0.589863121509552,0.07719481736421585
2,nonabelian,128,vie,-0.7137128114700317,-0.5776036381721497,0.9063894152641296
2,nonabelian,128,ind,-0.01048701535910368,-0.14941954612731934,-0.5474174618721008
26,real,64,eng,-1.1125128269195557,-1.3667770624160767,-0.46743983030319214
26,real,64,deu,0.37758198380470276,0.30555596947669983,-0.47882819175720215
26,real,64,fra,0.07299347221851349,-0.09519919753074646,-1.3855170011520386
26,real,64,spa,0.10135675221681595,-0.0472269169986248,-0.8044198751449585
26,real,64,rus,0.062387652695178986,0.03653847053647041,0.034546222537755966
26,real,64,hin,0.9415916800498962,0.8656356334686279,0.8170488476753235
26,real,64,arb,0.14833295345306396,0.12264081090688705,0.25674542784690857
26,real,64,zho,-1.5659258365631104,-1.4231839179992676,0.626384437084198
26,real,64,jpn,-0.6626650094985962,-0.21985681354999542,1.2399442195892334
26,real,64,tur,1.6528215408325195,1.6737362146377563,0.24301157891750336
26,real,64,vie,-0.15362130105495453,-0.19574128091335297,0.0906868577003479
26,real,64,ind,0.21995481848716736,0.16692030429840088,-0.36586397886276245
26,real,128,eng,-2.151963949203491,-2.5989186763763428,-0.10478269308805466
26,real,128,deu,0.4007551074028015,0.08648083359003067,1.064866542816162
26,real,128,fra,-0.353786826133728,-1.2627400159835815,1.6435497999191284
26,real,128,spa,-0.33995532989501953,-0.7748839259147644,1.2274986505508423
26,real,128,rus,0.15035396814346313,-0.06497444957494736,0.14734259247779846
26,real,128,hin,2.127169370651245,2.1832478046417236,-0.5160354375839233
26,real,128,arb,0.345038503408432,0.2454909086227417,0.0053145550191402435
26,real,128,zho,-1.843394160270691,-1.4700062274932861,-2.308295249938965
26,real,128,jpn,0.2608524560928345,1.091860294342041,-2.2150120735168457
26,real,128,tur,2.571380138397217,2.621455430984497,0.5121800899505615
26,real,128,vie,-0.0800427719950676,-0.01575443521142006,-0.575072705745697
26,real,128,ind,0.27733147144317627,0.08758293092250824,0.300952672958374
26,identity,64,eng,-0.37911146879196167,-0.3398923873901367,0.1219656690955162
26,identity,64,deu,0.03288693353533745,0.03798530623316765,0.03244614228606224
26,identity,64,fra,-0.0081231240183115,0.006013785023242235,0.06098413094878197
26,identity,64,spa,0.2130669206380844,0.261844277381897,0.19082435965538025
26,identity,64,rus,-0.0014874290209263563,0.0033245407976210117,0.04431888461112976
26,identity,64,hin,0.18982091546058655,0.15900449454784393,0.05763531103730202
26,identity,64,arb,0.0246468223631382,0.031015165150165558,0.050269100815057755
26,identity,64,zho,-0.4818582832813263,-0.4474949240684509,-0.1990220993757248
26,identity,64,jpn,0.1381106674671173,0.12011707574129105,0.01915298029780388
26,identity,64,tur,0.20126883685588837,0.20239396393299103,-0.46944472193717957
26,identity,64,vie,0.028121456503868103,0.04625881463289261,0.03368457779288292
26,identity,64,ind,0.12806735932826996,0.11963657289743423,0.05678406357765198
26,identity,128,eng,-0.9429477453231812,-1.0630048513412476,0.15240183472633362
26,identity,128,deu,0.07913266867399216,-0.05027838051319122,0.0969010517001152
26,identity,128,fra,0.01932322420179844,-0.1347104012966156,0.06999068707227707
26,identity,128,spa,0.13525088131427765,-0.045516662299633026,0.12141168862581253
26,identity,128,rus,0.007115241140127182,-0.10103955864906311,0.09541458636522293
26,identity,128,hin,0.44183117151260376,0.2940205931663513,0.2200412154197693
26,identity,128,arb,0.04109654575586319,-0.09092053771018982,0.12748458981513977
26,identity,128,zho,-0.4076516330242157,0.14833955466747284,-1.2268989086151123
26,identity,128,jpn,0.23915226757526398,0.05163893476128578,0.1917744278907776
26,identity,128,tur,0.7983160018920898,0.8045532703399658,0.2462494969367981
26,identity,128,vie,0.005882146302610636,-0.13817934691905975,0.08072179555892944
26,identity,128,ind,0.008265210315585136,-0.09769359976053238,0.11064813286066055
26,abelian,64,eng,-2.6342411041259766,-2.6330349445343018,-0.2516961991786957
26,abelian,64,deu,0.28671297430992126,0.2873024344444275,0.016455335542559624
26,abelian,64,fra,2.602078914642334,2.6009578704833984,-0.125763937830925
26,abelian,64,spa,0.8862780928611755,0.8875040411949158,0.18144679069519043
26,abelian,64,rus,-1.4495307207107544,-1.4481297731399536,0.01515022199600935
26,abelian,64,hin,1.4760820865631104,1.4764325618743896,0.09643189609050751
26,abelian,64,arb,2.0392541885375977,2.03894305229187,-0.009167569689452648
26,abelian,64,zho,-0.8663259744644165,-0.867827832698822,-0.31244346499443054
26,abelian,64,jpn,-2.025538921356201,-2.0227410793304443,0.11842037737369537
26,abelian,64,tur,3.196582555770874,3.195551633834839,-0.028587382286787033
26,abelian,64,vie,-0.2904469668865204,-0.28945106267929077,-9.753659833222628e-05
26,abelian,64,ind,-3.205432415008545,-3.201019525527954,0.297599196434021
26,abelian,128,eng,-2.9267261028289795,-2.918792963027954,0.14727570116519928
26,abelian,128,deu,0.30977070331573486,0.31661224365234375,-0.05806271359324455
26,abelian,128,fra,2.868448257446289,2.857476234436035,0.07755506038665771
26,abelian,128,spa,0.971365213394165,0.9778709411621094,-0.10559555888175964
26,abelian,128,rus,-1.6062289476394653,-1.5924617052078247,-0.05706096813082695
26,abelian,128,hin,1.629310131072998,1.6384414434432983,-0.2088867574930191
26,abelian,128,arb,2.2453763484954834,2.2403526306152344,0.025258313864469528
26,abelian,128,zho,-0.9677491188049316,-1.021979808807373,1.0470409393310547
26,abelian,128,jpn,-2.247034788131714,-2.211705207824707,-0.33377784490585327
26,abelian,128,tur,3.5336740016937256,3.5247409343719482,-0.0027179759927093983
26,abelian,128,vie,-0.32958710193634033,-0.3194096088409424,-0.07240129262208939
26,abelian,128,ind,-3.5473945140838623,-3.517491579055786,-0.24093438684940338
26,nonabelian,64,eng,-0.95632004737854,-1.0906860828399658,-0.19545763731002808
26,nonabelian,64,deu,0.2853962481021881,0.2745455503463745,-0.4180065095424652
26,nonabelian,64,fra,0.14281383156776428,0.3991558253765106,0.7213009595870972
26,nonabelian,64,spa,1.1363409757614136,1.0768227577209473,-0.15425866842269897
26,nonabelian,64,rus,-0.47615692019462585,-0.5271915197372437,0.04189438372850418
26,nonabelian,64,hin,0.37814876437187195,0.17777636647224426,-0.17753976583480835
26,nonabelian,64,arb,0.3207765519618988,0.13806167244911194,-0.5503429770469666
26,nonabelian,64,zho,-0.2658172845840454,-0.22159892320632935,-0.030174484476447105
26,nonabelian,64,jpn,0.039596788585186005,0.30265170335769653,0.21009592711925507
26,nonabelian,64,tur,0.06057069078087807,0.10454510897397995,0.14014500379562378
26,nonabelian,64,vie,-0.5415247082710266,-0.16512911021709442,1.0470353364944458
26,nonabelian,64,ind,0.18151339888572693,-0.07107248157262802,-0.6193094253540039
26,nonabelian,128,eng,-1.0398038625717163,-1.0997198820114136,0.09351387619972229
26,nonabelian,128,deu,0.27669742703437805,0.2846807539463043,0.19805264472961426
26,nonabelian,128,fra,0.014324457384645939,0.08922867476940155,-0.02300543338060379
26,nonabelian,128,spa,1.3282593488693237,1.3128656148910522,-0.5933231115341187
26,nonabelian,128,rus,-0.19612383842468262,-0.2612709403038025,-0.04624522849917412
26,nonabelian,128,hin,0.4808328449726105,0.4550783634185791,0.7183850407600403
26,nonabelian,128,arb,0.2474183738231659,0.2493540197610855,0.8171212673187256
26,nonabelian,128,zho,-0.2178763449192047,0.09678155928850174,-1.302746057510376
26,nonabelian,128,jpn,-0.16531439125537872,-0.21955959498882294,0.403017520904541
26,nonabelian,128,tur,-0.02550441026687622,-0.19222131371498108,-0.02074471302330494
26,nonabelian,128,vie,-0.8239275217056274,-0.7475042343139648,-0.4927371144294739
26,nonabelian,128,ind,0.5108129382133484,0.46136733889579773,0.2228882759809494
8,real,64,eng,-0.617453932762146,-0.7365332841873169,-0.0777256041765213
8,real,64,deu,0.153212770819664,0.051680345088243484,0.2540636360645294
8,real,64,fra,-0.15737353265285492,-0.325926274061203,0.28705886006355286
8,real,64,spa,-0.19599460065364838,-0.3739736080169678,0.25789907574653625
8,real,64,rus,-0.16009540855884552,-0.2546653747558594,0.08465991169214249
8,real,64,hin,1.1960400342941284,1.288233995437622,0.020827094092965126
8,real,64,arb,0.1551341414451599,0.050126250833272934,0.25612929463386536
8,real,64,zho,-0.7815307974815369,-0.6251282095909119,-0.6723082661628723
8,real,64,jpn,0.0757250115275383,0.2649823725223541,-0.7870267033576965
8,real,64,tur,0.7611261010169983,0.8191286325454712,-0.1503324657678604
8,real,64,vie,-0.12683367729187012,-0.23025260865688324,0.18981361389160156
8,real,64,ind,0.18197152018547058,0.08008883148431778,0.4166563153266907
8,real,128,eng,-1.0553189516067505,-1.3162094354629517,-0.28592970967292786
8,real,128,deu,0.20039205253124237,0.007630008272826672,0.342842161655426
8,real,128,fra,-0.28393980860710144,-0.6389309763908386,0.47096601128578186
8,real,128,spa,-0.32053041458129883,-0.6843122243881226,0.4384111762046814
8,real,128,rus,-0.23281517624855042,-0.4442669153213501,0.17325061559677124
8,real,128,hin,2.2935631275177,2.414111375808716,0.07491181045770645
8,real,128,arb,0.18949638307094574,-0.030633768066763878,0.5921146273612976
8,real,128,zho,-1.3061161041259766,-1.0287333726882935,-1.2161897420883179
8,real,128,jpn,0.1530410200357437,0.49613460898399353,-1.3273849487304688
8,real,128,tur,1.510135293006897,1.5961300134658813,-0.26305752992630005
8,real,128,vie,-0.19615085422992706,-0.4257522523403168,0.33659884333610535
8,real,128,ind,0.24168740212917328,0.027844950556755066,0.7164338231086731
8,identity,64,eng,-0.16700831055641174,-0.20876702666282654,-0.229646697640419
8,identity,64,deu,-0.03478576987981796,-0.05871088430285454,-0.0962204709649086
8,identity,64,fra,0.030978666618466377,-0.00449913227930665,-0.05661459639668465
8,identity,64,spa,0.10276030004024506,0.07774381339550018,-0.01037655957043171
8,identity,64,rus,0.015725240111351013,-0.023669378831982613,-0.11950711905956268
8,identity,64,hin,0.2775575816631317,0.33448556065559387,0.26638132333755493
8,identity,64,arb,0.034558288753032684,0.008789828978478909,-0.058096226304769516
8,identity,64,zho,-0.6377385258674622,-0.5840210914611816,0.3136162757873535
8,identity,64,jpn,0.22027312219142914,0.1978551298379898,-0.05395035073161125
8,identity,64,tur,0.024704603478312492,-0.03836863487958908,-0.14887282252311707
8,identity,64,vie,0.10297746956348419,0.07787968963384628,-0.11326827108860016
8,identity,64,ind,-0.021639952436089516,-0.05306076630949974,-0.051434990018606186
8,identity,128,eng,-0.34836575388908386,-0.6289631724357605,0.5785177946090698
8,identity,128,deu,-0.013556833378970623,-0.15445172786712646,0.11042370647192001
8,identity,128,fra,0.018928535282611847,-0.10201557725667953,0.10849090665578842
8,identity,128,spa,0.08604317158460617,-0.03710966184735298,0.04386649280786514
8,identity,128,rus,-0.0151065057143569,-0.18551316857337952,0.17451652884483337
8,identity,128,hin,0.5716123580932617,0.7440663576126099,-0.32733631134033203
8,identity,128,arb,0.09708970785140991,0.025343550369143486,-0.0182246845215559
8,identity,128,zho,-1.0506407022476196,-0.6757768392562866,-1.0299866199493408
8,identity,128,jpn,0.34891900420188904,0.1825307458639145,0.2412043958902359
8,identity,128,tur,0.16378988325595856,0.03571116551756859,0.17628918588161469
8,identity,128,vie,0.09344857931137085,-0.02569941245019436,0.10487817972898483
8,identity,128,ind,-0.044627878814935684,-0.18759533762931824,0.1358506828546524
8,abelian,64,eng,-1.1335653066635132,-1.1360111236572266,-0.14859116077423096
8,abelian,64,deu,0.13668939471244812,0.13536643981933594,-0.05749071016907692
8,abelian,64,fra,1.1188713312149048,1.1183067560195923,-0.02722919173538685
8,abelian,64,spa,0.38866719603538513,0.391569584608078,0.011881250888109207
8,abelian,64,rus,-0.6208734512329102,-0.6143365502357483,0.051972635090351105
8,abelian,64,hin,0.613892138004303,0.630403995513916,0.25770631432533264
8,abelian,64,arb,0.8933075666427612,0.8927022218704224,0.0005811392911709845
8,abelian,64,zho,-0.38139429688453674,-0.4014473259449005,-0.36758148670196533
8,abelian,64,jpn,-0.8949565291404724,-0.8710657954216003,0.3280932307243347
8,abelian,64,tur,1.3705517053604126,1.3591389656066895,-0.15541064739227295
8,abelian,64,vie,-0.13331735134124756,-0.12596920132637024,0.09276492893695831
8,abelian,64,ind,-1.3688381910324097,-1.3629332780838013,0.037551216781139374
8,abelian,128,eng,-1.2872748374938965,-1.2884477376937866,-0.03978881612420082
8,abelian,128,deu,0.13254810869693756,0.1224154531955719,0.0030155228450894356
8,abelian,128,fra,1.2219126224517822,1.2133150100708008,0.001975904917344451
8,abelian,128,spa,0.4131775200366974,0.40676596760749817,-0.010667874477803707
8,abelian,128,rus,-0.7092957496643066,-0.7113185524940491,-0.07345360517501831
8,abelian,128,hin,0.6780868768692017,0.7005671858787537,-0.46419599652290344
8,abelian,128,arb,0.9853358864784241,0.9738457798957825,-0.00847741961479187
8,abelian,128,zho,-0.4477567672729492,-0.5228199362754822,0.9560818672180176
8,abelian,128,jpn,-1.0211669206619263,-0.996444582939148,-0.38304388523101807
8,abelian,128,tur,1.5220867395401,1.49586820602417,0.15322786569595337
8,abelian,128,vie,-0.16547562181949615,-0.16977611184120178,-0.06718644499778748
8,abelian,128,ind,-1.5390287637710571,-1.5442806482315063,-0.030571872368454933
8,nonabelian,64,eng,-0.5151872038841248,-0.5400861501693726,0.1218949630856514
8,nonabelian,64,deu,-0.006851247977465391,0.039105772972106934,-0.42180800437927246
8,nonabelian,64,fra,0.044987183064222336,-0.03654355928301811,0.10952410846948624
8,nonabelian,64,spa,0.5813388228416443,0.5063122510910034,-0.2892403304576874
8,nonabelian,64,rus,-0.15316438674926758,-0.04180178791284561,0.3149571418762207
8,nonabelian,64,hin,0.41996583342552185,0.4111281633377075,0.3621155023574829
8,nonabelian,64,arb,0.2296251356601715,0.19860395789146423,-0.0855526551604271
8,nonabelian,64,zho,-0.30579230189323425,-0.2891187071800232,-0.48825007677078247
8,nonabelian,64,jpn,0.1424197554588318,0.1265038251876831,0.17525620758533478
8,nonabelian,64,tur,-0.022221524268388748,-0.02831115387380123,-0.019468698650598526
8,nonabelian,64,vie,-0.21970811486244202,-0.24196815490722656,0.21215085685253143
8,nonabelian,64,ind,0.16371393203735352,0.2242444008588791,-0.06402979046106339
8,nonabelian,128,eng,-0.4561826288700104,-0.5880142450332642,0.6215505599975586
8,nonabelian,128,deu,-0.0797586441040039,0.003422848880290985,-0.10166935622692108
8,nonabelian,128,fra,-0.009218063205480576,0.07144233584403992,-0.05457262322306633
8,nonabelian,128,spa,0.28626590967178345,0.4679073393344879,-0.7048549652099609
8,nonabelian,128,rus,-0.08224152773618698,-0.16575923562049866,0.17450088262557983
8,nonabelian,128,hin,0.8111253976821899,0.8536319732666016,0.05914054811000824
8,nonabelian,128,arb,0.3820302188396454,0.42148640751838684,0.16048231720924377
8,nonabelian,128,zho,-1.1342641115188599,-0.9546419978141785,-0.7229567766189575
8,nonabelian,128,jpn,0.32755082845687866,0.20567099750041962,0.3599780797958374
8,nonabelian,128,tur,0.1575331687927246,0.1431291550397873,0.18835514783859253
8,nonabelian,128,vie,-0.2079843133687973,-0.2591877281665802,0.22362841665744781
8,nonabelian,128,ind,0.17846807837486267,0.22369517385959625,-0.11908316612243652
