layer,world,m,rho_shift,rho_proc,rho_gpa,rho_torus,rho_torus_r1,rho_torus_r2,rho_torus_r4,L_norm2,splithalf_L_corr,splithalf_L_signal2,ang_pr_frac,ang_top4,sh_top4_planes,comm_raw,comm_norm,sh_comm,e_add,e_hol,sh_add,sh_hol,c_comp,c_abelian,n_det_neg,ang_frac_pi,theta1_corr_truth,mantel_t1_script_p,mantel_t1_family_p,mantel_torus_script,mantel_torus_script_p,mantel_torus_family_p,mantel_gpa_script,mantel_gpa_script_p,mantel_gpa_family,mantel_gpa_family_p,theta1_order
14,real,64,0.3430829529137377,0.32677284469294227,0.3262238312598546,0.3304953906614255,0.33477944399008264,0.33124031876591453,0.33004665905000036,2.6065028291244423,0.37581343237446785,1.4850574794795126,0.20915865904098277,0.6620882934866734,1.0466018449513992,0.2229511954554812,1.2548055602414852,1.3138124869516472,0.23885489436898288,0.20348658570477546,0.037920035939414,0.014350147468050248,0.0044620667951245085,0.0058991050364972895,0,0.0,,0.2888555722138931,0.31284357821089454,0.2859491191702955,0.12143928035982009,0.07246376811594203,0.35695208904384806,0.08695652173913043,0.23390130548810764,0.0079960019990005,zho eng spa fra rus vie jpn arb ind deu tur hin
14,real,128,0.40606656492639,0.38673872064647874,0.3851350372046532,0.3869966639982189,0.3936422000991099,0.3888761871716313,0.38630355088488677,10.962924145892371,0.21669284811124792,4.098480370889258,0.19748234307691867,0.47559617335032883,1.0340140665538595,0.1662213845408892,1.3315214082502018,1.7681901561883857,0.4469828871954837,0.357587217739719,0.09321886514230023,0.02692859321151645,0.016444369174358854,0.021669290111582244,2,0.0004734848484848485,,0.27136431784107945,0.31784107946026985,0.25968113693450445,0.13043478260869565,0.06596701649175413,0.3476426848409426,0.09245377311344327,0.2487007251665103,0.005997001499250375,zho eng spa fra vie rus ind arb deu jpn tur hin
14,identity,64,0.32905424921850707,0.33922363606747863,0.33816416143925937,0.33106033110877353,0.3302414687285622,0.33071086711695075,0.33106647644209974,1.4606975326315443,-0.01405665227923994,-0.04230740789926659,0.25907483423108185,0.5892857241727656,364667193548.026,0.21890431252602507,1.24799065881989,-1.3772870818869754,0.541562983505102,0.5239155621881952,0.586171804334577,0.49378705335693307,0.007507291708849686,0.007715185391123611,0,0.0,,0.07146426786606697,0.23788105947026486,0.3917099457497674,0.06546726636681659,0.18290854572713644,0.47829530432917683,0.02848575712143928,0.19084971397366288,0.031484257871064465,zho eng deu arb rus fra ind tur vie spa jpn hin
14,identity,128,0.39070824665138665,0.41468947819036706,0.4115593996334921,0.39514333605355,0.39314599638445524,0.3941725193270388,0.395084486304162,8.758557836643858,0.0008916720679250025,0.01568381368901071,0.21983496454786963,0.4427623481114003,1352517582739.5024,0.16826168204310177,1.3566570553104405,-2.933551060997401,0.7459559386174307,0.6838713073128826,4.199957139807331,2.3499814056811665,0.028026765504241356,0.029799888032524997,0,0.0,,0.044977511244377814,0.2933533233383308,0.3752691656393201,0.07746126936531735,0.23938030984507747,0.32338536511039706,0.1294352823588206,0.12341290620042102,0.1329335332333833,zho eng arb rus vie fra deu ind spa tur jpn hin
14,abelian,64,0.38633842440231664,0.3393231091822215,0.3382602946460658,0.3307450937924724,0.3298550483311454,0.330373797972869,0.33080122306926996,3.9492443875119463,0.32977936907660316,2.4220524962836354,0.2191920162766116,0.6818573357840377,25641691439.35058,0.14619327645333252,0.826096241869765,-0.03784096895616597,0.24498541525057427,0.2309259390952596,-0.010554639485329137,-0.008882773067765692,0.007489221839932054,0.00822936411443646,0,0.0,0.99993690382409,0.8775612193903048,0.45527236381809094,-0.15781119509292085,0.8455772113943029,0.4312843578210895,-0.1363337814544381,0.7816091954022989,0.0644929828485675,0.3728135932033983,ind eng jpn rus zho vie deu spa hin arb fra tur
14,abelian,128,0.4389204878054037,0.41473579308689573,0.41161447716801797,0.39455363258561055,0.3926456612598232,0.3936451761240522,0.39461978918701746,11.223946410224622,0.10323218331520205,2.4413434103057208,0.2227421561431874,0.44796470228948254,248468718857.19427,0.1426332845219725,1.137388782010204,-0.09522912312965386,0.5958465101225644,0.5420281954243912,0.01785634435492673,0.008065624493672137,0.02789692917222622,0.03046454764712221,0,0.0,0.9998803998139506,0.8785607196401799,0.463768115942029,-0.10851632176634537,0.7261369315342329,0.4057971014492754,-0.053683930939297894,0.616191904047976,0.09845801031916727,0.23938030984507747,ind eng jpn rus zho vie deu spa hin arb fra tur
14,nonabelian,64,0.3867537179098792,0.33923278581561167,0.3381702565565048,0.37158561368847537,0.38163531000664397,0.37820629287656604,0.3738366596662301,4.070613735320131,0.4510014836036199,2.5416185086968683,0.3383752731345954,0.5191810587345681,0.7557087295416995,0.18566424387540933,1.0584371563310568,1.5015014524516164,0.2217630988794065,0.1880737185390245,0.02156268342204473,-0.0057651197567941395,0.007456508739301456,0.010181855696858231,0,0.0,,0.7936031984007996,0.9290354822588706,-0.16211954761864597,0.7581209395302348,0.7581209395302348,0.2819882583097969,0.1199400299850075,0.16237865564165885,0.0544727636181909,eng vie rus zho fra deu tur jpn arb ind hin spa
14,nonabelian,128,0.4392769003429165,0.4146302440149609,0.411498608109285,0.42664290629611595,0.4363172502302006,0.4334030466233829,0.4301893257204794,11.341467432693033,0.12074583232409991,2.5487813455277455,0.28319813696987156,0.37159329767715,1.2699299937809205,0.14739466013764868,1.1773607944235216,2.609121098835978,0.5876468799220941,0.5266359515802642,0.06367176880454518,0.022526365765585636,0.027904513132918495,0.032243960999169784,0,0.0,,0.08295852073963018,0.39580209895052476,-0.021136202894039436,0.5177411294352824,0.712143928035982,0.291926283145996,0.14292853573213393,0.12341438486536442,0.13093453273363317,zho eng vie tur rus fra deu jpn ind spa arb hin
2,real,64,1.3560309493163134,1.2287465159372117,1.2190436972699124,1.261459906228219,1.3027419109011613,1.2709347651227891,1.2587038210266746,62.056599089224186,0.13768448203119332,10.310028054877655,0.262804623357873,0.596177099429644,1.9119479740183316,0.2066403959798917,1.1707942042812105,1.152300353389537,2.0929470993349604,1.192680684879655,0.9013198466156928,0.08700481678440436,0.4305823751585828,0.6071898372476701,33,0.03125,,0.17091454272863568,0.19440279860069964,0.37107463982036965,0.07546226886556721,0.01649175412293853,0.31940889684050133,0.11794102948525736,0.24771904807294065,0.0024987506246876563,zho eng jpn vie rus spa fra deu arb ind tur hin
2,real,128,1.4371964479089934,1.316822046811603,1.3095511646410027,1.333782739089056,1.3799920133723584,1.3523431310209706,1.3342032580875312,192.91573349365555,0.07402597487477976,17.048384835514675,0.3254684929461403,0.33296073547684757,1.714110616166405,0.14426668086329064,1.1609078976424643,0.8718169815420461,2.3676957403709387,0.9982808081077248,0.9915529090733359,0.009171596536447406,0.5318232454235905,0.7977388719496725,35,0.038825757575757576,,0.10844577711144428,0.17491254372813594,0.3890973727665122,0.06346826586706647,0.010994502748625687,0.3270768097882803,0.11144427786106946,0.2716747464778751,0.009995002498750625,zho eng jpn vie spa fra rus deu ind arb tur hin
2,identity,64,1.2511709434241682,1.3145554384321578,1.290919264327291,1.2591691938370293,1.2552088959040553,1.2573657672431644,1.2592409886879146,29.694028413273067,0.0028227789848717755,0.16831586557138292,0.19523270719063876,0.6667081369226443,4659808870508.516,0.21644100036368774,1.2442235650766613,4.0772468519861835,2.1884688105678145,1.8216775802400726,0.03945198227067228,0.013543714802088795,0.4943047725643743,0.5093346047550869,29,0.014204545454545454,,0.48075962018990503,0.11544227886056972,0.09981039335672069,0.33483258370814595,0.19990004997501248,0.18477144039430282,0.22138930534732634,0.3082485205004253,0.0009995002498750624,zho eng ind rus fra deu spa vie hin jpn arb tur
2,identity,128,1.3256373828612829,1.4314837483155303,1.404446869894357,1.3413532433059803,1.3342785735805593,1.3371430889225449,1.3406991398025856,127.10362951900909,0.0014940069144252148,0.2733218920685165,0.24775235048298747,0.41554956044605496,9553415592389.09,0.15228592015489142,1.220172938521839,1.394429151764694,2.4004650240676235,1.3802937462453542,3.5824818720852476,0.08159535224423864,0.6986408412576145,0.774257057286918,27,0.020833333333333332,,0.09145427286356822,0.12293853073463268,0.22850713757774377,0.18040979510244878,0.1409295352323838,0.35227822691807054,0.09345327336331834,0.198429528170271,0.038980509745127435,zho eng rus ind spa fra hin deu vie jpn tur arb
2,abelian,64,1.3935694365407534,1.3165543850313655,1.2923275837310666,1.2768596828395637,1.2616665350663099,1.262713899458823,1.2634034415869144,49.22460276536356,0.1339022777866972,10.325658120919,0.22428399478972832,0.6506172203407568,501583458573.5207,0.1978879277013796,1.1383489339039299,0.8316977327679704,2.265119701725754,1.1367202695273106,2.019805999690619,0.02380781217812367,0.5097384990006986,0.5889297329472066,21,0.020359848484848484,0.9999432705813107,0.8785607196401799,0.4387806096951524,-0.10535222415544886,0.7841079460269865,0.45977011494252873,-0.12062641587182085,0.7866066966516742,0.05376972576752213,0.3588205897051474,ind eng jpn rus zho vie deu spa hin arb fra tur
2,abelian,128,1.4376289923757295,1.4325421357693173,1.4065067077720002,1.3390646778427213,1.334481052469211,1.3372807166372827,1.3393296571594568,142.03499927868006,0.037200280724415245,7.682942251251002,0.26495029759553956,0.39398824248673564,2420874452821.006,0.1471925904386778,1.1854023694700535,1.9147091350766932,2.3903722570623644,1.235417840082215,1.7573128351643876,0.0005640360570748532,0.708259034139251,0.8445771270919886,40,0.024857954545454544,0.9999411037600506,0.8775612193903048,0.42628685657171417,-0.10274345061567867,0.7496251874062968,0.4482758620689655,0.11677506012138432,0.2798600699650175,0.14837327637186906,0.12093953023488256,ind eng jpn rus zho vie deu spa hin arb fra tur
2,nonabelian,64,1.395798797497268,1.3166492728200907,1.292168995347425,1.348324238807398,1.3816419796692097,1.3727526561960766,1.3586666132327048,45.25153139206398,0.15893368601590147,10.7383309894351,0.2675564095655182,0.5688714521730612,1.3858395535231554,0.19562855305047225,1.112500358886098,1.700747289010556,1.7066396694487231,1.2391761343424792,0.23729187009842476,-0.009258308112994384,0.5203288123600668,0.6166533988801775,29,0.016571969696969696,,0.40429785107446276,0.3263368315842079,-0.12134892428522112,0.7191404297851074,0.49525237381309345,0.10589825738473065,0.2898550724637681,0.1512970625509797,0.09945027486256872,vie zho eng fra rus tur jpn deu ind spa hin arb
2,nonabelian,128,1.4387748979879271,1.4319820901338964,1.406685303932722,1.4061363791005204,1.4350692345031768,1.42763845067497,1.4165408516704643,140.50961095591413,0.04850768600869536,9.517627868777195,0.27884493115074943,0.38359529340986587,2.3959616239251047,0.14528278701141242,1.1650974152336189,2.8572902323616325,2.23983285873974,1.250962125658703,0.31298953613194186,0.008427184600408566,0.7121871399170789,0.8546625261437901,33,0.021780303030303032,,0.04047976011994003,0.545727136431784,-0.11167208637463368,0.6831584207896052,0.7631184407796102,0.3204832416750126,0.09795102448775612,0.1887437943863676,0.06196901549225387,zho eng rus vie fra ind tur deu spa hin jpn arb
26,real,64,0.6072340652745525,0.46002639502837483,0.4597001803765201,0.5128601284930214,0.5518033601424874,0.5231798914800713,0.501751396234033,6.258647636346797,0.5793734322353076,4.3075599141201675,0.12831223534741315,0.769762067234562,0.9152248335517746,0.2805136171801026,1.5714227063007178,2.491288760885264,0.6269213468175355,0.3037423844591876,0.44671795665679276,0.100159702705115,0.00970345444364579,0.036626303542158685,3,0.0014204545454545455,,0.4267866066966517,0.3683158420789605,-0.09375042264056134,0.6551724137931034,0.1854072963518241,0.17481491441929592,0.20539730134932535,0.14180226964151985,0.12493753123438281,zho eng jpn vie rus fra spa arb ind deu hin tur
26,real,128,0.6984542248546942,0.5054322665126586,0.5042525423680928,0.5619348105975772,0.6333669840275843,0.5836379367853772,0.5575901783900262,20.346675464242402,0.31107406638826474,9.051355780971333,0.13704597516983366,0.5692653802357953,0.9124379401415117,0.1814982791877354,1.455911223757298,2.2793197661768394,0.8529268537450462,0.5637141136369092,0.35702006573255946,0.05093103399729631,0.024691351938504507,0.07876519143554529,13,0.0033143939393939395,,0.5752123938030984,0.4272863568215892,0.14408916637253286,0.25687156421789104,0.14742628685657172,0.3097341488632485,0.11794102948525736,0.1989582542768012,0.049475262368815595,eng zho fra spa vie rus jpn ind arb deu hin tur
26,identity,64,0.4127500685020626,0.4248997121781772,0.42349251141556216,0.4158928657577401,0.41429054917900865,0.4148521311327365,0.4157278329182989,2.607282079267488,-0.015063086745201987,-0.1323405285668913,0.12706717304835058,0.7737652293536471,672521351389.8853,0.27619530083447885,1.5710662758852378,-77.67759582201438,1.0033590853277208,0.912546505233944,1.268016034559436,0.6126699772899644,0.0305860494365681,0.026871492388044,2,0.000946969696969697,,0.3543228385807096,0.7116441779110445,-0.21940480191242026,0.7791104447776112,0.6596701649175413,-0.0628195025475698,0.5782108945527237,0.058065764816443995,0.2958520739630185,zho eng fra rus arb vie deu ind jpn hin tur spa
26,identity,128,0.4935163671175331,0.5195051841473239,0.5165375106810597,0.5013384380398078,0.49658675402373165,0.49798814304994465,0.49964701259411015,14.395881996691656,0.01079906308484256,0.31828654419096786,0.10778896315320968,0.6447585852635663,2053369730262.2031,0.2118636591252781,1.714848788849833,-5.088552368881066,1.2688780735882228,1.0539787622701022,1.5237878815190875,0.10134293605187733,0.08365121045084992,0.08888816605275544,6,0.0014204545454545455,,0.6921539230384808,0.6831584207896052,-0.17177675558911312,0.7166416791604198,0.783608195902049,-0.010964849978934769,0.5012493753123438,-0.05703632570866972,0.6941529235382309,eng zho vie rus ind fra arb deu spa jpn hin tur
26,abelian,64,0.659090832831633,0.42551641102289406,0.42408668376766995,0.41560216581651355,0.41416897164730293,0.4148840599110996,0.41557731430637945,18.503143516817257,0.5572206933764412,14.313849326037582,0.13665333965155346,0.8489456526640891,1.9198552864070972,0.12101477624572582,0.6898219041219714,0.014726411156250683,1.287835695841033,0.17630843375059885,1.7453779863594487,0.0004522153108541958,0.029290047764430057,0.031533792868297855,2,0.005208333333333333,0.9999856765829007,0.8835582208895553,0.4337831084457771,-0.14783608402756301,0.8645677161419291,0.4522738630684658,-0.14714453063507893,0.8370814592703648,0.025252289611522254,0.4312843578210895,ind eng jpn rus zho vie deu spa hin arb fra tur
26,abelian,128,0.6957246455505204,0.5197071828451695,0.5167084195942528,0.5009164431172355,0.496844490274628,0.498147787609703,0.49957297649936366,30.258963550675205,0.28089038141470735,14.399998142879037,0.11632169933085815,0.6544458706579881,136752341207.67824,0.13779090955925377,1.0808065542798948,0.11033872907315216,1.4488839668981799,0.565735859499752,1.7827132674779638,-0.00020970601842512047,0.08311535312029428,0.09787930859404503,5,0.0033143939393939395,0.9999817026694413,0.8850574712643678,0.4397801099450275,-0.1462981125691771,0.8415792103948025,0.43928035982008995,-0.14051174747886058,0.7981009495252374,0.02740892847393509,0.4522738630684658,ind eng jpn rus zho vie deu spa hin arb fra tur
26,nonabelian,64,0.6580343939563741,0.4261495632528714,0.4247379722754279,0.5885309642281162,0.6348625494600996,0.618086010680073,0.598659543248742,14.780360484413688,0.6911231521918733,11.798491243578797,0.2873951914473025,0.5734261466630487,0.6672493352460642,0.20305455973434997,1.1551941222243003,1.5784012992209882,0.334619767431805,0.18107766145854612,0.15479731209186484,0.005131804898593081,0.02948606996336366,0.06997338504438427,1,0.0004734848484848485,,0.7851074462768616,0.9435282358820589,-0.30382980954186767,0.9250374812593704,0.8040979510244878,-0.19065586738926357,0.8430784607696152,0.053055005788956396,0.3378310844577711,eng vie rus zho jpn tur fra ind deu arb hin spa
26,nonabelian,128,0.6947995742608564,0.5201515618618875,0.5171229977032854,0.6310898928172723,0.6766905821269898,0.6631934794237072,0.6467671979179412,26.747922426492405,0.30482130376045946,11.767112204748829,0.1950173523689763,0.46999456612435275,0.7690174499482659,0.16607956889299258,1.3280627727832977,3.133538962263192,0.8032510336327777,0.6017131443270874,0.184210208058138,-0.0017219895927259698,0.08352771523599824,0.12675915781782818,4,0.000946969696969697,,0.9170414792603698,0.9475262368815592,-0.3115567775006894,0.9245377311344328,0.960519740129935,-0.05965196177362284,0.5847076461769115,-0.0331680312469854,0.6221889055472264,eng vie zho rus jpn tur fra arb deu hin ind spa
8,real,64,0.5883750793890474,0.5470004070138328,0.5453392155471668,0.5555703594387031,0.564303953342398,0.5569557941620485,0.5543876497670234,5.657845638171623,0.3365064264100079,2.744559083433566,0.2174638794533473,0.6377842943423782,1.0269328381611702,0.22209711842749824,1.276394496246447,1.1998183476241715,0.4423109637744023,0.3476219295848766,0.05526502882422071,0.054995059967659965,0.02179869764532614,0.028318918312896152,2,0.000946969696969697,,0.27636181909045476,0.30834582708645675,0.2877794212564387,0.11094452773613193,0.05297351324337831,0.3477719372908019,0.0944527736131934,0.24335765235591125,0.004997501249375313,zho eng spa rus fra vie jpn deu arb ind tur hin
8,real,128,0.6878026966221867,0.6432927392609933,0.638591288145385,0.6459107894522942,0.6591115209781024,0.6494872910833867,0.644125990252449,25.63061903345637,0.15589920866035265,6.654480039257203,0.22107175404837376,0.4383291151797447,1.1496136170777447,0.1592392370159833,1.270024102012621,1.1476570883596056,0.8525979591743151,0.6485658548651194,0.1474615392262357,0.015643475422172027,0.06726392492952087,0.09242251368543082,8,0.002130681818181818,,0.2818590704647676,0.26186906546726635,0.31171625781688944,0.10994502748625687,0.025987006496751622,0.35379337490604296,0.09795102448775612,0.2784915622508989,0.0029985007496251873,zho eng spa fra rus vie jpn arb deu ind tur hin
8,identity,64,0.5537907472125327,0.5726102135917117,0.5693419863614863,0.5574067748414854,0.5558412215572407,0.5565649377028945,0.5573056191540481,3.2145474183588982,-0.007567281805583379,-0.05087030850831155,0.24736237671619957,0.6019133603515325,686958741527.4828,0.2274922446357116,1.291655892421572,0.12491956029253533,0.8929500813644172,0.8500340158448567,2.1890832718947575,2.013959291432483,0.03137646167732028,0.032463626745306014,0,0.0,,0.08045977011494253,0.21639180409795103,0.37200161711906615,0.08095952023988005,0.19740129935032483,0.45749389914597877,0.043478260869565216,0.18743743729715603,0.03498250874562719,zho eng deu ind rus tur fra arb spa vie jpn hin
8,identity,128,0.6494537239015267,0.6932524324505517,0.6844234833389389,0.6568147214028388,0.6532749180935926,0.6547713252292995,0.6567195659292743,19.20330296859336,0.0008271989332647631,0.02520464428847465,0.22840423324694173,0.4336121028705855,2843929066028.827,0.16588673874930257,1.3288369544395453,4.773373042106752,1.1770698036078298,1.0439659831918395,0.3874658257208815,2.777163760238332,0.10227526671317907,0.10917083116433628,1,0.00023674242424242425,,0.06596701649175413,0.24237881059470265,0.2972758735397448,0.13043478260869565,0.2898550724637681,0.42793560194262925,0.05747126436781609,0.19776060157309358,0.025487256371814093,zho eng ind rus deu fra spa vie arb tur jpn hin
8,abelian,64,0.613271965057167,0.5726814007138077,0.5694339157820253,0.5566933590023098,0.5552366384241726,0.556014633085458,0.5566574776599285,6.360558766789821,0.24691877631376527,3.0414852108757002,0.23662992656613152,0.6456175806661755,34406039349.95346,0.1674024124537993,0.9378560642659645,-0.019595733242749398,0.5075019347271137,0.47289219388903597,-0.028640263718452488,-0.032407977343562176,0.03113732566013942,0.03365095963797933,0,0.0,0.9999214518658844,0.8825587206396801,0.46276861569215394,-0.16164932526119016,0.8465767116441779,0.4312843578210895,-0.12538812253314444,0.7641179410294853,0.07124236777741635,0.3548225887056472,ind eng jpn rus zho vie deu spa hin arb fra tur
8,abelian,128,0.6969297007618075,0.6931248842907868,0.6843552418659333,0.6561957952277366,0.6527421915589287,0.6544314690662731,0.6558968311999402,22.14767382454556,0.06362160408205056,2.99523616774459,0.23901056493110198,0.42294393195340396,511749861365.93896,0.14888135046864323,1.1959663441015982,-0.41484579830128854,1.0194113346674991,0.8947536585089109,0.00798827085815071,0.028921656358947258,0.10124949274952813,0.10993571674865725,2,0.0004734848484848485,0.9998927960255976,0.8775612193903048,0.447776111944028,-0.06365609926996121,0.6221889055472264,0.36481759120439783,0.00010146992985917693,0.4992503748125937,0.1270182566653309,0.14192903548225888,ind eng jpn rus zho vie deu spa hin arb fra tur
8,nonabelian,64,0.6132030362562642,0.5726591582942638,0.5694147098242824,0.5986102466701084,0.608911153532511,0.6059554236806335,0.6016807099854063,6.242825146705273,0.3031536892619943,2.8960666011715306,0.3513696123256714,0.5018765748609992,0.9064972766008444,0.18645283356896744,1.0748987390366032,1.6159854304040306,0.4857456416388075,0.43275760265450747,-0.014915513249661233,-0.04430845194376905,0.030697660990079697,0.03584615780148492,0,0.0,,0.6456771614192903,0.8430784607696152,-0.043410690683678206,0.559720139930035,0.8970514742628686,0.2902006978175703,0.1199400299850075,0.17380465045243956,0.04147926036981509,eng zho vie rus tur deu fra jpn ind arb hin spa
8,nonabelian,128,0.69689314241266,0.6931327476179179,0.684325964669056,0.687451543109078,0.6958691219866856,0.6938562183447292,0.691146674358192,22.056775677201884,0.06428779560187309,2.826197834551305,0.27118654864166447,0.38835903654953524,2.25049240584454,0.15098326859875183,1.2117407137166376,3.01815968278876,1.021169331325432,0.8907231203390849,0.011842122238855484,0.014732439867840074,0.10123598350725764,0.1117359532319464,2,0.0004734848484848485,,0.053973013493253376,0.26436781609195403,0.1397627241922277,0.22988505747126436,0.31584207896051975,0.38653735926943084,0.06746626686656672,0.19929943670313957,0.022488755622188907,zho eng vie rus deu fra tur ind spa jpn arb hin
