layer,k,cocycle,spectral_frac
0,64,0.6775175333023071,0.7718699354294553
0,128,0.6799439191818237,0.7742839689881942
0,256,0.6987218856811523,0.7926844069785389
1,64,0.7017245292663574,0.7869399005566416
1,128,0.6957821249961853,0.7856999351028081
1,256,0.721156120300293,0.8057653165297006
2,64,0.7250309586524963,0.8044033217748838
2,128,0.7202595472335815,0.8017030066578567
2,256,0.7417489886283875,0.819155197671661
3,64,0.7470868229866028,0.8206142593692235
3,128,0.7476860880851746,0.8208661516557291
3,256,0.768108606338501,0.8364792710648453
4,64,0.783804714679718,0.8466755821224625
4,128,0.7769469022750854,0.8410899343978402
4,256,0.7864880561828613,0.848412394725159
5,64,0.8173187971115112,0.8702493549750624
5,128,0.8037773370742798,0.8597771375056805
5,256,0.8045298457145691,0.8608818309560872
6,64,0.8259366154670715,0.8767588096495068
6,128,0.8092132210731506,0.8640742961905588
6,256,0.8095247745513916,0.8643640603929592
7,64,0.8551948070526123,0.8980973262618747
7,128,0.8324401378631592,0.8800627458403382
7,256,0.8215845823287964,0.872956702110403
8,64,0.8894166350364685,0.9208284182300225
8,128,0.868061900138855,0.9055934475274118
8,256,0.8508753776550293,0.8936294550809691
9,64,0.9044302701950073,0.932534514282589
9,128,0.881328821182251,0.915450935525894
9,256,0.8630288243293762,0.9019881264256909
10,64,0.9273509383201599,0.9492068753112056
10,128,0.9067598581314087,0.9336941722368278
10,256,0.8894367814064026,0.920588753656569
11,64,0.9330855011940002,0.9555898261117909
11,128,0.9137295484542847,0.9392360143885607
11,256,0.8939699530601501,0.9242588904294733
12,64,0.9410541653633118,0.9588231379856741
12,128,0.9149737358093262,0.9396227206769336
12,256,0.8942857384681702,0.9240570703181268
13,64,0.940532922744751,0.9588493415300586
13,128,0.9174901843070984,0.9411276409232071
13,256,0.894720733165741,0.9244542485452025
14,64,0.9500381946563721,0.9652227733194976
14,128,0.9221884608268738,0.9450817979287386
14,256,0.8995550870895386,0.9278447950475864
15,64,0.9494448304176331,0.9647032735299975
15,128,0.9189876317977905,0.9425512320214873
15,256,0.8964542150497437,0.9256359604182679
16,64,0.942274272441864,0.9623996682061943
16,128,0.9160677790641785,0.9408858232361764
16,256,0.8930141925811768,0.9235329474371592
17,64,0.9412877559661865,0.9611515801523959
17,128,0.9153063297271729,0.9398876801826711
17,256,0.8919157385826111,0.9225946423400492
18,64,0.9423434138298035,0.9616342941398547
18,128,0.9137864708900452,0.939111984585565
18,256,0.8899595141410828,0.9209490921596752
19,64,0.943216860294342,0.9612221784512558
19,128,0.9143400192260742,0.9393363860586369
19,256,0.8878477215766907,0.9197483414451278
20,64,0.9454240202903748,0.9626171881640239
20,128,0.9126321077346802,0.9376294958827117
20,256,0.8864759206771851,0.91880557250509
21,64,0.938775360584259,0.9576421195705412
21,128,0.907821774482727,0.9344710329589838
21,256,0.8824626803398132,0.9158915580238571
22,64,0.9357848763465881,0.9564052821260512
22,128,0.9078177213668823,0.9346109033326683
22,256,0.885867178440094,0.9183745733246246
23,64,0.9299138188362122,0.9530593456107471
23,128,0.9080471396446228,0.9347307290045258
23,256,0.8862577080726624,0.9188318385278652
24,64,0.9245462417602539,0.9480716425074229
24,128,0.9004085659980774,0.9298083321059623
24,256,0.8838173747062683,0.9172169711649799
25,64,0.9203824996948242,0.9463029888499145
25,128,0.9068683385848999,0.9338663838450731
25,256,0.8872461915016174,0.9192682867998238
26,64,0.9172395467758179,0.9442939573791445
26,128,0.9064277410507202,0.9337283736256788
26,256,0.8850064873695374,0.9179845576254935
27,64,0.9115878939628601,0.9391673310817156
27,128,0.8974385261535645,0.9272772433078588
27,256,0.8741018772125244,0.9100073860032958
28,64,0.8886065483093262,0.9233481044395168
28,128,0.8709120154380798,0.9086630829643836
28,256,0.8516402840614319,0.8947953414582166
