layer,k,pca,lang,captured,stability
0,64,per_lang,eng_Latn,860.6349,19829.068359375
0,64,per_lang,deu_Latn,4106.522,8599.294921875
0,64,per_lang,fra_Latn,2669.2637,31632.255859375
0,64,per_lang,spa_Latn,9215.882,182254.125
0,64,per_lang,rus_Cyrl,6726.424,27366.029296875
0,64,per_lang,hin_Deva,1.0,51076.33984375
0,64,per_lang,arb_Arab,5324.044,7271.0
0,64,per_lang,zho_Hans,3219.606,7907.56982421875
0,64,per_lang,jpn_Jpan,12324.786,142523.40625
0,64,per_lang,tur_Latn,1735.2065,84041.0859375
0,64,per_lang,vie_Latn,516.62244,35756.12890625
0,64,per_lang,ind_Latn,1.0000008,7471.5556640625
0,128,per_lang,eng_Latn,1947.8351,12791.9169921875
0,128,per_lang,deu_Latn,4667.39,6157.04296875
0,128,per_lang,fra_Latn,3384.5757,20903.990234375
0,128,per_lang,spa_Latn,10228.519,118139.3515625
0,128,per_lang,rus_Cyrl,8724.446,16276.3642578125
0,128,per_lang,hin_Deva,3415.5554,36868.19140625
0,128,per_lang,arb_Arab,6357.918,6942.32861328125
0,128,per_lang,zho_Hans,4463.367,6082.49853515625
0,128,per_lang,jpn_Jpan,12756.547,72307.53125
0,128,per_lang,tur_Latn,1928.4194,44169.6875
0,128,per_lang,vie_Latn,1708.5817,25073.23046875
0,128,per_lang,ind_Latn,3404.5505,5664.896484375
0,256,per_lang,eng_Latn,1957.0042,6396.13037109375
0,256,per_lang,deu_Latn,4653.955,3080.285888671875
0,256,per_lang,fra_Latn,3375.9097,10452.158203125
0,256,per_lang,spa_Latn,10172.954,59070.4296875
0,256,per_lang,rus_Cyrl,8651.506,8138.5537109375
0,256,per_lang,hin_Deva,3471.1702,18449.66015625
0,256,per_lang,arb_Arab,6346.8955,3471.451904296875
0,256,per_lang,zho_Hans,4456.7285,3042.155029296875
0,256,per_lang,jpn_Jpan,12755.587,36154.0234375
0,256,per_lang,tur_Latn,1949.4073,22085.806640625
0,256,per_lang,vie_Latn,1715.017,12536.794921875
0,256,per_lang,ind_Latn,3404.1082,2833.8037109375
1,64,per_lang,eng_Latn,0.7941371,0.5328894853591919
1,64,per_lang,deu_Latn,0.8140567,0.5228550434112549
1,64,per_lang,fra_Latn,0.80004495,0.5527611374855042
1,64,per_lang,spa_Latn,0.7886367,0.5497419238090515
1,64,per_lang,rus_Cyrl,0.783611,0.5380247235298157
1,64,per_lang,hin_Deva,0.966163,0.681439995765686
1,64,per_lang,arb_Arab,0.7973042,0.5419185161590576
1,64,per_lang,zho_Hans,0.8246833,0.5280734896659851
1,64,per_lang,jpn_Jpan,0.76423955,0.6394708156585693
1,64,per_lang,tur_Latn,0.76180035,0.6107630729675293
1,64,per_lang,vie_Latn,0.79605997,0.5360351800918579
1,64,per_lang,ind_Latn,0.8350715,0.533372163772583
1,128,per_lang,eng_Latn,0.8702918,0.4705314636230469
1,128,per_lang,deu_Latn,0.8817114,0.4673740267753601
1,128,per_lang,fra_Latn,0.87108374,0.4671207666397095
1,128,per_lang,spa_Latn,0.86090595,0.4662606716156006
1,128,per_lang,rus_Cyrl,0.8597775,0.4794809818267822
1,128,per_lang,hin_Deva,0.98429775,0.6285240054130554
1,128,per_lang,arb_Arab,0.8701434,0.4775131940841675
1,128,per_lang,zho_Hans,0.88733554,0.46706271171569824
1,128,per_lang,jpn_Jpan,0.86271745,0.593979001045227
1,128,per_lang,tur_Latn,0.8577104,0.5519131422042847
1,128,per_lang,vie_Latn,0.87264925,0.48862504959106445
1,128,per_lang,ind_Latn,0.8980942,0.48554500937461853
1,256,per_lang,eng_Latn,0.93556297,0.4487782418727875
1,256,per_lang,deu_Latn,0.9429789,0.46561431884765625
1,256,per_lang,fra_Latn,0.93600893,0.45882728695869446
1,256,per_lang,spa_Latn,0.9307155,0.45793694257736206
1,256,per_lang,rus_Cyrl,0.9309884,0.4669393002986908
1,256,per_lang,hin_Deva,0.9940703,0.5706731677055359
1,256,per_lang,arb_Arab,0.93635744,0.4662214517593384
1,256,per_lang,zho_Hans,0.94267416,0.44410285353660583
1,256,per_lang,jpn_Jpan,0.9369011,0.5432299375534058
1,256,per_lang,tur_Latn,0.934015,0.5164968967437744
1,256,per_lang,vie_Latn,0.93881917,0.47750353813171387
1,256,per_lang,ind_Latn,0.9522175,0.4736291468143463
2,64,per_lang,eng_Latn,0.7815023,0.5711939334869385
2,64,per_lang,deu_Latn,0.82499,0.5506344437599182
2,64,per_lang,fra_Latn,0.81929964,0.5845706462860107
2,64,per_lang,spa_Latn,0.80539036,0.5809813737869263
2,64,per_lang,rus_Cyrl,0.79181296,0.571294903755188
2,64,per_lang,hin_Deva,0.9468212,0.6651822328567505
2,64,per_lang,arb_Arab,0.8134949,0.5690833330154419
2,64,per_lang,zho_Hans,0.83936834,0.5852364301681519
2,64,per_lang,jpn_Jpan,0.809692,0.643552303314209
2,64,per_lang,tur_Latn,0.80152655,0.5872258543968201
2,64,per_lang,vie_Latn,0.8149868,0.5476623773574829
2,64,per_lang,ind_Latn,0.8478916,0.5504008531570435
2,128,per_lang,eng_Latn,0.865724,0.5121983289718628
2,128,per_lang,deu_Latn,0.8879948,0.481256902217865
2,128,per_lang,fra_Latn,0.8856279,0.499941885471344
2,128,per_lang,spa_Latn,0.8726256,0.4935111105442047
2,128,per_lang,rus_Cyrl,0.8647771,0.4937509596347809
2,128,per_lang,hin_Deva,0.973313,0.61392742395401
2,128,per_lang,arb_Arab,0.8793178,0.4912884831428528
2,128,per_lang,zho_Hans,0.8988233,0.5057257413864136
2,128,per_lang,jpn_Jpan,0.88245183,0.5700771808624268
2,128,per_lang,tur_Latn,0.8761201,0.5321154594421387
2,128,per_lang,vie_Latn,0.88339174,0.4888864755630493
2,128,per_lang,ind_Latn,0.9055331,0.49159353971481323
2,256,per_lang,eng_Latn,0.9311975,0.45209944248199463
2,256,per_lang,deu_Latn,0.94264096,0.4451175332069397
2,256,per_lang,fra_Latn,0.94014287,0.4439428150653839
2,256,per_lang,spa_Latn,0.9328278,0.4433600902557373
2,256,per_lang,rus_Cyrl,0.9293972,0.44873204827308655
2,256,per_lang,hin_Deva,0.9886742,0.5410658717155457
2,256,per_lang,arb_Arab,0.93738025,0.44776681065559387
2,256,per_lang,zho_Hans,0.9468501,0.44644635915756226
2,256,per_lang,jpn_Jpan,0.94137734,0.5081923604011536
2,256,per_lang,tur_Latn,0.93846214,0.4880889356136322
2,256,per_lang,vie_Latn,0.9406507,0.4542357623577118
2,256,per_lang,ind_Latn,0.953114,0.457252562046051
3,64,per_lang,eng_Latn,0.74225676,0.5883867740631104
3,64,per_lang,deu_Latn,0.7978743,0.550229549407959
3,64,per_lang,fra_Latn,0.7745632,0.5854657888412476
3,64,per_lang,spa_Latn,0.76031566,0.5800765156745911
3,64,per_lang,rus_Cyrl,0.7558621,0.5823660492897034
3,64,per_lang,hin_Deva,0.93040407,0.6439869999885559
3,64,per_lang,arb_Arab,0.77546245,0.5758501291275024
3,64,per_lang,zho_Hans,0.7946937,0.6053888201713562
3,64,per_lang,jpn_Jpan,0.7736315,0.6407136917114258
3,64,per_lang,tur_Latn,0.74940175,0.5881183743476868
3,64,per_lang,vie_Latn,0.7858543,0.5600935220718384
3,64,per_lang,ind_Latn,0.8233072,0.547758936882019
3,128,per_lang,eng_Latn,0.84216875,0.5299491882324219
3,128,per_lang,deu_Latn,0.8721107,0.4903497099876404
3,128,per_lang,fra_Latn,0.85935205,0.5136639475822449
3,128,per_lang,spa_Latn,0.84649116,0.5110487937927246
3,128,per_lang,rus_Cyrl,0.8421402,0.5043394565582275
3,128,per_lang,hin_Deva,0.9630802,0.5863708257675171
3,128,per_lang,arb_Arab,0.85550565,0.49548885226249695
3,128,per_lang,zho_Hans,0.87259376,0.5273903608322144
3,128,per_lang,jpn_Jpan,0.85803765,0.5635199546813965
3,128,per_lang,tur_Latn,0.84109867,0.525347113609314
3,128,per_lang,vie_Latn,0.86629516,0.499700129032135
3,128,per_lang,ind_Latn,0.8902456,0.4926958680152893
3,256,per_lang,eng_Latn,0.9178721,0.45417389273643494
3,256,per_lang,deu_Latn,0.9336088,0.44059810042381287
3,256,per_lang,fra_Latn,0.92602146,0.44475769996643066
3,256,per_lang,spa_Latn,0.91803133,0.4427374303340912
3,256,per_lang,rus_Cyrl,0.9157226,0.4416733384132385
3,256,per_lang,hin_Deva,0.98359287,0.5227769613265991
3,256,per_lang,arb_Arab,0.92390347,0.4410502314567566
3,256,per_lang,zho_Hans,0.93237,0.45034778118133545
3,256,per_lang,jpn_Jpan,0.926948,0.49349144101142883
3,256,per_lang,tur_Latn,0.918567,0.47435325384140015
3,256,per_lang,vie_Latn,0.9305994,0.4480585753917694
3,256,per_lang,ind_Latn,0.9442921,0.4470852017402649
4,64,per_lang,eng_Latn,0.6636304,0.5453240871429443
4,64,per_lang,deu_Latn,0.7218812,0.5497201085090637
4,64,per_lang,fra_Latn,0.69995666,0.5734933614730835
4,64,per_lang,spa_Latn,0.68327063,0.572504460811615
4,64,per_lang,rus_Cyrl,0.68759793,0.5861613750457764
4,64,per_lang,hin_Deva,0.9191126,0.6205680966377258
4,64,per_lang,arb_Arab,0.6957945,0.5653676986694336
4,64,per_lang,zho_Hans,0.71205795,0.5741631984710693
4,64,per_lang,jpn_Jpan,0.74317867,0.6441010236740112
4,64,per_lang,tur_Latn,0.6979687,0.5960584878921509
4,64,per_lang,vie_Latn,0.708378,0.5472004413604736
4,64,per_lang,ind_Latn,0.74279076,0.5534647703170776
4,128,per_lang,eng_Latn,0.7885544,0.5089316368103027
4,128,per_lang,deu_Latn,0.8229155,0.4997372329235077
4,128,per_lang,fra_Latn,0.8117139,0.5189883708953857
4,128,per_lang,spa_Latn,0.79743516,0.5147513151168823
4,128,per_lang,rus_Cyrl,0.8000858,0.5203803777694702
4,128,per_lang,hin_Deva,0.9543884,0.5655492544174194
4,128,per_lang,arb_Arab,0.8096268,0.5131248235702515
4,128,per_lang,zho_Hans,0.8205737,0.5232672095298767
4,128,per_lang,jpn_Jpan,0.8382752,0.5559092164039612
4,128,per_lang,tur_Latn,0.81120414,0.5371289253234863
4,128,per_lang,vie_Latn,0.8201232,0.5133460164070129
4,128,per_lang,ind_Latn,0.8412096,0.5173853635787964
4,256,per_lang,eng_Latn,0.8905914,0.454132616519928
4,256,per_lang,deu_Latn,0.9081488,0.4499126970767975
4,256,per_lang,fra_Latn,0.90283376,0.4619065523147583
4,256,per_lang,spa_Latn,0.8940014,0.45981642603874207
4,256,per_lang,rus_Cyrl,0.8949693,0.4581674635410309
4,256,per_lang,hin_Deva,0.9793052,0.5177990198135376
4,256,per_lang,arb_Arab,0.90034574,0.45242631435394287
4,256,per_lang,zho_Hans,0.90662545,0.46073418855667114
4,256,per_lang,jpn_Jpan,0.9182781,0.4992595613002777
4,256,per_lang,tur_Latn,0.90431166,0.4848398268222809
4,256,per_lang,vie_Latn,0.90750074,0.4602046608924866
4,256,per_lang,ind_Latn,0.9193724,0.461792528629303
5,64,per_lang,eng_Latn,0.61643034,0.5291180610656738
5,64,per_lang,deu_Latn,0.6661731,0.5269606113433838
5,64,per_lang,fra_Latn,0.6365052,0.5338165163993835
5,64,per_lang,spa_Latn,0.62469804,0.5425273180007935
5,64,per_lang,rus_Cyrl,0.6166475,0.5465514659881592
5,64,per_lang,hin_Deva,0.8588943,0.5803956389427185
5,64,per_lang,arb_Arab,0.6344005,0.5363013744354248
5,64,per_lang,zho_Hans,0.65263563,0.5361684560775757
5,64,per_lang,jpn_Jpan,0.6784214,0.6047967672348022
5,64,per_lang,tur_Latn,0.6593262,0.5684993863105774
5,64,per_lang,vie_Latn,0.644856,0.5317659974098206
5,64,per_lang,ind_Latn,0.68042666,0.5278916358947754
5,128,per_lang,eng_Latn,0.7479091,0.4751763343811035
5,128,per_lang,deu_Latn,0.7779556,0.4681348502635956
5,128,per_lang,fra_Latn,0.7600191,0.4847713112831116
5,128,per_lang,spa_Latn,0.74846417,0.475678950548172
5,128,per_lang,rus_Cyrl,0.7424087,0.4778194725513458
5,128,per_lang,hin_Deva,0.91533893,0.5312778949737549
5,128,per_lang,arb_Arab,0.7606607,0.4822756350040436
5,128,per_lang,zho_Hans,0.7741962,0.48605775833129883
5,128,per_lang,jpn_Jpan,0.7891392,0.5219138860702515
5,128,per_lang,tur_Latn,0.77823955,0.5071185827255249
5,128,per_lang,vie_Latn,0.76924425,0.4821839928627014
5,128,per_lang,ind_Latn,0.789842,0.4765196442604065
5,256,per_lang,eng_Latn,0.8647999,0.42796099185943604
5,256,per_lang,deu_Latn,0.8797037,0.42149174213409424
5,256,per_lang,fra_Latn,0.8703276,0.4298141598701477
5,256,per_lang,spa_Latn,0.86361057,0.4309126138687134
5,256,per_lang,rus_Cyrl,0.85939395,0.4280240535736084
5,256,per_lang,hin_Deva,0.95882905,0.4811359941959381
5,256,per_lang,arb_Arab,0.8715022,0.4323277175426483
5,256,per_lang,zho_Hans,0.8798676,0.4395562708377838
5,256,per_lang,jpn_Jpan,0.88831884,0.46324801445007324
5,256,per_lang,tur_Latn,0.88234955,0.4519389271736145
5,256,per_lang,vie_Latn,0.87730306,0.4359230101108551
5,256,per_lang,ind_Latn,0.8877736,0.4313771426677704
6,64,per_lang,eng_Latn,0.63388187,0.5393869876861572
6,64,per_lang,deu_Latn,0.698988,0.5512328147888184
6,64,per_lang,fra_Latn,0.65239936,0.5520794987678528
6,64,per_lang,spa_Latn,0.6359936,0.5572525858879089
6,64,per_lang,rus_Cyrl,0.64041567,0.5617963075637817
6,64,per_lang,hin_Deva,0.86830246,0.6001385450363159
6,64,per_lang,arb_Arab,0.65050304,0.5614107847213745
6,64,per_lang,zho_Hans,0.6664562,0.550513744354248
6,64,per_lang,jpn_Jpan,0.6765013,0.6069402098655701
6,64,per_lang,tur_Latn,0.702915,0.5932695865631104
6,64,per_lang,vie_Latn,0.66785944,0.5512711405754089
6,64,per_lang,ind_Latn,0.70385796,0.5479767322540283
6,128,per_lang,eng_Latn,0.7542069,0.4658476412296295
6,128,per_lang,deu_Latn,0.799673,0.475412517786026
6,128,per_lang,fra_Latn,0.7689313,0.4866378903388977
6,128,per_lang,spa_Latn,0.7536714,0.47825130820274353
6,128,per_lang,rus_Cyrl,0.75585604,0.47977691888809204
6,128,per_lang,hin_Deva,0.9199676,0.5285987854003906
6,128,per_lang,arb_Arab,0.7683054,0.48358607292175293
6,128,per_lang,zho_Hans,0.78147507,0.4911726117134094
6,128,per_lang,jpn_Jpan,0.7849537,0.5168613791465759
6,128,per_lang,tur_Latn,0.80470085,0.5077241659164429
6,128,per_lang,vie_Latn,0.7816321,0.47847381234169006
6,128,per_lang,ind_Latn,0.8026958,0.47182077169418335
6,256,per_lang,eng_Latn,0.8643462,0.41061410307884216
6,256,per_lang,deu_Latn,0.89001995,0.4146556258201599
6,256,per_lang,fra_Latn,0.8727809,0.4214036762714386
6,256,per_lang,spa_Latn,0.862929,0.41895315051078796
6,256,per_lang,rus_Cyrl,0.8634504,0.415876567363739
6,256,per_lang,hin_Deva,0.9599362,0.4662090539932251
6,256,per_lang,arb_Arab,0.8727263,0.4216465353965759
6,256,per_lang,zho_Hans,0.8806371,0.4290646016597748
6,256,per_lang,jpn_Jpan,0.88296235,0.4493285119533539
6,256,per_lang,tur_Latn,0.8942307,0.4420282542705536
6,256,per_lang,vie_Latn,0.8804425,0.4204251170158386
6,256,per_lang,ind_Latn,0.89165074,0.41476526856422424
7,64,per_lang,eng_Latn,0.6377074,0.537101686000824
7,64,per_lang,deu_Latn,0.7044611,0.5455985069274902
7,64,per_lang,fra_Latn,0.66600055,0.5520308017730713
7,64,per_lang,spa_Latn,0.651619,0.5684342384338379
7,64,per_lang,rus_Cyrl,0.65342337,0.5767257809638977
7,64,per_lang,hin_Deva,0.8523582,0.5967652797698975
7,64,per_lang,arb_Arab,0.66240114,0.5618528127670288
7,64,per_lang,zho_Hans,0.6685246,0.5620899200439453
7,64,per_lang,jpn_Jpan,0.70908463,0.6239179968833923
7,64,per_lang,tur_Latn,0.71629906,0.6003763675689697
7,64,per_lang,vie_Latn,0.67092407,0.5445547103881836
7,64,per_lang,ind_Latn,0.7047612,0.5467755794525146
7,128,per_lang,eng_Latn,0.76120865,0.47112879157066345
7,128,per_lang,deu_Latn,0.80657965,0.4808582067489624
7,128,per_lang,fra_Latn,0.7808883,0.4906764626502991
7,128,per_lang,spa_Latn,0.76723903,0.48619505763053894
7,128,per_lang,rus_Cyrl,0.7682561,0.4926109313964844
7,128,per_lang,hin_Deva,0.91067713,0.530516505241394
7,128,per_lang,arb_Arab,0.77973264,0.4920802712440491
7,128,per_lang,zho_Hans,0.7838897,0.49326905608177185
7,128,per_lang,jpn_Jpan,0.80956876,0.5317652821540833
7,128,per_lang,tur_Latn,0.81611896,0.5132768154144287
7,128,per_lang,vie_Latn,0.78811574,0.48680904507637024
7,128,per_lang,ind_Latn,0.8068636,0.47984200716018677
7,256,per_lang,eng_Latn,0.8702372,0.4142875075340271
7,256,per_lang,deu_Latn,0.89561975,0.41844505071640015
7,256,per_lang,fra_Latn,0.88060373,0.4230259358882904
7,256,per_lang,spa_Latn,0.87175083,0.4232437014579773
7,256,per_lang,rus_Cyrl,0.87175024,0.4236188232898712
7,256,per_lang,hin_Deva,0.9551038,0.4617668092250824
7,256,per_lang,arb_Arab,0.8797248,0.425301194190979
7,256,per_lang,zho_Hans,0.88190264,0.42743802070617676
7,256,per_lang,jpn_Jpan,0.89655066,0.45420005917549133
7,256,per_lang,tur_Latn,0.9011324,0.4434431791305542
7,256,per_lang,vie_Latn,0.88551253,0.42583391070365906
7,256,per_lang,ind_Latn,0.89496267,0.4173162877559662
8,64,per_lang,eng_Latn,0.5662272,0.5164968967437744
8,64,per_lang,deu_Latn,0.619354,0.5162886381149292
8,64,per_lang,fra_Latn,0.5821074,0.5158376097679138
8,64,per_lang,spa_Latn,0.57467973,0.5287529230117798
8,64,per_lang,rus_Cyrl,0.5826904,0.5404295921325684
8,64,per_lang,hin_Deva,0.73701805,0.5303249359130859
8,64,per_lang,arb_Arab,0.57953954,0.5134541988372803
8,64,per_lang,zho_Hans,0.5997002,0.5346142053604126
8,64,per_lang,jpn_Jpan,0.6595981,0.6057281494140625
8,64,per_lang,tur_Latn,0.61423796,0.527219295501709
8,64,per_lang,vie_Latn,0.5876589,0.5086195468902588
8,64,per_lang,ind_Latn,0.6207847,0.5132454037666321
8,128,per_lang,eng_Latn,0.7015565,0.4454597234725952
8,128,per_lang,deu_Latn,0.73727524,0.4465883672237396
8,128,per_lang,fra_Latn,0.7107778,0.4480482041835785
8,128,per_lang,spa_Latn,0.70359975,0.4515301287174225
8,128,per_lang,rus_Cyrl,0.71094537,0.4572996497154236
8,128,per_lang,hin_Deva,0.8241902,0.46174997091293335
8,128,per_lang,arb_Arab,0.7088935,0.4406777620315552
8,128,per_lang,zho_Hans,0.72924083,0.4706538915634155
8,128,per_lang,jpn_Jpan,0.7693802,0.5089728832244873
8,128,per_lang,tur_Latn,0.73690975,0.4562951624393463
8,128,per_lang,vie_Latn,0.71924716,0.4438662528991699
8,128,per_lang,ind_Latn,0.7369459,0.43699416518211365
8,256,per_lang,eng_Latn,0.83137184,0.3940773010253906
8,256,per_lang,deu_Latn,0.85142916,0.39094796776771545
8,256,per_lang,fra_Latn,0.8357609,0.39078521728515625
8,256,per_lang,spa_Latn,0.830727,0.3947140872478485
8,256,per_lang,rus_Cyrl,0.8350771,0.39600682258605957
8,256,per_lang,hin_Deva,0.9047198,0.41283339262008667
8,256,per_lang,arb_Arab,0.83466303,0.3882870078086853
8,256,per_lang,zho_Hans,0.8480625,0.4094718098640442
8,256,per_lang,jpn_Jpan,0.8703417,0.4296163022518158
8,256,per_lang,tur_Latn,0.85380775,0.40484297275543213
8,256,per_lang,vie_Latn,0.84301853,0.3954361081123352
8,256,per_lang,ind_Latn,0.85100967,0.38808417320251465
9,64,per_lang,eng_Latn,0.53626376,0.49077126383781433
9,64,per_lang,deu_Latn,0.5865635,0.4949028491973877
9,64,per_lang,fra_Latn,0.5467131,0.4947473406791687
9,64,per_lang,spa_Latn,0.54160404,0.4953576326370239
9,64,per_lang,rus_Cyrl,0.5465406,0.502570390701294
9,64,per_lang,hin_Deva,0.68771034,0.5144667625427246
9,64,per_lang,arb_Arab,0.5467893,0.49171796441078186
9,64,per_lang,zho_Hans,0.5656421,0.5086061358451843
9,64,per_lang,jpn_Jpan,0.6367866,0.5813454985618591
9,64,per_lang,tur_Latn,0.5869209,0.5040424466133118
9,64,per_lang,vie_Latn,0.55009204,0.47712868452072144
9,64,per_lang,ind_Latn,0.58103275,0.49295806884765625
9,128,per_lang,eng_Latn,0.6701074,0.4160195291042328
9,128,per_lang,deu_Latn,0.70525557,0.4136914908885956
9,128,per_lang,fra_Latn,0.6740519,0.4105750024318695
9,128,per_lang,spa_Latn,0.670543,0.414811909198761
9,128,per_lang,rus_Cyrl,0.674231,0.4187440276145935
9,128,per_lang,hin_Deva,0.78291494,0.429350346326828
9,128,per_lang,arb_Arab,0.6754381,0.4082069993019104
9,128,per_lang,zho_Hans,0.6953717,0.43696463108062744
9,128,per_lang,jpn_Jpan,0.74868786,0.4848361015319824
9,128,per_lang,tur_Latn,0.71002835,0.4292606711387634
9,128,per_lang,vie_Latn,0.68218046,0.4111430048942566
9,128,per_lang,ind_Latn,0.6999542,0.40687674283981323
9,256,per_lang,eng_Latn,0.8063337,0.3637692928314209
9,256,per_lang,deu_Latn,0.8283271,0.36299046874046326
9,256,per_lang,fra_Latn,0.80751055,0.35672852396965027
9,256,per_lang,spa_Latn,0.8056096,0.3625880181789398
9,256,per_lang,rus_Cyrl,0.8072136,0.3615824580192566
9,256,per_lang,hin_Deva,0.8771859,0.3764403462409973
9,256,per_lang,arb_Arab,0.8090438,0.3578239977359772
9,256,per_lang,zho_Hans,0.8229648,0.3798791468143463
9,256,per_lang,jpn_Jpan,0.85572994,0.4106786251068115
9,256,per_lang,tur_Latn,0.83357835,0.37738949060440063
9,256,per_lang,vie_Latn,0.81526315,0.3634771704673767
9,256,per_lang,ind_Latn,0.8237037,0.35750114917755127
10,64,per_lang,eng_Latn,0.50901574,0.4713553488254547
10,64,per_lang,deu_Latn,0.5717925,0.4975929260253906
10,64,per_lang,fra_Latn,0.5200574,0.4784504771232605
10,64,per_lang,spa_Latn,0.5158443,0.4763643443584442
10,64,per_lang,rus_Cyrl,0.5247586,0.490281343460083
10,64,per_lang,hin_Deva,0.653335,0.5002579092979431
10,64,per_lang,arb_Arab,0.5103697,0.47263455390930176
10,64,per_lang,zho_Hans,0.5360556,0.48852694034576416
10,64,per_lang,jpn_Jpan,0.5796236,0.5375690460205078
10,64,per_lang,tur_Latn,0.56175256,0.4910736382007599
10,64,per_lang,vie_Latn,0.5213311,0.46586576104164124
10,64,per_lang,ind_Latn,0.54433435,0.4718635678291321
10,128,per_lang,eng_Latn,0.6437101,0.39643552899360657
10,128,per_lang,deu_Latn,0.69111943,0.40638846158981323
10,128,per_lang,fra_Latn,0.65005237,0.39414647221565247
10,128,per_lang,spa_Latn,0.64654446,0.3970705270767212
10,128,per_lang,rus_Cyrl,0.6535661,0.40369901061058044
10,128,per_lang,hin_Deva,0.7533672,0.4094564914703369
10,128,per_lang,arb_Arab,0.64201087,0.3888086676597595
10,128,per_lang,zho_Hans,0.66756266,0.41126593947410583
10,128,per_lang,jpn_Jpan,0.6991149,0.44038987159729004
10,128,per_lang,tur_Latn,0.68732363,0.4066510796546936
10,128,per_lang,vie_Latn,0.6548182,0.3934786319732666
10,128,per_lang,ind_Latn,0.66787994,0.3871668875217438
10,256,per_lang,eng_Latn,0.78617215,0.3471236228942871
10,256,per_lang,deu_Latn,0.8171381,0.3507516086101532
10,256,per_lang,fra_Latn,0.78971916,0.34153059124946594
10,256,per_lang,spa_Latn,0.7877275,0.34472113847732544
10,256,per_lang,rus_Cyrl,0.7919867,0.3487696051597595
10,256,per_lang,hin_Deva,0.85689163,0.35544639825820923
10,256,per_lang,arb_Arab,0.78391236,0.33724522590637207
10,256,per_lang,zho_Hans,0.80302066,0.3576185405254364
10,256,per_lang,jpn_Jpan,0.8219774,0.3756312131881714
10,256,per_lang,tur_Latn,0.81725156,0.35551169514656067
10,256,per_lang,vie_Latn,0.79465365,0.3445131480693817
10,256,per_lang,ind_Latn,0.8005611,0.33805733919143677
11,64,per_lang,eng_Latn,0.5285041,0.4915766716003418
11,64,per_lang,deu_Latn,0.58360946,0.5096968412399292
11,64,per_lang,fra_Latn,0.537095,0.49518293142318726
11,64,per_lang,spa_Latn,0.53452224,0.49478819966316223
11,64,per_lang,rus_Cyrl,0.54262924,0.5081934928894043
11,64,per_lang,hin_Deva,0.6565464,0.5134639739990234
11,64,per_lang,arb_Arab,0.52360225,0.48532289266586304
11,64,per_lang,zho_Hans,0.55014455,0.5047316551208496
11,64,per_lang,jpn_Jpan,0.5912182,0.5493444800376892
11,64,per_lang,tur_Latn,0.5759726,0.49852344393730164
11,64,per_lang,vie_Latn,0.5344526,0.4844934940338135
11,64,per_lang,ind_Latn,0.5525386,0.4866790175437927
11,128,per_lang,eng_Latn,0.66201806,0.4147559404373169
11,128,per_lang,deu_Latn,0.70305544,0.4194355607032776
11,128,per_lang,fra_Latn,0.6661577,0.4145101010799408
11,128,per_lang,spa_Latn,0.6633672,0.41298550367355347
11,128,per_lang,rus_Cyrl,0.6700698,0.422158807516098
11,128,per_lang,hin_Deva,0.75759715,0.4186766743659973
11,128,per_lang,arb_Arab,0.6547442,0.4011516273021698
11,128,per_lang,zho_Hans,0.68016845,0.42626190185546875
11,128,per_lang,jpn_Jpan,0.70877063,0.4481688439846039
11,128,per_lang,tur_Latn,0.7004815,0.41981858015060425
11,128,per_lang,vie_Latn,0.6664712,0.406106173992157
11,128,per_lang,ind_Latn,0.676831,0.4025954306125641
11,256,per_lang,eng_Latn,0.79941386,0.35853615403175354
11,256,per_lang,deu_Latn,0.825948,0.3594743013381958
11,256,per_lang,fra_Latn,0.80155325,0.3545721173286438
11,256,per_lang,spa_Latn,0.79993576,0.3566051721572876
11,256,per_lang,rus_Cyrl,0.8036175,0.3602571487426758
11,256,per_lang,hin_Deva,0.86082155,0.365591436624527
11,256,per_lang,arb_Arab,0.79384303,0.34839391708374023
11,256,per_lang,zho_Hans,0.81186646,0.3673219084739685
11,256,per_lang,jpn_Jpan,0.82864255,0.37897536158561707
11,256,per_lang,tur_Latn,0.82704705,0.3645929992198944
11,256,per_lang,vie_Latn,0.80298066,0.3536045253276825
11,256,per_lang,ind_Latn,0.80743104,0.34770023822784424
12,64,per_lang,eng_Latn,0.52104235,0.4859743118286133
12,64,per_lang,deu_Latn,0.5768225,0.5052490830421448
12,64,per_lang,fra_Latn,0.5321015,0.49421966075897217
12,64,per_lang,spa_Latn,0.5268829,0.4955974221229553
12,64,per_lang,rus_Cyrl,0.53453475,0.5001623630523682
12,64,per_lang,hin_Deva,0.6434223,0.507287859916687
12,64,per_lang,arb_Arab,0.51771635,0.47830474376678467
12,64,per_lang,zho_Hans,0.5407875,0.4968836307525635
12,64,per_lang,jpn_Jpan,0.5825987,0.5443146824836731
12,64,per_lang,tur_Latn,0.5713418,0.4960678219795227
12,64,per_lang,vie_Latn,0.5257341,0.480934202671051
12,64,per_lang,ind_Latn,0.5434815,0.4832211434841156
12,128,per_lang,eng_Latn,0.65383565,0.4061691164970398
12,128,per_lang,deu_Latn,0.69618064,0.4135640263557434
12,128,per_lang,fra_Latn,0.6600884,0.4095056653022766
12,128,per_lang,spa_Latn,0.654716,0.40824052691459656
12,128,per_lang,rus_Cyrl,0.66208434,0.4174862504005432
12,128,per_lang,hin_Deva,0.7473352,0.4163826107978821
12,128,per_lang,arb_Arab,0.6479814,0.3969975709915161
12,128,per_lang,zho_Hans,0.6704336,0.4174205958843231
12,128,per_lang,jpn_Jpan,0.70107013,0.4426649212837219
12,128,per_lang,tur_Latn,0.69611824,0.418049693107605
12,128,per_lang,vie_Latn,0.6571559,0.4011799693107605
12,128,per_lang,ind_Latn,0.6673469,0.39677876234054565
12,256,per_lang,eng_Latn,0.7930206,0.3521932363510132
12,256,per_lang,deu_Latn,0.82047856,0.35499805212020874
12,256,per_lang,fra_Latn,0.7961843,0.3500869572162628
12,256,per_lang,spa_Latn,0.79258233,0.3509927988052368
12,256,per_lang,rus_Cyrl,0.7973585,0.3563358783721924
12,256,per_lang,hin_Deva,0.8541291,0.36089593172073364
12,256,per_lang,arb_Arab,0.7877515,0.3432469666004181
12,256,per_lang,zho_Hans,0.8040026,0.3598558008670807
12,256,per_lang,jpn_Jpan,0.8231978,0.3738892078399658
12,256,per_lang,tur_Latn,0.8235519,0.36230021715164185
12,256,per_lang,vie_Latn,0.7950321,0.34818264842033386
12,256,per_lang,ind_Latn,0.79987574,0.342457115650177
13,64,per_lang,eng_Latn,0.52925646,0.49329566955566406
13,64,per_lang,deu_Latn,0.5846147,0.5127142667770386
13,64,per_lang,fra_Latn,0.53816104,0.5036994814872742
13,64,per_lang,spa_Latn,0.5334469,0.5026170015335083
13,64,per_lang,rus_Cyrl,0.5405447,0.5041778087615967
13,64,per_lang,hin_Deva,0.6399372,0.5180784463882446
13,64,per_lang,arb_Arab,0.5274549,0.49218815565109253
13,64,per_lang,zho_Hans,0.5465908,0.5037386417388916
13,64,per_lang,jpn_Jpan,0.5917517,0.5486913919448853
13,64,per_lang,tur_Latn,0.57959986,0.5003801584243774
13,64,per_lang,vie_Latn,0.5332243,0.48812392354011536
13,64,per_lang,ind_Latn,0.5513542,0.4932837188243866
13,128,per_lang,eng_Latn,0.65892506,0.4102081060409546
13,128,per_lang,deu_Latn,0.70114946,0.41701966524124146
13,128,per_lang,fra_Latn,0.6633639,0.4096691608428955
13,128,per_lang,spa_Latn,0.6584507,0.41012439131736755
13,128,per_lang,rus_Cyrl,0.6653901,0.4176020622253418
13,128,per_lang,hin_Deva,0.74468255,0.4181615710258484
13,128,per_lang,arb_Arab,0.65448374,0.402424693107605
13,128,per_lang,zho_Hans,0.6738796,0.4202002286911011
13,128,per_lang,jpn_Jpan,0.7075267,0.445372998714447
13,128,per_lang,tur_Latn,0.7028638,0.42090529203414917
13,128,per_lang,vie_Latn,0.6612657,0.4056326150894165
13,128,per_lang,ind_Latn,0.6722755,0.4006582200527191
13,256,per_lang,eng_Latn,0.7952022,0.352737158536911
13,256,per_lang,deu_Latn,0.82280785,0.35566872358322144
13,256,per_lang,fra_Latn,0.7970017,0.3503243923187256
13,256,per_lang,spa_Latn,0.793432,0.3493685722351074
13,256,per_lang,rus_Cyrl,0.79826534,0.35559678077697754
13,256,per_lang,hin_Deva,0.85250396,0.36273807287216187
13,256,per_lang,arb_Arab,0.7905,0.34368905425071716
13,256,per_lang,zho_Hans,0.80545,0.36024487018585205
13,256,per_lang,jpn_Jpan,0.8268352,0.3749285042285919
13,256,per_lang,tur_Latn,0.8282527,0.3652718961238861
13,256,per_lang,vie_Latn,0.79637396,0.34773874282836914
13,256,per_lang,ind_Latn,0.80178255,0.3443516194820404
14,64,per_lang,eng_Latn,0.519126,0.4910293519496918
14,64,per_lang,deu_Latn,0.5706709,0.5094215869903564
14,64,per_lang,fra_Latn,0.5260437,0.5023460984230042
14,64,per_lang,spa_Latn,0.52227706,0.5058368444442749
14,64,per_lang,rus_Cyrl,0.5286905,0.5012879967689514
14,64,per_lang,hin_Deva,0.6213852,0.5138919949531555
14,64,per_lang,arb_Arab,0.51333535,0.490911066532135
14,64,per_lang,zho_Hans,0.5343685,0.5030484795570374
14,64,per_lang,jpn_Jpan,0.5734569,0.5404310822486877
14,64,per_lang,tur_Latn,0.5691597,0.502678394317627
14,64,per_lang,vie_Latn,0.5202617,0.48625966906547546
14,64,per_lang,ind_Latn,0.53740865,0.48921895027160645
14,128,per_lang,eng_Latn,0.6497578,0.40744549036026
14,128,per_lang,deu_Latn,0.6891436,0.4129803776741028
14,128,per_lang,fra_Latn,0.6526155,0.40777596831321716
14,128,per_lang,spa_Latn,0.64801615,0.40799903869628906
14,128,per_lang,rus_Cyrl,0.654445,0.4113437533378601
14,128,per_lang,hin_Deva,0.730051,0.41983893513679504
14,128,per_lang,arb_Arab,0.64145374,0.4002176523208618
14,128,per_lang,zho_Hans,0.66213673,0.41611024737358093
14,128,per_lang,jpn_Jpan,0.69189095,0.4346702992916107
14,128,per_lang,tur_Latn,0.69385403,0.4178803861141205
14,128,per_lang,vie_Latn,0.6488719,0.40277695655822754
14,128,per_lang,ind_Latn,0.66001195,0.3997609317302704
14,256,per_lang,eng_Latn,0.78800344,0.34924715757369995
14,256,per_lang,deu_Latn,0.8139782,0.35009539127349854
14,256,per_lang,fra_Latn,0.7888359,0.3458443284034729
14,256,per_lang,spa_Latn,0.7849539,0.34476956725120544
14,256,per_lang,rus_Cyrl,0.7897327,0.3495895564556122
14,256,per_lang,hin_Deva,0.8421569,0.3588254451751709
14,256,per_lang,arb_Arab,0.7801629,0.3397922217845917
14,256,per_lang,zho_Hans,0.7962331,0.3547479510307312
14,256,per_lang,jpn_Jpan,0.8160098,0.3644763231277466
14,256,per_lang,tur_Latn,0.82159233,0.36041462421417236
14,256,per_lang,vie_Latn,0.786497,0.3431740999221802
14,256,per_lang,ind_Latn,0.79230475,0.3403359651565552
15,64,per_lang,eng_Latn,0.53145075,0.49475884437561035
15,64,per_lang,deu_Latn,0.5887493,0.5133678913116455
15,64,per_lang,fra_Latn,0.5408703,0.5120068192481995
15,64,per_lang,spa_Latn,0.5358646,0.5074213743209839
15,64,per_lang,rus_Cyrl,0.541638,0.5043946504592896
15,64,per_lang,hin_Deva,0.63154864,0.5120200514793396
15,64,per_lang,arb_Arab,0.52955157,0.49424710869789124
15,64,per_lang,zho_Hans,0.550127,0.504838228225708
15,64,per_lang,jpn_Jpan,0.5854909,0.5439010858535767
15,64,per_lang,tur_Latn,0.5831311,0.5004163980484009
15,64,per_lang,vie_Latn,0.53528595,0.49088647961616516
15,64,per_lang,ind_Latn,0.5545619,0.4955996870994568
15,128,per_lang,eng_Latn,0.66043085,0.41342172026634216
15,128,per_lang,deu_Latn,0.7037269,0.4161610007286072
15,128,per_lang,fra_Latn,0.66539073,0.41578245162963867
15,128,per_lang,spa_Latn,0.6599646,0.41343915462493896
15,128,per_lang,rus_Cyrl,0.6656476,0.41724497079849243
15,128,per_lang,hin_Deva,0.73807573,0.42164701223373413
15,128,per_lang,arb_Arab,0.6554151,0.40641510486602783
15,128,per_lang,zho_Hans,0.6752495,0.4193638861179352
15,128,per_lang,jpn_Jpan,0.7018853,0.437466025352478
15,128,per_lang,tur_Latn,0.7047223,0.4197075366973877
15,128,per_lang,vie_Latn,0.6619227,0.4103471636772156
15,128,per_lang,ind_Latn,0.6747979,0.4064610004425049
15,256,per_lang,eng_Latn,0.7956414,0.3535543978214264
15,256,per_lang,deu_Latn,0.82393247,0.3558933734893799
15,256,per_lang,fra_Latn,0.7978536,0.3515580892562866
15,256,per_lang,spa_Latn,0.7936831,0.3506231904029846
15,256,per_lang,rus_Cyrl,0.7980053,0.3557365834712982
15,256,per_lang,hin_Deva,0.8477254,0.3628983795642853
15,256,per_lang,arb_Arab,0.7904538,0.34643206000328064
15,256,per_lang,zho_Hans,0.80576587,0.35942378640174866
15,256,per_lang,jpn_Jpan,0.8231608,0.36927980184555054
15,256,per_lang,tur_Latn,0.82924986,0.36552536487579346
15,256,per_lang,vie_Latn,0.7957129,0.3496286869049072
15,256,per_lang,ind_Latn,0.80254215,0.34588903188705444
16,64,per_lang,eng_Latn,0.54991955,0.5162115097045898
16,64,per_lang,deu_Latn,0.6022476,0.535601019859314
16,64,per_lang,fra_Latn,0.5587023,0.5327950716018677
16,64,per_lang,spa_Latn,0.5552553,0.5288599729537964
16,64,per_lang,rus_Cyrl,0.5617103,0.5280376672744751
16,64,per_lang,hin_Deva,0.6417168,0.5312528610229492
16,64,per_lang,arb_Arab,0.54966027,0.5156555771827698
16,64,per_lang,zho_Hans,0.56820476,0.5269162654876709
16,64,per_lang,jpn_Jpan,0.6039774,0.5644986629486084
16,64,per_lang,tur_Latn,0.6021678,0.5193676352500916
16,64,per_lang,vie_Latn,0.55409944,0.510088324546814
16,64,per_lang,ind_Latn,0.57304263,0.517867922782898
16,128,per_lang,eng_Latn,0.6762571,0.4293592572212219
16,128,per_lang,deu_Latn,0.7156955,0.4319818615913391
16,128,per_lang,fra_Latn,0.6809451,0.43085777759552
16,128,per_lang,spa_Latn,0.67672276,0.4282166063785553
16,128,per_lang,rus_Cyrl,0.68289214,0.4329662322998047
16,128,per_lang,hin_Deva,0.747515,0.4348064064979553
16,128,per_lang,arb_Arab,0.6729081,0.4239650368690491
16,128,per_lang,zho_Hans,0.6905055,0.43438923358917236
16,128,per_lang,jpn_Jpan,0.7173983,0.4500049352645874
16,128,per_lang,tur_Latn,0.7207016,0.43295416235923767
16,128,per_lang,vie_Latn,0.6782406,0.42304328083992004
16,128,per_lang,ind_Latn,0.69110936,0.422301322221756
16,256,per_lang,eng_Latn,0.806221,0.3632920980453491
16,256,per_lang,deu_Latn,0.83230853,0.3651151657104492
16,256,per_lang,fra_Latn,0.8087838,0.36298200488090515
16,256,per_lang,spa_Latn,0.80538064,0.36237943172454834
16,256,per_lang,rus_Cyrl,0.80963385,0.3652462065219879
16,256,per_lang,hin_Deva,0.85435444,0.37188950181007385
16,256,per_lang,arb_Arab,0.8023645,0.3573122024536133
16,256,per_lang,zho_Hans,0.8160182,0.368251770734787
16,256,per_lang,jpn_Jpan,0.8335572,0.3774310052394867
16,256,per_lang,tur_Latn,0.83991325,0.3749537467956543
16,256,per_lang,vie_Latn,0.80709267,0.3598599433898926
16,256,per_lang,ind_Latn,0.8138971,0.35615065693855286
17,64,per_lang,eng_Latn,0.55084205,0.5189177989959717
17,64,per_lang,deu_Latn,0.60400474,0.5364772081375122
17,64,per_lang,fra_Latn,0.55930305,0.5341014862060547
17,64,per_lang,spa_Latn,0.5563893,0.5317844748497009
17,64,per_lang,rus_Cyrl,0.5623725,0.5261273384094238
17,64,per_lang,hin_Deva,0.64167744,0.5256804823875427
17,64,per_lang,arb_Arab,0.5519027,0.5166842937469482
17,64,per_lang,zho_Hans,0.56948125,0.5297820568084717
17,64,per_lang,jpn_Jpan,0.60524553,0.5665946006774902
17,64,per_lang,tur_Latn,0.60162693,0.5196207761764526
17,64,per_lang,vie_Latn,0.5554031,0.512012243270874
17,64,per_lang,ind_Latn,0.57588273,0.5182868242263794
17,128,per_lang,eng_Latn,0.67686796,0.42856457829475403
17,128,per_lang,deu_Latn,0.7167143,0.431119829416275
17,128,per_lang,fra_Latn,0.6814357,0.4302642345428467
17,128,per_lang,spa_Latn,0.677784,0.4291120767593384
17,128,per_lang,rus_Cyrl,0.6831068,0.4317476749420166
17,128,per_lang,hin_Deva,0.7472276,0.43001842498779297
17,128,per_lang,arb_Arab,0.6744877,0.42315739393234253
17,128,per_lang,zho_Hans,0.6916055,0.43527737259864807
17,128,per_lang,jpn_Jpan,0.7187255,0.4524681270122528
17,128,per_lang,tur_Latn,0.7197956,0.43100810050964355
17,128,per_lang,vie_Latn,0.67938447,0.4228469431400299
17,128,per_lang,ind_Latn,0.6933026,0.422609806060791
17,256,per_lang,eng_Latn,0.80649084,0.36269330978393555
17,256,per_lang,deu_Latn,0.8328077,0.36407867074012756
17,256,per_lang,fra_Latn,0.80899507,0.36263737082481384
17,256,per_lang,spa_Latn,0.80608135,0.3630845546722412
17,256,per_lang,rus_Cyrl,0.8095505,0.3638515770435333
17,256,per_lang,hin_Deva,0.8543436,0.36927202343940735
17,256,per_lang,arb_Arab,0.80359095,0.3574175536632538
17,256,per_lang,zho_Hans,0.81661046,0.3688167929649353
17,256,per_lang,jpn_Jpan,0.83433706,0.3797735571861267
17,256,per_lang,tur_Latn,0.8395618,0.3742694854736328
17,256,per_lang,vie_Latn,0.80792356,0.35926830768585205
17,256,per_lang,ind_Latn,0.81532216,0.3559669256210327
18,64,per_lang,eng_Latn,0.56223744,0.5222224593162537
18,64,per_lang,deu_Latn,0.6156074,0.5382871031761169
18,64,per_lang,fra_Latn,0.5698419,0.5381723642349243
18,64,per_lang,spa_Latn,0.5664644,0.5351910591125488
18,64,per_lang,rus_Cyrl,0.5736959,0.5288630723953247
18,64,per_lang,hin_Deva,0.64880574,0.5307216048240662
18,64,per_lang,arb_Arab,0.5617298,0.5190098881721497
18,64,per_lang,zho_Hans,0.5810436,0.5354699492454529
18,64,per_lang,jpn_Jpan,0.6210162,0.5720890760421753
18,64,per_lang,tur_Latn,0.6101321,0.5197787284851074
18,64,per_lang,vie_Latn,0.5673336,0.5137618780136108
18,64,per_lang,ind_Latn,0.5926433,0.523243248462677
18,128,per_lang,eng_Latn,0.68640244,0.4320021867752075
18,128,per_lang,deu_Latn,0.72571486,0.43233492970466614
18,128,per_lang,fra_Latn,0.69028246,0.4334942698478699
18,128,per_lang,spa_Latn,0.68622226,0.4328573942184448
18,128,per_lang,rus_Cyrl,0.6925577,0.43403738737106323
18,128,per_lang,hin_Deva,0.7525107,0.4288349151611328
18,128,per_lang,arb_Arab,0.6831145,0.42596128582954407
18,128,per_lang,zho_Hans,0.70176554,0.4415380358695984
18,128,per_lang,jpn_Jpan,0.7318131,0.45808881521224976
18,128,per_lang,tur_Latn,0.7263867,0.43328264355659485
18,128,per_lang,vie_Latn,0.68948317,0.4256399869918823
18,128,per_lang,ind_Latn,0.70673144,0.42528948187828064
18,256,per_lang,eng_Latn,0.813471,0.3668321371078491
18,256,per_lang,deu_Latn,0.8389344,0.3674549460411072
18,256,per_lang,fra_Latn,0.8156951,0.36749467253685
18,256,per_lang,spa_Latn,0.8124647,0.3674032688140869
18,256,per_lang,rus_Cyrl,0.8164815,0.36815521121025085
18,256,per_lang,hin_Deva,0.85796934,0.3699118196964264
18,256,per_lang,arb_Arab,0.8100545,0.36107131838798523
18,256,per_lang,zho_Hans,0.8239343,0.37422966957092285
18,256,per_lang,jpn_Jpan,0.84364724,0.38733112812042236
18,256,per_lang,tur_Latn,0.8438103,0.3770410716533661
18,256,per_lang,vie_Latn,0.81526065,0.3634198307991028
18,256,per_lang,ind_Latn,0.82462513,0.35995519161224365
19,64,per_lang,eng_Latn,0.587459,0.5556795597076416
19,64,per_lang,deu_Latn,0.63635534,0.5702782273292542
19,64,per_lang,fra_Latn,0.6036977,0.5766736268997192
19,64,per_lang,spa_Latn,0.60312253,0.5760881304740906
19,64,per_lang,rus_Cyrl,0.6080316,0.5710715651512146
19,64,per_lang,hin_Deva,0.6627405,0.5656874179840088
19,64,per_lang,arb_Arab,0.598858,0.5579804182052612
19,64,per_lang,zho_Hans,0.60460454,0.5646946430206299
19,64,per_lang,jpn_Jpan,0.641452,0.5943795442581177
19,64,per_lang,tur_Latn,0.63102394,0.559920072555542
19,64,per_lang,vie_Latn,0.6040141,0.5582220554351807
19,64,per_lang,ind_Latn,0.6211752,0.5555417537689209
19,128,per_lang,eng_Latn,0.7100558,0.46096986532211304
19,128,per_lang,deu_Latn,0.7459039,0.4677811861038208
19,128,per_lang,fra_Latn,0.72211856,0.47340860962867737
19,128,per_lang,spa_Latn,0.7206366,0.47425246238708496
19,128,per_lang,rus_Cyrl,0.7251181,0.472999632358551
19,128,per_lang,hin_Deva,0.7661667,0.4595932066440582
19,128,per_lang,arb_Arab,0.71710545,0.4644514322280884
19,128,per_lang,zho_Hans,0.72480756,0.4740404784679413
19,128,per_lang,jpn_Jpan,0.75186175,0.4890352487564087
19,128,per_lang,tur_Latn,0.7442505,0.4619167149066925
19,128,per_lang,vie_Latn,0.7221279,0.46145540475845337
19,128,per_lang,ind_Latn,0.73429734,0.4627893567085266
19,256,per_lang,eng_Latn,0.8308879,0.3917081654071808
19,256,per_lang,deu_Latn,0.8531421,0.3925866484642029
19,256,per_lang,fra_Latn,0.8382779,0.3979622721672058
19,256,per_lang,spa_Latn,0.8367256,0.39823687076568604
19,256,per_lang,rus_Cyrl,0.83981115,0.39792412519454956
19,256,per_lang,hin_Deva,0.867336,0.39315035939216614
19,256,per_lang,arb_Arab,0.83427125,0.3899913728237152
19,256,per_lang,zho_Hans,0.8411462,0.4020434021949768
19,256,per_lang,jpn_Jpan,0.85803205,0.41165584325790405
19,256,per_lang,tur_Latn,0.85490036,0.3966866135597229
19,256,per_lang,vie_Latn,0.8386522,0.3923055827617645
19,256,per_lang,ind_Latn,0.8448082,0.3889487087726593
20,64,per_lang,eng_Latn,0.6243586,0.5793307423591614
20,64,per_lang,deu_Latn,0.67112446,0.5923680067062378
20,64,per_lang,fra_Latn,0.64888406,0.6015008687973022
20,64,per_lang,spa_Latn,0.65102834,0.6072918176651001
20,64,per_lang,rus_Cyrl,0.6513759,0.5986925959587097
20,64,per_lang,hin_Deva,0.6864636,0.5918276309967041
20,64,per_lang,arb_Arab,0.6504392,0.5895796418190002
20,64,per_lang,zho_Hans,0.6414414,0.5887396335601807
20,64,per_lang,jpn_Jpan,0.68058187,0.6259913444519043
20,64,per_lang,tur_Latn,0.66737497,0.5828026533126831
20,64,per_lang,vie_Latn,0.65125,0.5840703248977661
20,64,per_lang,ind_Latn,0.66705155,0.5791294574737549
20,128,per_lang,eng_Latn,0.740878,0.48606181144714355
20,128,per_lang,deu_Latn,0.77415216,0.4904068112373352
20,128,per_lang,fra_Latn,0.75865597,0.4976182281970978
20,128,per_lang,spa_Latn,0.760127,0.5020067691802979
20,128,per_lang,rus_Cyrl,0.76110154,0.5003365874290466
20,128,per_lang,hin_Deva,0.7866577,0.48865780234336853
20,128,per_lang,arb_Arab,0.75950813,0.4913114309310913
20,128,per_lang,zho_Hans,0.75505173,0.49665215611457825
20,128,per_lang,jpn_Jpan,0.78378785,0.5185273289680481
20,128,per_lang,tur_Latn,0.77279454,0.48647624254226685
20,128,per_lang,vie_Latn,0.7609309,0.48768407106399536
20,128,per_lang,ind_Latn,0.77137905,0.4864591956138611
20,256,per_lang,eng_Latn,0.85169935,0.4103391468524933
20,256,per_lang,deu_Latn,0.871561,0.4118095934391022
20,256,per_lang,fra_Latn,0.8621965,0.41743147373199463
20,256,per_lang,spa_Latn,0.8628569,0.42147737741470337
20,256,per_lang,rus_Cyrl,0.86388403,0.41970643401145935
20,256,per_lang,hin_Deva,0.8803649,0.41261470317840576
20,256,per_lang,arb_Arab,0.8623751,0.4138224720954895
20,256,per_lang,zho_Hans,0.86156934,0.42256173491477966
20,256,per_lang,jpn_Jpan,0.87871367,0.4367690682411194
20,256,per_lang,tur_Latn,0.872481,0.4140717387199402
20,256,per_lang,vie_Latn,0.86431086,0.4138055443763733
20,256,per_lang,ind_Latn,0.8695859,0.4099469482898712
21,64,per_lang,eng_Latn,0.6280418,0.5801059007644653
21,64,per_lang,deu_Latn,0.68357986,0.5977507829666138
21,64,per_lang,fra_Latn,0.66196936,0.6027474403381348
21,64,per_lang,spa_Latn,0.66566783,0.6094026565551758
21,64,per_lang,rus_Cyrl,0.66845566,0.6027489900588989
21,64,per_lang,hin_Deva,0.70882875,0.5946467518806458
21,64,per_lang,arb_Arab,0.6772054,0.5979934930801392
21,64,per_lang,zho_Hans,0.6486398,0.5875080227851868
21,64,per_lang,jpn_Jpan,0.69343925,0.6321760416030884
21,64,per_lang,tur_Latn,0.6792355,0.5908982753753662
21,64,per_lang,vie_Latn,0.670069,0.589562177658081
21,64,per_lang,ind_Latn,0.6839358,0.5890016555786133
21,128,per_lang,eng_Latn,0.7430291,0.48359382152557373
21,128,per_lang,deu_Latn,0.78309613,0.4923996031284332
21,128,per_lang,fra_Latn,0.76866615,0.499194860458374
21,128,per_lang,spa_Latn,0.77109146,0.5060659646987915
21,128,per_lang,rus_Cyrl,0.7741176,0.5035386681556702
21,128,per_lang,hin_Deva,0.80231786,0.49174532294273376
21,128,per_lang,arb_Arab,0.78037745,0.5011690855026245
21,128,per_lang,zho_Hans,0.7595914,0.4934818744659424
21,128,per_lang,jpn_Jpan,0.79407793,0.5258514881134033
21,128,per_lang,tur_Latn,0.7812424,0.48984551429748535
21,128,per_lang,vie_Latn,0.7752826,0.4929368495941162
21,128,per_lang,ind_Latn,0.7846507,0.49340951442718506
21,256,per_lang,eng_Latn,0.8534567,0.41111454367637634
21,256,per_lang,deu_Latn,0.8770829,0.41412949562072754
21,256,per_lang,fra_Latn,0.8688727,0.4216300845146179
21,256,per_lang,spa_Latn,0.8701723,0.4267333745956421
21,256,per_lang,rus_Cyrl,0.8726277,0.42654308676719666
21,256,per_lang,hin_Deva,0.889683,0.41786810755729675
21,256,per_lang,arb_Arab,0.87599653,0.42272868752479553
21,256,per_lang,zho_Hans,0.86453325,0.42267635464668274
21,256,per_lang,jpn_Jpan,0.885525,0.44509437680244446
21,256,per_lang,tur_Latn,0.8774175,0.41837403178215027
21,256,per_lang,vie_Latn,0.87392247,0.42165935039520264
21,256,per_lang,ind_Latn,0.87820554,0.41691944003105164
22,64,per_lang,eng_Latn,0.61629546,0.5681881904602051
22,64,per_lang,deu_Latn,0.69515336,0.6112381219863892
22,64,per_lang,fra_Latn,0.67712426,0.6070982217788696
22,64,per_lang,spa_Latn,0.68259025,0.6195157170295715
22,64,per_lang,rus_Cyrl,0.677137,0.6040034294128418
22,64,per_lang,hin_Deva,0.7175183,0.6049460172653198
22,64,per_lang,arb_Arab,0.70099276,0.6111965179443359
22,64,per_lang,zho_Hans,0.64149487,0.58915776014328
22,64,per_lang,jpn_Jpan,0.6823513,0.6304172277450562
22,64,per_lang,tur_Latn,0.677845,0.5895850658416748
22,64,per_lang,vie_Latn,0.68088794,0.5953601598739624
22,64,per_lang,ind_Latn,0.69150245,0.5978131294250488
22,128,per_lang,eng_Latn,0.73578167,0.4793574810028076
22,128,per_lang,deu_Latn,0.79423565,0.5036436319351196
22,128,per_lang,fra_Latn,0.7837503,0.5120684504508972
22,128,per_lang,spa_Latn,0.786975,0.5205162167549133
22,128,per_lang,rus_Cyrl,0.78383905,0.5125226974487305
22,128,per_lang,hin_Deva,0.8115355,0.5073426961898804
22,128,per_lang,arb_Arab,0.80163664,0.51801997423172
22,128,per_lang,zho_Hans,0.75570863,0.4953877925872803
22,128,per_lang,jpn_Jpan,0.7881902,0.5270569324493408
22,128,per_lang,tur_Latn,0.7825579,0.49601057171821594
22,128,per_lang,vie_Latn,0.7868594,0.5070558786392212
22,128,per_lang,ind_Latn,0.7931474,0.5051992535591125
22,256,per_lang,eng_Latn,0.851127,0.4155347943305969
22,256,per_lang,deu_Latn,0.8855316,0.4280700087547302
22,256,per_lang,fra_Latn,0.88007677,0.4355548024177551
22,256,per_lang,spa_Latn,0.881606,0.43990668654441833
22,256,per_lang,rus_Cyrl,0.8806299,0.4399336576461792
22,256,per_lang,hin_Deva,0.8964212,0.43224990367889404
22,256,per_lang,arb_Arab,0.8908706,0.4409708082675934
22,256,per_lang,zho_Hans,0.8637239,0.426823228597641
22,256,per_lang,jpn_Jpan,0.88422036,0.4524585008621216
22,256,per_lang,tur_Latn,0.87947637,0.4274141788482666
22,256,per_lang,vie_Latn,0.88295287,0.4358517527580261
22,256,per_lang,ind_Latn,0.88523865,0.4309388995170593
23,64,per_lang,eng_Latn,0.60297585,0.5654414296150208
23,64,per_lang,deu_Latn,0.698865,0.6106754541397095
23,64,per_lang,fra_Latn,0.6805933,0.6064872741699219
23,64,per_lang,spa_Latn,0.68446875,0.6192057728767395
23,64,per_lang,rus_Cyrl,0.67900646,0.6053600311279297
23,64,per_lang,hin_Deva,0.7217457,0.6086657047271729
23,64,per_lang,arb_Arab,0.7252354,0.6164102554321289
23,64,per_lang,zho_Hans,0.63163894,0.5867334008216858
23,64,per_lang,jpn_Jpan,0.6724236,0.6249502897262573
23,64,per_lang,tur_Latn,0.6701359,0.5858913660049438
23,64,per_lang,vie_Latn,0.6865959,0.6036192178726196
23,64,per_lang,ind_Latn,0.69666433,0.5966286659240723
23,128,per_lang,eng_Latn,0.727268,0.4814760088920593
23,128,per_lang,deu_Latn,0.79969114,0.5145975351333618
23,128,per_lang,fra_Latn,0.7885482,0.5198385715484619
23,128,per_lang,spa_Latn,0.790701,0.5259124040603638
23,128,per_lang,rus_Cyrl,0.78745615,0.518220067024231
23,128,per_lang,hin_Deva,0.8164241,0.5160409808158875
23,128,per_lang,arb_Arab,0.8210372,0.5294707417488098
23,128,per_lang,zho_Hans,0.7503889,0.49918484687805176
23,128,per_lang,jpn_Jpan,0.78496873,0.537689745426178
23,128,per_lang,tur_Latn,0.7803483,0.5040719509124756
23,128,per_lang,vie_Latn,0.79271644,0.5140032768249512
23,128,per_lang,ind_Latn,0.7987354,0.5106545686721802
23,256,per_lang,eng_Latn,0.84775645,0.4225473999977112
23,256,per_lang,deu_Latn,0.89085585,0.44263577461242676
23,256,per_lang,fra_Latn,0.88519174,0.4479219317436218
23,256,per_lang,spa_Latn,0.88627326,0.4503532648086548
23,256,per_lang,rus_Cyrl,0.88522565,0.4528149962425232
23,256,per_lang,hin_Deva,0.90134805,0.4466788172721863
23,256,per_lang,arb_Arab,0.90398705,0.4534450173377991
23,256,per_lang,zho_Hans,0.86252064,0.4375613331794739
23,256,per_lang,jpn_Jpan,0.8847512,0.46618402004241943
23,256,per_lang,tur_Latn,0.8810534,0.4436321258544922
23,256,per_lang,vie_Latn,0.88884026,0.4497998058795929
23,256,per_lang,ind_Latn,0.8909937,0.44466787576675415
24,64,per_lang,eng_Latn,0.5782154,0.5426940321922302
24,64,per_lang,deu_Latn,0.69034016,0.601415753364563
24,64,per_lang,fra_Latn,0.6803956,0.6054105162620544
24,64,per_lang,spa_Latn,0.6851688,0.6061256527900696
24,64,per_lang,rus_Cyrl,0.67422956,0.5993583798408508
24,64,per_lang,hin_Deva,0.717172,0.5989117622375488
24,64,per_lang,arb_Arab,0.7490963,0.6183815598487854
24,64,per_lang,zho_Hans,0.608548,0.5700119733810425
24,64,per_lang,jpn_Jpan,0.6510388,0.606708288192749
24,64,per_lang,tur_Latn,0.65111536,0.5843559503555298
24,64,per_lang,vie_Latn,0.6739691,0.5910675525665283
24,64,per_lang,ind_Latn,0.6815206,0.5884986519813538
24,128,per_lang,eng_Latn,0.71177053,0.47951945662498474
24,128,per_lang,deu_Latn,0.7957871,0.5173131227493286
24,128,per_lang,fra_Latn,0.791226,0.5219722986221313
24,128,per_lang,spa_Latn,0.79431576,0.5276738405227661
24,128,per_lang,rus_Cyrl,0.78614736,0.520003080368042
24,128,per_lang,hin_Deva,0.8141869,0.5173082947731018
24,128,per_lang,arb_Arab,0.8396623,0.5376724004745483
24,128,per_lang,zho_Hans,0.73553365,0.49496594071388245
24,128,per_lang,jpn_Jpan,0.77246594,0.5348960757255554
24,128,per_lang,tur_Latn,0.7684083,0.5019248127937317
24,128,per_lang,vie_Latn,0.7861656,0.5133260488510132
24,128,per_lang,ind_Latn,0.7894327,0.5087242722511292
24,256,per_lang,eng_Latn,0.8410334,0.43042799830436707
24,256,per_lang,deu_Latn,0.89004785,0.4482609033584595
24,256,per_lang,fra_Latn,0.8890179,0.4562709331512451
24,256,per_lang,spa_Latn,0.89047843,0.4574127495288849
24,256,per_lang,rus_Cyrl,0.8858285,0.45705142617225647
24,256,per_lang,hin_Deva,0.9010676,0.4512630105018616
24,256,per_lang,arb_Arab,0.9157275,0.46411675214767456
24,256,per_lang,zho_Hans,0.85581005,0.44228479266166687
24,256,per_lang,jpn_Jpan,0.88002235,0.47358250617980957
24,256,per_lang,tur_Latn,0.87562853,0.4456396698951721
24,256,per_lang,vie_Latn,0.88698936,0.45515844225883484
24,256,per_lang,ind_Latn,0.8876072,0.44966378808021545
25,64,per_lang,eng_Latn,0.5651365,0.5328850746154785
25,64,per_lang,deu_Latn,0.6906836,0.596862256526947
25,64,per_lang,fra_Latn,0.6829836,0.6010301113128662
25,64,per_lang,spa_Latn,0.68646914,0.6025776267051697
25,64,per_lang,rus_Cyrl,0.6665645,0.5897617936134338
25,64,per_lang,hin_Deva,0.7053609,0.5954319834709167
25,64,per_lang,arb_Arab,0.7584946,0.6237040758132935
25,64,per_lang,zho_Hans,0.60367197,0.5662301778793335
25,64,per_lang,jpn_Jpan,0.6506764,0.6061425805091858
25,64,per_lang,tur_Latn,0.64614886,0.5815169811248779
25,64,per_lang,vie_Latn,0.6703028,0.5917716026306152
25,64,per_lang,ind_Latn,0.6740038,0.5933710932731628
25,128,per_lang,eng_Latn,0.7043905,0.48130664229393005
25,128,per_lang,deu_Latn,0.7975028,0.5203904509544373
25,128,per_lang,fra_Latn,0.79448164,0.5212380290031433
25,128,per_lang,spa_Latn,0.79695565,0.5267861485481262
25,128,per_lang,rus_Cyrl,0.7817052,0.5169771313667297
25,128,per_lang,hin_Deva,0.8095047,0.5254111289978027
25,128,per_lang,arb_Arab,0.8467343,0.5409506559371948
25,128,per_lang,zho_Hans,0.733735,0.4985990524291992
25,128,per_lang,jpn_Jpan,0.7747677,0.5406734943389893
25,128,per_lang,tur_Latn,0.76744676,0.5080176591873169
25,128,per_lang,vie_Latn,0.78483737,0.5143972635269165
25,128,per_lang,ind_Latn,0.7862094,0.5129668116569519
25,256,per_lang,eng_Latn,0.8379506,0.43488651514053345
25,256,per_lang,deu_Latn,0.8921462,0.4529813826084137
25,256,per_lang,fra_Latn,0.8922275,0.45954740047454834
25,256,per_lang,spa_Latn,0.8935787,0.46173521876335144
25,256,per_lang,rus_Cyrl,0.8857342,0.46457338333129883
25,256,per_lang,hin_Deva,0.90065044,0.46429911255836487
25,256,per_lang,arb_Arab,0.9205012,0.46827268600463867
25,256,per_lang,zho_Hans,0.85591286,0.44578102231025696
25,256,per_lang,jpn_Jpan,0.8833921,0.48319223523139954
25,256,per_lang,tur_Latn,0.87752914,0.4555184841156006
25,256,per_lang,vie_Latn,0.88875514,0.46540915966033936
25,256,per_lang,ind_Latn,0.8888162,0.46298179030418396
26,64,per_lang,eng_Latn,0.5528688,0.5210504531860352
26,64,per_lang,deu_Latn,0.7128493,0.6129518747329712
26,64,per_lang,fra_Latn,0.7090571,0.6161164045333862
26,64,per_lang,spa_Latn,0.70791936,0.6133283972740173
26,64,per_lang,rus_Cyrl,0.67681634,0.6030563116073608
26,64,per_lang,hin_Deva,0.73109,0.6009337902069092
26,64,per_lang,arb_Arab,0.7957298,0.6463006138801575
26,64,per_lang,zho_Hans,0.6002016,0.562664806842804
26,64,per_lang,jpn_Jpan,0.65433496,0.6088076829910278
26,64,per_lang,tur_Latn,0.6759485,0.5962961912155151
26,64,per_lang,vie_Latn,0.6882239,0.6088645458221436
26,64,per_lang,ind_Latn,0.68656427,0.6063398122787476
26,128,per_lang,eng_Latn,0.69477725,0.47248339653015137
26,128,per_lang,deu_Latn,0.8181844,0.5441232323646545
26,128,per_lang,fra_Latn,0.817683,0.5473735332489014
26,128,per_lang,spa_Latn,0.81688297,0.5471310615539551
26,128,per_lang,rus_Cyrl,0.79196227,0.52838134765625
26,128,per_lang,hin_Deva,0.82958335,0.536648154258728
26,128,per_lang,arb_Arab,0.87369,0.5577849745750427
26,128,per_lang,zho_Hans,0.7311603,0.49721160531044006
26,128,per_lang,jpn_Jpan,0.7781597,0.5456733107566833
26,128,per_lang,tur_Latn,0.7912369,0.5239568948745728
26,128,per_lang,vie_Latn,0.8009584,0.5329365730285645
26,128,per_lang,ind_Latn,0.79772586,0.5299806594848633
26,256,per_lang,eng_Latn,0.8322249,0.4281122386455536
26,256,per_lang,deu_Latn,0.90661573,0.4749947488307953
26,256,per_lang,fra_Latn,0.9070698,0.4781497120857239
26,256,per_lang,spa_Latn,0.9074662,0.4830167293548584
26,256,per_lang,rus_Cyrl,0.89325464,0.4739113450050354
26,256,per_lang,hin_Deva,0.9127849,0.4727453291416168
26,256,per_lang,arb_Arab,0.93624175,0.48319417238235474
26,256,per_lang,zho_Hans,0.8541512,0.4440714716911316
26,256,per_lang,jpn_Jpan,0.8851838,0.4848657548427582
26,256,per_lang,tur_Latn,0.8923566,0.46849411725997925
26,256,per_lang,vie_Latn,0.89925814,0.47907060384750366
26,256,per_lang,ind_Latn,0.89670265,0.47451725602149963
27,64,per_lang,eng_Latn,0.55266637,0.5276210308074951
27,64,per_lang,deu_Latn,0.73438096,0.6271708011627197
27,64,per_lang,fra_Latn,0.74090993,0.6266435980796814
27,64,per_lang,spa_Latn,0.7414135,0.633940577507019
27,64,per_lang,rus_Cyrl,0.67443365,0.6061122417449951
27,64,per_lang,hin_Deva,0.73418844,0.6037212014198303
27,64,per_lang,arb_Arab,0.7930958,0.644204318523407
27,64,per_lang,zho_Hans,0.5956477,0.5652541518211365
27,64,per_lang,jpn_Jpan,0.6677985,0.6190743446350098
27,64,per_lang,tur_Latn,0.70459455,0.608936607837677
27,64,per_lang,vie_Latn,0.69656944,0.6201489567756653
27,64,per_lang,ind_Latn,0.72782904,0.6342921853065491
27,128,per_lang,eng_Latn,0.6936981,0.4746730923652649
27,128,per_lang,deu_Latn,0.8338993,0.5555506944656372
27,128,per_lang,fra_Latn,0.8413541,0.5632182359695435
27,128,per_lang,spa_Latn,0.84136325,0.5675385594367981
27,128,per_lang,rus_Cyrl,0.7906149,0.5312458276748657
27,128,per_lang,hin_Deva,0.8316694,0.5392847061157227
27,128,per_lang,arb_Arab,0.87166464,0.5533465147018433
27,128,per_lang,zho_Hans,0.72628856,0.49712738394737244
27,128,per_lang,jpn_Jpan,0.7863313,0.5494121313095093
27,128,per_lang,tur_Latn,0.8093013,0.529208242893219
27,128,per_lang,vie_Latn,0.8059539,0.5376862287521362
27,128,per_lang,ind_Latn,0.8288229,0.5560569167137146
27,256,per_lang,eng_Latn,0.83026785,0.4253907799720764
27,256,per_lang,deu_Latn,0.9160141,0.48578646779060364
27,256,per_lang,fra_Latn,0.92169106,0.4956111013889313
27,256,per_lang,spa_Latn,0.92212147,0.5013440847396851
27,256,per_lang,rus_Cyrl,0.89248735,0.47419804334640503
27,256,per_lang,hin_Deva,0.9142098,0.4742666780948639
27,256,per_lang,arb_Arab,0.93531245,0.4807148873806
27,256,per_lang,zho_Hans,0.8493721,0.4378302991390228
27,256,per_lang,jpn_Jpan,0.8881457,0.4819931089878082
27,256,per_lang,tur_Latn,0.9008016,0.4658634066581726
27,256,per_lang,vie_Latn,0.9007964,0.4756474792957306
27,256,per_lang,ind_Latn,0.91383034,0.49087458848953247
28,64,per_lang,eng_Latn,0.66844386,0.6209155917167664
28,64,per_lang,deu_Latn,0.7988066,0.6562559604644775
28,64,per_lang,fra_Latn,0.7872095,0.6617757081985474
28,64,per_lang,spa_Latn,0.77633715,0.661339282989502
28,64,per_lang,rus_Cyrl,0.74002254,0.6439234018325806
28,64,per_lang,hin_Deva,0.8058634,0.6547209620475769
28,64,per_lang,arb_Arab,0.81989294,0.656693696975708
28,64,per_lang,zho_Hans,0.72317594,0.6443485021591187
28,64,per_lang,jpn_Jpan,0.73264825,0.6536390781402588
28,64,per_lang,tur_Latn,0.73947597,0.6373538970947266
28,64,per_lang,vie_Latn,0.7439571,0.6580197811126709
28,64,per_lang,ind_Latn,0.77078027,0.6569951772689819
28,128,per_lang,eng_Latn,0.7803314,0.5292993783950806
28,128,per_lang,deu_Latn,0.876997,0.5760571956634521
28,128,per_lang,fra_Latn,0.8727288,0.5840517282485962
28,128,per_lang,spa_Latn,0.8651489,0.5821657180786133
28,128,per_lang,rus_Cyrl,0.8381309,0.5629574656486511
28,128,per_lang,hin_Deva,0.8858355,0.5998340249061584
28,128,per_lang,arb_Arab,0.8898919,0.5631029009819031
28,128,per_lang,zho_Hans,0.8188302,0.5473616719245911
28,128,per_lang,jpn_Jpan,0.8302499,0.5647228360176086
28,128,per_lang,tur_Latn,0.8325049,0.5424187183380127
28,128,per_lang,vie_Latn,0.83840424,0.5579770803451538
28,128,per_lang,ind_Latn,0.856459,0.5659826397895813
28,256,per_lang,eng_Latn,0.88120914,0.4567283093929291
28,256,per_lang,deu_Latn,0.9394609,0.5028755068778992
28,256,per_lang,fra_Latn,0.93916076,0.5129719376564026
28,256,per_lang,spa_Latn,0.9354553,0.5139816403388977
28,256,per_lang,rus_Cyrl,0.9202478,0.5022110342979431
28,256,per_lang,hin_Deva,0.9450846,0.5186464190483093
28,256,per_lang,arb_Arab,0.94599104,0.4960074722766876
28,256,per_lang,zho_Hans,0.9027217,0.4662621021270752
28,256,per_lang,jpn_Jpan,0.9124866,0.492440789937973
28,256,per_lang,tur_Latn,0.9134016,0.47572869062423706
28,256,per_lang,vie_Latn,0.91889536,0.49289342761039734
28,256,per_lang,ind_Latn,0.92798907,0.496163934469223
