layer,k,rep,split,c_proc,c_ridge,cocycle,spectral_frac,sync_gap,rho_procrustes,rho_ridge
0,64,0,devtest,0.49627934081376723,110.80365087293487,0.14665067195892334,0.5946414846525454,0.11975205983185333,1724.6623205470316,0.9521268046263492
0,64,1,devtest,0.8575709601552014,105.52753101117032,0.1284436285495758,0.5939277559843833,0.16919821049236816,1713.5522418216322,0.952216823444222
0,128,0,devtest,1.6637991651049533,0.15429923122891606,0.1174730658531189,0.571716494387939,0.04485100552891197,4.492615163326263,0.9660588150674646
0,128,1,devtest,1.5919495785645488,0.16224635145733896,0.11681418865919113,0.5629120259061346,0.05473224186536019,4.529547494920817,0.9673128453168002
0,256,0,devtest,1.6636854430190535,0.15197502502611093,0.09372054040431976,0.560301551120645,0.04398246922276172,4.485079898978725,0.9653938335902763
0,256,1,devtest,1.5902354453917449,0.16017330628164927,0.08135852217674255,0.5534275532951061,0.05549663801987936,4.521744544307391,0.9668935948249066
1,64,0,devtest,0.3363120494241064,0.07315498621513446,0.9022995829582214,0.9204118240305652,-0.012268000028350157,1.3752040542436368,0.7966564139633467
1,64,1,devtest,0.3391883760577801,0.0739434671066137,0.8992377519607544,0.9185601325729756,-0.01243595372546813,1.371785641168103,0.7951383671977303
1,128,0,devtest,0.4347322546735857,0.103127388486808,0.8311861157417297,0.8723440994836196,-0.014452711650819516,1.4146049176201676,0.850455979957725
1,128,1,devtest,0.4279222457133459,0.10420358259174409,0.8327311873435974,0.8729115121326047,-0.014633790561647153,1.4101424650712446,0.848575825492541
1,256,0,devtest,0.4548235703372594,0.16574082708437787,0.8023810982704163,0.8550738972756374,-0.014046029611067379,1.4521390452529446,0.9638760017626213
1,256,1,devtest,0.448902617823897,0.16616164128380742,0.8016507625579834,0.8542586846247645,-0.013947806575081545,1.447879253914862,0.9645247545206186
2,64,0,devtest,0.24427010112752517,0.06452501935065921,0.9160771369934082,0.9304029069992557,-0.010208324952559078,1.1632138486161376,0.7288573343645443
2,64,1,devtest,0.24753404008506824,0.06504200532975973,0.9118170142173767,0.9289750870478027,-0.010569740425456553,1.1606697810418678,0.7276471920988776
2,128,0,devtest,0.33152666948735715,0.0897887145761739,0.8497154712677002,0.8839853777315883,-0.012934897885177987,1.2096625399408918,0.7790744105974833
2,128,1,devtest,0.3320579232817346,0.08998175885415438,0.8485677242279053,0.8821127585883936,-0.01330460337075312,1.2065833057418014,0.7765145057981665
2,256,0,devtest,0.3616946844214743,0.13971920425749637,0.8094693422317505,0.8596307561538575,-0.012812068516557806,1.2519851489500566,0.8788580086195108
2,256,1,devtest,0.3587256979874589,0.13945967353259522,0.8109182119369507,0.8603728832142021,-0.0130283543557832,1.2489632602893945,0.8761929147171251
3,64,0,devtest,0.25412223901260983,0.0638977038843388,0.9294949173927307,0.9412652037775097,-0.011415795394868589,1.1441450353824731,0.7202145773352999
3,64,1,devtest,0.25040326744995334,0.0640369549365432,0.9297451376914978,0.9433152743887113,-0.011271499323122436,1.1427031597404769,0.7203856386018522
3,128,0,devtest,0.34952575410857345,0.0892861344428225,0.8725441694259644,0.9009292849329946,-0.014797412987911152,1.1975739869204434,0.7745516733689741
3,128,1,devtest,0.3455437630866513,0.08959844268745545,0.8714597225189209,0.9003508369971339,-0.015091645446690727,1.195572645375223,0.7741351628845389
3,256,0,devtest,0.38824730495160276,0.13800766581500118,0.8270647525787354,0.8710098384664521,-0.014843511762041128,1.2478127587925305,0.877476489905155
3,256,1,devtest,0.38596519721728384,0.13853419393470343,0.825963020324707,0.8700297957550757,-0.015384751287373488,1.245802780895522,0.8765891654924913
4,64,0,devtest,0.23455097365447067,0.06233200009940474,0.9404822587966919,0.9547041908469108,-0.010960262381669361,1.120855415860812,0.6958062838424336
4,64,1,devtest,0.23247768473670338,0.06266668599635136,0.9488103985786438,0.9562694026499278,-0.011776426524827022,1.119847382559921,0.696401041113969
4,128,0,devtest,0.32999974003795424,0.08646177249875936,0.9004106521606445,0.9217598162364729,-0.015430779619650448,1.1727869451949091,0.7530889294364236
4,128,1,devtest,0.32961130104959013,0.08753492643661571,0.9018005728721619,0.921573443985713,-0.01617130908099096,1.1723150470943162,0.7540907778523185
4,256,0,devtest,0.3827171717177738,0.13451190652664413,0.8575616478919983,0.8903076182312959,-0.0175244135387016,1.2323944089990673,0.8593942202401884
4,256,1,devtest,0.38279047016844603,0.13479656482849156,0.8545960783958435,0.8893547642599974,-0.01756742867556471,1.2318309744199116,0.8601382514744094
5,64,0,devtest,0.15524517631892001,0.05693032445640049,0.9654220938682556,0.9696112414889303,-0.009733012228301141,0.9662136738047455,0.6347141432942767
5,64,1,devtest,0.1565151726714138,0.05729226958232395,0.9663935899734497,0.9705107603625822,-0.009573658758943782,0.9663143609509324,0.6355291306972504
5,128,0,devtest,0.25106040943752633,0.07758210372800628,0.9278517961502075,0.9393581764078056,-0.014611045519510979,1.0315032700697582,0.6927749762932459
5,128,1,devtest,0.25296995359839813,0.07766070650382476,0.9279536604881287,0.9401039154639661,-0.014585466095895505,1.0314996662465008,0.6945143978704106
5,256,0,devtest,0.3261028567159718,0.11814732966436581,0.8781673312187195,0.90479689181715,-0.01792243032744434,1.1076738062230023,0.7976858218510946
5,256,1,devtest,0.3257906002190077,0.11837349894992781,0.8799645900726318,0.904977594121683,-0.01831150641947077,1.1082623361638098,0.7992171012994015
6,64,0,devtest,0.19251976269438412,0.05757849839741759,0.9569103717803955,0.9629079442054561,-0.010474304358164321,1.032684950665994,0.6631419550288807
6,64,1,devtest,0.19076089340290336,0.05753665626980364,0.9548560380935669,0.963285685709501,-0.009669745058724422,1.0311541471517447,0.6623175333846699
6,128,0,devtest,0.28957170704097457,0.07768995220857587,0.916013777256012,0.9305297949407113,-0.015183608640324087,1.0884222334081477,0.7142716235283649
6,128,1,devtest,0.28541652564749576,0.07773587860336358,0.9161518216133118,0.9313636141749893,-0.014941426389144974,1.087123853239146,0.7148546901616183
6,256,0,devtest,0.3486618543664614,0.11692224089056254,0.8705559372901917,0.8988840208673743,-0.01752548687385791,1.152574481386127,0.8104515631090511
6,256,1,devtest,0.3453167519560366,0.11664328316903927,0.8703566789627075,0.898882824448383,-0.017210374275843376,1.1515090754537871,0.8114186105403033
7,64,0,devtest,0.17005095803037737,0.053762539981328177,0.9600654244422913,0.9655748407038448,-0.00986408916386694,0.9460620627258763,0.623270215861725
7,64,1,devtest,0.1635881447205038,0.0536970167830022,0.9625337719917297,0.9673874018016614,-0.009283013867609435,0.9457467690561757,0.6234357176405011
7,128,0,devtest,0.25278677356739837,0.07292471696255785,0.9216911792755127,0.9370062523485986,-0.013554093061071582,1.0042192588249843,0.6742755590063153
7,128,1,devtest,0.25098790056777726,0.07273459789540732,0.9255543351173401,0.9375342241065234,-0.013922193736740973,1.0045386232209927,0.6752866185975798
7,256,0,devtest,0.3113516939860402,0.10952266833716721,0.8808395862579346,0.9063832428256363,-0.016190684202945782,1.071620571793932,0.7685883392890295
7,256,1,devtest,0.3088412224004666,0.1090377706074805,0.8808184862136841,0.9060511710532776,-0.016335690563375138,1.0715704609950383,0.7688248952229818
8,64,0,devtest,0.12065148798918182,0.049930241787241716,0.9732498526573181,0.9762605068887066,-0.008547585118900636,0.8396993898081057,0.5751952896967079
8,64,1,devtest,0.11956158600408923,0.049956483043956036,0.9742472171783447,0.9771202486542213,-0.007774883598992366,0.8408566315968832,0.5762653330510313
8,128,0,devtest,0.20680040845816786,0.06700740463354371,0.942480742931366,0.9507466945656353,-0.013724087765722537,0.9046889042312448,0.6277878970810862
8,128,1,devtest,0.20633795300893712,0.0668760679295343,0.943259060382843,0.95136795873495,-0.013295421546155817,0.9059967746337255,0.6294658807190981
8,256,0,devtest,0.27609719918532805,0.0986382123393317,0.9018201231956482,0.9205632259847253,-0.01699438104123785,0.9862920100038702,0.7225447405468334
8,256,1,devtest,0.27292861742052166,0.09836637260900302,0.90242600440979,0.9211794747284611,-0.016562596866578683,0.9868434911424463,0.723336453239123
9,64,0,devtest,0.09893623064413215,0.04716825871446142,0.9782002568244934,0.9804898710951289,-0.0074195735382311945,0.7826116730769476,0.5446077194629293
9,64,1,devtest,0.09950434459712018,0.047031478126617995,0.9782014489173889,0.9805041525441508,-0.007198550032846862,0.7834126881577752,0.5451460920951583
9,128,0,devtest,0.17939102291835077,0.06249878058548678,0.9502224326133728,0.9568474283065503,-0.012645994623502133,0.8484536599029194,0.5951194284540234
9,128,1,devtest,0.17883604856941737,0.062379974860585094,0.9493858814239502,0.9573119573662682,-0.012090587706276912,0.848407860958215,0.5961449823596261
9,256,0,devtest,0.25395933061160825,0.09097191732884809,0.9086840748786926,0.9253255142369693,-0.01657108781915717,0.9344014995025866,0.6872285961201696
9,256,1,devtest,0.2512055324785637,0.09100293128779441,0.9077157378196716,0.9256327068286957,-0.01597823789625452,0.9349503621007457,0.6881690011783079
10,64,0,devtest,0.09292886705053123,0.04568515605660099,0.9803344011306763,0.9823570651494916,-0.007084137110999089,0.7549945743698062,0.5316907153888182
10,64,1,devtest,0.09391321461421974,0.04559876239773902,0.980111300945282,0.9822321914450706,-0.00685241005637427,0.7559997764500704,0.5321598448085062
10,128,0,devtest,0.16429209095623457,0.060635925736278296,0.9566088318824768,0.9620352352764864,-0.012098135370196661,0.81871710627368,0.5807571045377038
10,128,1,devtest,0.16324922103773465,0.060428043965701804,0.9570888876914978,0.9625232952205528,-0.011819132801258125,0.8196548318321054,0.5818965204737403
10,256,0,devtest,0.24228794391859662,0.0879813230540039,0.9159499406814575,0.9307453098989642,-0.01669107829079486,0.9072168099157738,0.6718527159907601
10,256,1,devtest,0.239570940150456,0.08770059971138836,0.9162447452545166,0.9310054750165225,-0.016358933665535758,0.9071310510238012,0.6724766930847457
11,64,0,devtest,0.07072943871502171,0.04283217281300687,0.9847049117088318,0.9862333963636963,-0.005902932448820564,0.6797956625620524,0.4902656807592421
11,64,1,devtest,0.0684203355234455,0.042642420812538176,0.9852308630943298,0.9866902458139649,-0.005499801852486441,0.6813814843242819,0.49112455433968344
11,128,0,devtest,0.13223805160007693,0.0563186667408004,0.9640948176383972,0.9683754443543466,-0.0106579602667779,0.7428650765707998,0.5382163535916444
11,128,1,devtest,0.13280085019315735,0.05610294874870416,0.9641736149787903,0.9685155842492978,-0.010343408945834964,0.7433004112857761,0.5392565713687376
11,256,0,devtest,0.2052234247891289,0.08173136888071894,0.9264066219329834,0.9385422359519021,-0.015095537359064326,0.8303111064614672,0.625954474012057
11,256,1,devtest,0.205928533095302,0.08168381164414865,0.9262130260467529,0.9384134894693564,-0.015153012492439943,0.8306749896569685,0.6265538276144953
12,64,0,devtest,0.0650273959575729,0.041823668380013924,0.985824465751648,0.9872314800432985,-0.005557430512977302,0.6591177194407492,0.4785652562524333
12,64,1,devtest,0.06280015054243532,0.04165533871643923,0.986380934715271,0.987704679576289,-0.0052426118742335825,0.6605178664127985,0.4793715982726126
12,128,0,devtest,0.1254415313064149,0.05494532040179227,0.9655596613883972,0.9695830707955727,-0.010428173072410396,0.7214886117162127,0.525878139517524
12,128,1,devtest,0.125624846751717,0.05469941748870593,0.9653405547142029,0.9694332665144243,-0.010154006607604793,0.7224774916063655,0.5269194719466296
12,256,0,devtest,0.1989985160981164,0.07978545341527823,0.9273755550384521,0.9393048205805322,-0.015028175079461303,0.8107552180687586,0.6133153659827781
12,256,1,devtest,0.19900965231160322,0.07957380137434511,0.9263962507247925,0.9390923238533367,-0.014764696811184752,0.81102188428243,0.6137114551031229
13,64,0,devtest,0.05917127869853919,0.0402248770393657,0.9865845441818237,0.9878888420121509,-0.0051716085184704275,0.6298614286563613,0.46121953202016425
13,64,1,devtest,0.060649676891890436,0.040173967023182544,0.986552357673645,0.9878739850544566,-0.004915776803637972,0.6307660068074862,0.4617470943114974
13,128,0,devtest,0.11967063524732084,0.05312314118456209,0.96563720703125,0.9697034744113071,-0.009950261224399903,0.6946275618040201,0.5097845007072795
13,128,1,devtest,0.11625719553028996,0.053068593226260306,0.9668790698051453,0.9708043300349042,-0.009514850648966733,0.694568061467373,0.5103086738875418
13,256,0,devtest,0.19163521471800227,0.0773861893198707,0.927012026309967,0.9394738570333768,-0.014557814507773381,0.7840313947562015,0.595453836701133
13,256,1,devtest,0.18945314860479398,0.07730773232425704,0.9280534386634827,0.9401491967529324,-0.014427049593491947,0.784010779225465,0.5964034195199157
14,64,0,devtest,0.05298779144403384,0.03910357576202263,0.9881670475006104,0.9893005143744015,-0.004798484119502011,0.6032635400241072,0.4462370556412321
14,64,1,devtest,0.052663691715817106,0.03895486142260559,0.9884174466133118,0.9895284126572516,-0.004580780412211549,0.6039045213749914,0.4466228704109336
14,128,0,devtest,0.10955357772269936,0.051650486612748917,0.9689993262290955,0.9725522055163845,-0.009501230536085203,0.6672455374941682,0.49435040986899176
14,128,1,devtest,0.10785840074672844,0.05167239470915361,0.9696811437606812,0.9731015870149423,-0.009206828294378355,0.667058370330117,0.4945637606310122
14,256,0,devtest,0.1812896550153241,0.07536258624697273,0.9322891235351562,0.9430136434006888,-0.01446347661090619,0.7580373395573009,0.5797224428617593
14,256,1,devtest,0.1823545152603677,0.07542448596690189,0.9316778182983398,0.9425862221072882,-0.014392312277447084,0.7580047019503333,0.5799066419854308
15,64,0,devtest,0.05699655834698316,0.03913612807113113,0.9871947765350342,0.9884454216189843,-0.004940669419187471,0.6175007793036374,0.4520573060620915
15,64,1,devtest,0.056270073083314026,0.03896119849417697,0.9877161979675293,0.9889039102162864,-0.004477154124866822,0.618274394309882,0.45266315634503507
15,128,0,devtest,0.11118268909666575,0.05157905209414435,0.9685519933700562,0.9721926040235681,-0.009427277879281548,0.6772265032385335,0.4983727220784534
15,128,1,devtest,0.109898638550305,0.05161879626243855,0.9696670174598694,0.9731257146261075,-0.009078308488383424,0.6775549130909371,0.4989890666170554
15,256,0,devtest,0.18216050213033502,0.07533159360402461,0.9316972494125366,0.942676427094952,-0.014310612823023927,0.7642145811608343,0.581954378973354
15,256,1,devtest,0.18328243784154907,0.07521910746440744,0.9313634634017944,0.942483843557815,-0.014019436908490723,0.7645844419797262,0.5824808649944536
16,64,0,devtest,0.051904273470581484,0.038693843511017886,0.9880106449127197,0.9891585290190634,-0.004795038564638587,0.6006740507754412,0.44403075855789764
16,64,1,devtest,0.054180557777484255,0.0386411419787416,0.9879356026649475,0.9890990706180666,-0.0044552584489185865,0.6022518381024852,0.44496188696586725
16,128,0,devtest,0.10784406021914698,0.051063558284306164,0.9686440229415894,0.9722315917010457,-0.009355794751282898,0.6622149266979911,0.4905070353186492
16,128,1,devtest,0.10677890602612135,0.05098076976384178,0.9693519473075867,0.972833050940452,-0.009051647601705626,0.6627178097313101,0.49110326306386426
16,256,0,devtest,0.1780368322224328,0.07456449312016819,0.9304170608520508,0.9416943641964535,-0.014029340310530158,0.7483414885672656,0.5728791200301864
16,256,1,devtest,0.179656524504676,0.07458026211031459,0.9295072555541992,0.9410770148526856,-0.013964216817509034,0.7491864264011383,0.5737442286177115
17,64,0,devtest,0.05464090222605702,0.03947659481006364,0.9874251484870911,0.9886368412485393,-0.004884894147063723,0.6118757864742568,0.4509222105597005
17,64,1,devtest,0.05658464863557707,0.039290734470793696,0.9873316287994385,0.9885626944260202,-0.004771780335541931,0.6131832227110863,0.4519273473909407
17,128,0,devtest,0.10869479410237436,0.05194589519647486,0.9682953357696533,0.9719283460890633,-0.009395210128841924,0.6730281846089796,0.49721757006464584
17,128,1,devtest,0.11052470760363521,0.05183101112700322,0.9661160111427307,0.9717593237954967,-0.008989205414598689,0.6729869549021577,0.4975092862591599
17,256,0,devtest,0.18439076150005515,0.07554761243306778,0.9274652600288391,0.9395052137943423,-0.0143741188627301,0.7596283180244041,0.5799615717295444
17,256,1,devtest,0.18347114659845828,0.07565117260497628,0.9284846186637878,0.9402001900293016,-0.014106101158893547,0.7598548391551683,0.5804938687519594
18,64,0,devtest,0.05909499012103135,0.03960027493762248,0.9865549206733704,0.9878627319557237,-0.0051441847374944505,0.6283515127319278,0.4586658464236693
18,64,1,devtest,0.06108323516549938,0.03947089358769131,0.9865877628326416,0.9879201757479378,-0.004820807865171695,0.6296821464643334,0.4597296127767274
18,128,0,devtest,0.1177218874972878,0.05227086071037885,0.965569794178009,0.9696398255142954,-0.009634349382284912,0.689896821975708,0.5051006717663823
18,128,1,devtest,0.11637525586693576,0.052242011952242165,0.9659881591796875,0.9700093299963669,-0.009210807355967465,0.6898328765775218,0.5052463613224752
18,256,0,devtest,0.19149495081016513,0.07659603428152023,0.9241551756858826,0.9371574190725093,-0.014518415386026495,0.7757243956580306,0.5883038459402142
18,256,1,devtest,0.18955888535940285,0.07640180622481486,0.9255226254463196,0.9380871004031185,-0.013945071083126592,0.7758553050684206,0.5890300526763453
19,64,0,devtest,0.045739936996533566,0.03654357905668969,0.9895437955856323,0.9905389127497962,-0.00422242645061377,0.5696646478591543,0.42570110094366653
19,64,1,devtest,0.04742959009935007,0.036478165824982256,0.9892768859863281,0.9903015001613239,-0.004024193368174833,0.5711541202935305,0.42629715822862857
19,128,0,devtest,0.09326444938778877,0.04853009315151157,0.9726706743240356,0.9757366285601751,-0.008215647303696838,0.6266623342579062,0.4702998634540673
19,128,1,devtest,0.09504692460212744,0.048475694015735024,0.9719827771186829,0.9752046758528152,-0.00804918552889966,0.6275715561527194,0.4705060801722787
19,256,0,devtest,0.16085335654065464,0.07139748851345344,0.934590756893158,0.9455376695356396,-0.012783983440110114,0.7073094131368579,0.5487260014721842
19,256,1,devtest,0.15916685786549792,0.07117194524034857,0.9350773096084595,0.9459833032261561,-0.012326523661613464,0.7072665406899019,0.5487958517941561
20,64,0,devtest,0.040802476588975296,0.03345292586353466,0.9905994534492493,0.9915001167052512,-0.0036737790161913697,0.5336842995249864,0.39960082642959827
20,64,1,devtest,0.038958338755324035,0.03332190000254548,0.9912174344062805,0.9920454891288678,-0.0033886026252399892,0.5343442518602718,0.39966668527234683
20,128,0,devtest,0.0783870834716116,0.044349601509218864,0.9767453670501709,0.9793352594288741,-0.006889145708445343,0.5804563137617978,0.43821230937134137
20,128,1,devtest,0.0796802268758642,0.04423401738150102,0.9767898917198181,0.9793896753335097,-0.006778583156339946,0.581314625387842,0.43842449377883563
20,256,0,devtest,0.135273690595094,0.0650753273939093,0.9438850283622742,0.9526837993884842,-0.010871954939582151,0.6493877818187078,0.5083931458718849
20,256,1,devtest,0.13374940333041277,0.06501436713857181,0.944128155708313,0.9528644118044216,-0.010617145986268062,0.6489552345239755,0.5078746434865575
21,64,0,devtest,0.04173980562552584,0.03320254947933735,0.9905989766120911,0.9914987793885413,-0.0035940530625255818,0.5423429852182214,0.4026164067062465
21,64,1,devtest,0.04235771239848074,0.03294494690119543,0.9906468391418457,0.9915535866937472,-0.0033604272387244283,0.5426046475768089,0.40224230921629706
21,128,0,devtest,0.07934811566250793,0.043862733027587336,0.9766427278518677,0.9792548901891557,-0.00663508768334542,0.5854529456207247,0.438814558766105
21,128,1,devtest,0.07968719304454598,0.04376791493515625,0.9768187999725342,0.9794301364841652,-0.0064294457887158485,0.585569996499654,0.43881131144184055
21,256,0,devtest,0.1319410045828783,0.06463795102229625,0.9454585909843445,0.9542199810134919,-0.010322548223264283,0.6487876885768139,0.5069971323916407
21,256,1,devtest,0.1299234060965704,0.06447666896732919,0.9466763734817505,0.9549646112782139,-0.010019206187941831,0.6484388672944271,0.5064843254107417
22,64,0,devtest,0.040391253183285396,0.03374944603014173,0.990748405456543,0.9916420165110514,-0.003457508529677522,0.5384406488050114,0.40294651529102615
22,64,1,devtest,0.039899702888038575,0.033595975288048835,0.9909100532531738,0.9917938685356376,-0.003262214136846131,0.538370667533441,0.40284921928788675
22,128,0,devtest,0.07717939910450668,0.044547278995653895,0.9771313667297363,0.9797468403682613,-0.0065261112018065726,0.5809400280316671,0.4390977399818825
22,128,1,devtest,0.07570298385213722,0.04441569849114978,0.9778458476066589,0.9803278446727619,-0.006257506934079227,0.5813027762553908,0.43935137513008987
22,256,0,devtest,0.12491086794232781,0.0653463369630503,0.9484428763389587,0.9569343452854646,-0.009910419131770265,0.6417440446940336,0.5065085546988429
22,256,1,devtest,0.12451177553809953,0.06518201654720487,0.9487944841384888,0.9568330278108093,-0.009760738322229123,0.6420402797785673,0.5062546520070597
23,64,0,devtest,0.04100972738145201,0.03532939640889791,0.9908297061920166,0.9917145745811915,-0.0034593709490515767,0.554165084253658,0.41501136349909235
23,64,1,devtest,0.04101341433935996,0.03516479487756662,0.9906800985336304,0.9915845587744738,-0.0032976262948729573,0.5545029204451677,0.4151944028157176
23,128,0,devtest,0.07717123198125399,0.04649326135968846,0.9775665998458862,0.9801017487293713,-0.006563657838286829,0.5963607186620886,0.45181703183687094
23,128,1,devtest,0.07893547881676843,0.046374853034362645,0.9766035079956055,0.979610859033771,-0.006448946441664827,0.5970197026476716,0.4521372392773628
23,256,0,devtest,0.12867062354291028,0.0685436199278091,0.948049008846283,0.9564758247526116,-0.010412921508153206,0.6579786493922725,0.5210959511724386
23,256,1,devtest,0.12774140715711949,0.06832972421790615,0.947637140750885,0.9567240595619806,-0.009952368609832951,0.6582938243042339,0.5209493011687741
24,64,0,devtest,0.04085282518979952,0.03706186510424948,0.9908271431922913,0.9917032785808976,-0.0036951459266922893,0.565840675749562,0.42614394561810925
24,64,1,devtest,0.0402480598807222,0.03683816239689336,0.9909279346466064,0.9917956765072821,-0.003434614701704586,0.5657606953472802,0.42628425856431323
24,128,0,devtest,0.07693559196354313,0.04818134648781834,0.9775380492210388,0.9802994299090209,-0.00667567844643735,0.6046490064173033,0.46153394945643167
24,128,1,devtest,0.0755862771448764,0.04816863944358898,0.9786520004272461,0.981063478870816,-0.00656023079698731,0.6055399025931503,0.46197919863643067
24,256,0,devtest,0.12774766952250943,0.07086889574191335,0.949356198310852,0.958090545233508,-0.010550960898399353,0.666241086342118,0.5320508443947994
24,256,1,devtest,0.1264014752468828,0.07058867780265934,0.950416088104248,0.9586695555803143,-0.010387184041919073,0.6666022972627119,0.5316667154882894
25,64,0,devtest,0.04094392952198784,0.03793031257351465,0.9908278584480286,0.9917006390730156,-0.003704234731919831,0.5762172228459156,0.4348628645141919
25,64,1,devtest,0.04017784323007094,0.03782360057882739,0.9911115169525146,0.9919479857308722,-0.003547684712843391,0.5765294014956012,0.4354453520341353
25,128,0,devtest,0.0766657847516013,0.049292472741481935,0.9783493876457214,0.980812077585734,-0.0067568877429673435,0.616402957927097,0.4710210010860906
25,128,1,devtest,0.07828377022153953,0.049136992292760896,0.977652907371521,0.9803091060540542,-0.006773151683084899,0.6179514996933214,0.4719896553592248
25,256,0,devtest,0.13240260320405164,0.07334404277869246,0.9479154944419861,0.9568567909059692,-0.010991548950021968,0.6816509117682775,0.5453151331254931
25,256,1,devtest,0.13088441387270436,0.07308012404281533,0.9496573805809021,0.9578329916668985,-0.010814170945774415,0.6824804571541873,0.5458513647317886
26,64,0,devtest,0.0423699750127553,0.04116701308468526,0.9901298880577087,0.991061016045105,-0.004176424308256599,0.6119768680496649,0.4647619139515992
26,64,1,devtest,0.04173405771284844,0.04111321119619816,0.9903520345687866,0.9912509862780245,-0.004033254177281287,0.6137917335286285,0.4665151118780627
26,128,0,devtest,0.07791757722752113,0.05289520973226789,0.9775779247283936,0.9800242054799243,-0.007233813856587279,0.6493237068255743,0.4995985304315885
26,128,1,devtest,0.07832831383936785,0.052769607892542175,0.9774972200393677,0.9799857973870054,-0.0071994942246061955,0.6512894856207299,0.5010258503484003
26,256,0,devtest,0.13269412191866925,0.07795578758373405,0.9477579593658447,0.9559248252745819,-0.011528465783957276,0.7110315466468985,0.5731392967881579
26,256,1,devtest,0.13214625579615433,0.07788348510353403,0.9488524794578552,0.9566788675433756,-0.01130186653498444,0.7125516416448535,0.5743455674612161
27,64,0,devtest,0.04383446387805496,0.04437315136222451,0.9892552495002747,0.9902700214609365,-0.004245772957801819,0.6422973259380369,0.4842669643235929
27,64,1,devtest,0.044402660007560345,0.04442765818852367,0.9893653392791748,0.9903766389977887,-0.00425431154894107,0.6459638774394989,0.48717200033592456
27,128,0,devtest,0.08030947660462874,0.056424441202684784,0.975848913192749,0.9785281639330853,-0.007384277202866274,0.6782127022743225,0.5183429878317949
27,128,1,devtest,0.08023710253112244,0.056435101702244896,0.9763715267181396,0.9789642439287674,-0.007287855852733949,0.6817262484268709,0.5212336534803564
27,256,0,devtest,0.13522822523320263,0.08224058522363052,0.9442916512489319,0.9529584272035448,-0.011473983526229858,0.7380259655641787,0.5918881349039801
27,256,1,devtest,0.13638743006934723,0.08267008338800885,0.9441587328910828,0.9529129487115418,-0.011408687992529365,0.7408369169993834,0.5941479497335174
28,64,0,devtest,0.0544887939496248,0.046490269134554896,0.9874054789543152,0.9886477407959635,-0.004570129694360658,0.7164511504498395,0.5213393555446104
28,64,1,devtest,0.05366637324914336,0.0463153307876465,0.9876401424407959,0.9888547533953074,-0.004405420386429992,0.7204164668466105,0.5239625083226146
28,128,0,devtest,0.09192577615154512,0.059347651729529556,0.9722031354904175,0.9754284624036189,-0.007466724424651239,0.7457807032447873,0.5522828461094336
28,128,1,devtest,0.09347225398276791,0.05940431591800668,0.971659243106842,0.9750237889121495,-0.007480687715790468,0.7490647507436348,0.5547398726145426
28,256,0,devtest,0.14341585144513483,0.08693481146103957,0.9378262162208557,0.9480252227660326,-0.010873944470376706,0.7942230033152031,0.6228353186990275
28,256,1,devtest,0.14345296835809043,0.08698327318680557,0.937796950340271,0.9480708630822751,-0.010835504441550237,0.7969061429753448,0.6241052227489876
