layer,split,k,n_fit,n_test,d,rho_identity,rho_shift,rho_procrustes,rho_ridge,rho_mlp,rho_sync,p1_identity,p1_shift,p1_procrustes,p1_ridge,p1_mlp,p1_sync,c_proc_mean,c_proc_p95,c_ridge_mean,splithalf,cocycle,spectral_frac,sync_gap,null_resid_inflation,fert_mean,len_mean,pivot_arb_Arab,pivot_deu_Latn,pivot_eng_Latn,pivot_fra_Latn,pivot_hin_Deva,pivot_ind_Latn,pivot_jpn_Jpan,pivot_rus_Cyrl,pivot_spa_Latn,pivot_tur_Latn,pivot_vie_Latn,pivot_zho_Hans,null_c_proc_mean,null_c_proc_max,null_c_ridge_max,null_cocycle_min,null_spectral_min,null_sync_gap_max,null_rho_procrustes
0,devtest,64,997,1012,64,251.54445484370896,251.54445123807952,246.57206650146028,0.6696104475043037,,246.55432901531458,0.0011827764295352001,0.0011827764295352001,0.0032189485412373237,0.0038402804639190435,,0.0032863218802958727,0.20631005597295535,1.1496848285198202,32.463257956130185,0.17809825912117958,0.12248977273702621,0.5877134541323016,-0.01773748614570536,1.0619674653622226,-0.006954987217554493,0.03868167274097948,-0.009067049023244842,0.003103599249524533,-0.032736196196657893,-0.022161382518594442,-0.24555598170346374,-0.038295293734733026,-0.29075697693938723,-0.09473660022339242,-0.1074801945793793,-0.2797691736225467,-0.027344279049231607,-0.009262321399740937,0.6769251504844843,0.8575709601552014,110.80365087293487,0.1284436285495758,0.5939277559843833,0.16919821049236816,1719.107281184332
0,devtest,128,997,1012,128,2.968818987860824,2.9688189399964884,1.944785370745442,0.6619316491891037,,1.9448644722049886,0.0010106001123362644,0.0010106001123362644,0.0035183856115591798,0.003765421201630185,,0.003533357463311404,0.09311692559539082,0.3103959962725636,0.11485142057548121,0.1480599303729832,0.06152190640568733,0.5631976967384013,7.910145954648229e-05,1.0800369407116632,-0.0030849114791708693,0.0481712947423552,-0.006564369923117655,-0.00020212508137443697,-0.0031520721257203895,0.00011141595773965077,-0.03919520805357024,-0.006553683836591518,-0.023344875977967274,-0.005261879880378149,-0.012208042081622558,-0.008922240200097969,-0.0012622709875689576,0.0004008841806022577,1.627874371834751,1.6637991651049533,0.16224635145733896,0.11681418865919113,0.5629120259061346,0.05473224186536019,4.51108132912354
0,devtest,256,997,1012,256,2.962513392621821,2.9625134269396463,1.940358285199512,0.6626895033951962,,1.9404107695727637,0.0009881423320621252,0.0009881423320621252,0.003533357463311404,0.0037803930551462777,,0.0035333574650752726,0.09345256769980606,0.31736532598733874,0.1140036835375323,0.1480620804708451,0.029378974810242653,0.5493625016913563,5.24843732516711e-05,1.1191277868957819,-0.003156923635234308,0.0481698978229925,-0.0065677963496207,-0.0002155270690392089,-0.0030712424789710855,6.839752627249916e-05,-0.03957497144848193,-0.006541916048627172,-0.023227409104848364,-0.005277458292336881,-0.012253337850614282,-0.008744873935674233,-0.001219984557106231,0.0003701239791222509,1.626960444205399,1.6636854430190535,0.16017330628164927,0.08135852217674255,0.5534275532951061,0.05549663801987936,4.5034122216430585
1,devtest,64,997,1012,64,2.1788967883948125,2.178896794716517,1.4674875289201736,0.7663736097288855,,1.46637749626781,0.0012950653361975019,0.0012950653361975019,0.06187118452649112,0.06375015230680053,,0.06020930871212234,0.606571081393596,1.0295550882816311,0.08689668057909743,0.8843553766608239,0.6630387902259827,0.7680980778232946,-0.0011100326523636461,1.0619674653622226,0.03726307699484371,-0.04151841016347445,-0.028391655233942648,-0.03289349904119841,-0.007140471068189733,-0.020496487336508423,-0.09628928415477275,-0.03231106805191799,-0.049232615187594836,-0.02312252898171375,-0.021365885892208263,-0.05406039982018146,-0.019898687514465895,-0.026362564370025543,0.3377502127409433,0.3391883760577801,0.0739434671066137,0.8992377519607544,0.9185601325729756,-0.012268000028350157,1.37349484770587
1,devtest,128,997,1012,128,2.15713196812254,2.1571319726380436,1.489646050514597,0.8174826267993811,,1.4879832114234115,0.001437297942836515,0.001437297942836515,0.08060845934122687,0.07922356308324996,,0.08011438782947759,0.610346909251177,0.9986692070960999,0.11534401523302111,1.0016278326511383,0.6347554326057434,0.749470764846071,-0.0016628390911854751,1.080036940711663,0.03992689766220963,-0.045838432438851544,-0.028759143435375088,-0.03225534305565816,-0.006342593150691817,-0.01982988599050838,-0.08678054262629964,-0.030675376646898008,-0.04568180998744951,-0.023842126912760168,-0.020631461835265243,-0.05309663233558901,-0.01945680556078018,-0.02616051352551122,0.43132725019346585,0.4347322546735857,0.10420358259174409,0.8311861157417297,0.8723440994836196,-0.014452711650819516,1.4123736913457061
1,devtest,256,997,1012,256,2.1414034429824715,2.141403452013478,1.5154131619316158,0.9250488624428258,,1.5148161541331897,0.0013100371791303835,0.0013100371791303835,0.09465205778762924,0.08393221056074694,,0.09444245198656889,0.5696308231037674,0.9054340839385986,0.1669212598706398,1.1026883155107499,0.6509649157524109,0.7622374846685274,-0.0005970077984260858,1.1191277868957819,0.03978514620264011,-0.0486850396118786,-0.02693968615838623,-0.029411774726097725,-0.005808019257727375,-0.018616551624357023,-0.07541152374310926,-0.027699573219499805,-0.04144025630613958,-0.022333219355310907,-0.0206869864476506,-0.049793575365434994,-0.018415559798235004,-0.02406712928257713,0.45186309408057823,0.4548235703372594,0.16616164128380742,0.8016507625579834,0.8542586846247645,-0.013947806575081545,1.4500091495839031
2,devtest,64,997,1012,64,2.087486266186743,2.0874862616712395,1.2113730555230922,0.6876212651982452,,1.2089347288464054,0.0012875794059117184,0.0012875794059117184,0.08524973371602369,0.08422416210118117,,0.08477812076947003,0.4511653132059357,0.866456666588783,0.06876890376689986,0.7066853448748589,0.6938707828521729,0.787278743391245,-0.002438326676686753,1.0619674653622226,0.037047263166406975,-0.03691089141258202,-0.023781984409486704,-0.02696994834008034,-0.006241482667577326,-0.013936117421623997,-0.07796237172389572,-0.022496807033365422,-0.045236883909356866,-0.01796296237153001,-0.013776451588968154,-0.044859316424382005,-0.0159273191714998,-0.02799643842630427,0.2459020706062967,0.24753404008506824,0.06504200532975973,0.9118170142173767,0.9289750870478027,-0.010208324952559078,1.1619418148290026
2,devtest,128,997,1012,128,2.0799746386932605,2.0799746242436497,1.248234845923655,0.7340759029894164,,1.2455763550418797,0.0013250090361742134,0.0013250090361742134,0.10378488860177723,0.10284166173501448,,0.1044062201187692,0.4708677369988326,0.8466833293437951,0.09309233589605852,0.8221852749586105,0.6587077379226685,0.7641346051464467,-0.0026584908817752773,1.0800369407116632,0.037291908371525295,-0.03982672871661294,-0.026198348696396517,-0.02677793929734352,-0.0057087140152527185,-0.014352023224372798,-0.07050424748185007,-0.022440239575437525,-0.04346669633364813,-0.020592746112114667,-0.01589169034374539,-0.04559114089404995,-0.016079861139984462,-0.02853897332467816,0.3317922963845459,0.3320579232817346,0.08998175885415438,0.8485677242279053,0.8821127585883936,-0.012934897885177987,1.2081229228413466
2,devtest,256,997,1012,256,2.073913203947472,2.0739132093660757,1.2827809132409818,0.8236491350513516,,1.2807020928823587,0.0012950653291420276,0.0012950653291420276,0.11327704352637132,0.10688406232546901,,0.11365882592332183,0.444704994559288,0.7619611978530881,0.13202399866599024,0.9250111311674118,0.6655395030975342,0.7710508385885388,-0.002078820358623057,1.119127786895782,0.03651304405292778,-0.041160212912327486,-0.024290471048813992,-0.024629334328611467,-0.005725635152669962,-0.0131426113916942,-0.06116992494260723,-0.020665870014239442,-0.03875308450396088,-0.01945018839323893,-0.015426967495427974,-0.040884649321775546,-0.014960685131055388,-0.026210404455196113,0.3602101912044666,0.3616946844214743,0.13971920425749637,0.8094693422317505,0.8596307561538575,-0.012812068516557806,1.2504742046197257
3,devtest,64,997,1012,64,2.1125960955114076,2.1125960928021055,1.1916015960953452,0.6802458927938433,,1.188289869463805,0.001197748283051293,0.001197748283051293,0.1585219847391162,0.16654689926089664,,0.15774344784122976,0.48817833348205597,0.8685381025075912,0.06967479351442307,0.749697232246399,0.7278761267662048,0.8117714748157624,-0.003311726631540113,1.0619674653622226,0.05978248966636394,-0.0782853676477171,-0.02867198100264597,-0.03054130134088072,-0.007307633753357963,-0.01546894254266094,-0.0908310497010296,-0.028138090771707622,-0.04575399110855704,-0.01786340430632911,-0.013034985802766063,-0.05329612898111174,-0.020158216918670487,-0.030424813193861734,0.25226275323128156,0.25412223901260983,0.0640369549365432,0.9294949173927307,0.9412652037775097,-0.011271499323122436,1.143424097561475
3,devtest,128,997,1012,128,2.1007222280357825,2.1007222226171782,1.2330407269976356,0.729594456427025,,1.2294975221157074,0.001070487528164504,0.001070487528164504,0.20176818341750538,0.20815367945893246,,0.20416368156050643,0.50776814975296,0.839889472723007,0.09443723098657122,0.8916310608386994,0.6955791711807251,0.7893042325682268,-0.0035432048819281636,1.080036940711663,0.06073641204192354,-0.08286995158345921,-0.03076308976689523,-0.030686375000302427,-0.0067043559773909776,-0.01526019235038389,-0.08312437063591047,-0.0295175633139231,-0.04585151650773531,-0.021198055122724987,-0.016725739833253265,-0.05330132420799187,-0.019309240359474313,-0.03210776838558641,0.3475347585976124,0.34952575410857345,0.08959844268745545,0.8714597225189209,0.9003508369971339,-0.014797412987911152,1.1965733161478331
3,devtest,256,997,1012,256,2.092556710496093,2.0925567123022946,1.272686088627035,0.8219299271251216,,1.2699647143934711,0.0011528327242668831,0.0011528327242668831,0.2240762464476354,0.21729399464234259,,0.22760211687647935,0.4770750133602908,0.7544614225625988,0.13218819073429613,1.0052713453769684,0.6903296709060669,0.7874439421684377,-0.002721374233563889,1.119127786895782,0.05897508314753298,-0.0836617054926466,-0.028702953798876312,-0.028165623430554246,-0.0062684837936434305,-0.01441755217648196,-0.07064960433000868,-0.026006639342416416,-0.041509957336397334,-0.02115161070092158,-0.016167787011628125,-0.04798717900041745,-0.017206486064407563,-0.029922544096850537,0.3871062510844433,0.38824730495160276,0.13853419393470343,0.825963020324707,0.8700297957550757,-0.014843511762041128,1.2468077698440263
4,devtest,64,997,1012,64,2.079238078810952,2.07923807610165,1.1491327728285934,0.6575046980922873,,1.147589646505587,0.0017966224272227423,0.0017966224272227423,0.30072464929385617,0.32449246590223274,,0.29855372948628484,0.4820698414675214,0.8469857037067412,0.06842407902886131,0.7013248667120934,0.7709702849388123,0.8404990771761924,-0.0015431263230063497,1.0619674653622226,0.05825317929172161,-0.09628938035772693,-0.038596957085908136,-0.033342121834655035,-0.01303038449352078,-0.01843393651996104,-0.10657271106134761,-0.03342414990660142,-0.047400480767034674,-0.018932715498588302,-0.017372754206669262,-0.05860245617910881,-0.0282813642261317,-0.04068520636382428,0.233514329195587,0.23455097365447067,0.06266668599635136,0.9404822587966919,0.9547041908469108,-0.010960262381669361,1.1203513992103664
4,devtest,128,997,1012,128,2.063915137991761,2.0639151271545524,1.1865190868124817,0.7069628947612011,,1.1827840452844447,0.0019613128141358948,0.0019613128141358948,0.3908402363233494,0.40375345973580173,,0.39384957840383955,0.5000417200001803,0.7889336675405498,0.09026013687676326,0.8374558031558991,0.7468858361244202,0.8240094767062147,-0.003735041528037053,1.0800369407116632,0.060298516185007776,-0.10013582053459487,-0.03916740272490477,-0.034704802763669496,-0.01093541231219371,-0.01784431072962682,-0.09897240701724183,-0.03389956656504761,-0.0515226757069203,-0.02210188964487646,-0.02004808813375844,-0.06173238786445422,-0.02563494361926463,-0.041075778447768906,0.3298055205437722,0.32999974003795424,0.08753492643661571,0.9004106521606445,0.921573443985713,-0.015430779619650448,1.1725509961446128
4,devtest,256,997,1012,256,2.0547618179610283,2.05476182067033,1.232109028733138,0.7985903318181182,,1.2284664019490734,0.0018714816806922581,0.0018714816806922581,0.4412205231686433,0.4351419516923753,,0.4475386453736009,0.47813060042081457,0.6965034335851669,0.12778926812055888,0.9845579355955124,0.7334453463554382,0.815110028705862,-0.003642626784064573,1.119127786895782,0.05966199241996225,-0.1062574293307733,-0.03725097608879547,-0.032040350405838004,-0.008987006146079776,-0.016128148502585562,-0.08497045988386327,-0.03165467569435185,-0.04582510566846891,-0.022347932632758537,-0.020969559569758447,-0.058012038841843604,-0.023715401310685346,-0.03713737625247714,0.38275382094310995,0.38279047016844603,0.13479656482849156,0.8545960783958435,0.8893547642599974,-0.0175244135387016,1.2321126917094896
5,devtest,64,997,1012,64,2.056746946139769,2.0567469398180642,0.9852337272781314,0.6011788804422725,,0.983493733586687,0.0015271290621692033,0.0015271290621692033,0.46467393142820307,0.4862633437821359,,0.4619565384010925,0.3822505903176286,0.71543906033039,0.06320460989831411,0.5481153145432472,0.813929557800293,0.8702808301516542,-0.001739993691444397,1.0619674653622226,0.05918694890144506,-0.1026432504405263,-0.03402005399746651,-0.029275686120275746,-0.015103409284281291,-0.016515130100941116,-0.10808667936785654,-0.031043747359548103,-0.037633389852602374,-0.019134139184924688,-0.015319561734610364,-0.05696555917913264,-0.027822560806420038,-0.03365332838994536,0.1558801744951669,0.1565151726714138,0.05729226958232395,0.9654220938682556,0.9696112414889303,-0.009573658758943782,0.966264017377839
5,devtest,128,997,1012,128,2.0444562895731493,2.044456287766948,1.0344474175662706,0.6496708831100753,,1.0312776001113835,0.001616960186793497,0.001616960186793497,0.5504925967278805,0.5660633258521557,,0.5534869698864041,0.4114939953680291,0.674072417616844,0.08067967646727056,0.7030260503292084,0.788129985332489,0.8509504939706104,-0.0031698174548870917,1.080036940711663,0.06268375149457511,-0.10592334811656617,-0.0387138514821841,-0.03205919157163325,-0.013565276190903123,-0.016597796133084392,-0.10652321516112848,-0.03262727745723995,-0.044449295789342036,-0.020327283681200986,-0.020804161243987353,-0.06486440953713926,-0.026811789939264682,-0.03772831405936317,0.2520151815179622,0.25296995359839813,0.07766070650382476,0.9278517961502075,0.9393581764078056,-0.014585466095895505,1.0315014681581296
5,devtest,256,997,1012,256,2.037132899869572,2.03713289716027,1.0950661929267826,0.7360089136795565,,1.0903921127319336,0.0016019883332774043,0.0016019883332774043,0.598252809747602,0.5983875564892184,,0.6035079311466578,0.41572724564960506,0.6225917071104049,0.11128216407007792,0.8784146845340729,0.76710045337677,0.8365993529745025,-0.004674080194849051,1.119127786895782,0.062469484921102825,-0.10977188809116394,-0.038280321890488266,-0.0317292445466261,-0.010733541531424801,-0.016691570902581918,-0.09459751834246245,-0.03202989836308089,-0.04427900737659498,-0.022691683687100356,-0.022169206632216547,-0.06330852275714278,-0.025465250993147493,-0.03620204175399108,0.32594672846748973,0.3261028567159718,0.11837349894992781,0.8781673312187195,0.90479689181715,-0.01792243032744434,1.107968071193406
6,devtest,64,997,1012,64,2.0473670932379635,2.047367092334863,1.0533218243808458,0.6281607275207838,,1.0500407896258614,0.0016618757438140385,0.0016618757438140385,0.3763624537510402,0.4155587660092296,,0.3752844789996743,0.4240921815123522,0.7678778529167171,0.061165374126567536,0.5829810410737991,0.7971426248550415,0.8596730374347291,-0.0032810347549843133,1.0619674653622226,0.04916466021199273,-0.06184324674072499,-0.034041453478857876,-0.03061952702701092,-0.012930444011660505,-0.01603078158831605,-0.10280978259715166,-0.02745586043139073,-0.036641825282607565,-0.017358091271440074,-0.013853727457833222,-0.058054492343217134,-0.026425298740716904,-0.035999004779891534,0.19164032804864373,0.19251976269438412,0.05757849839741759,0.9548560380935669,0.9629079442054561,-0.009669745058724422,1.0319195489088693
6,devtest,128,997,1012,128,2.0378704125230964,2.0378704089106936,1.093565459504272,0.6703234276536739,,1.0896858022068485,0.0016843335223243091,0.0016843335223243091,0.4631318300962448,0.49442300414948753,,0.4664031798866662,0.44029487169375925,0.711231246590614,0.07820357849793226,0.724389374256134,0.7739128470420837,0.8407709904753263,-0.0038796572974235666,1.080036940711663,0.05335182525871758,-0.06819865276357642,-0.03738418943672018,-0.032386104542423376,-0.012067990515317267,-0.01660525959027423,-0.09744046730074016,-0.028950650473548608,-0.04317621719092131,-0.020140658649192615,-0.0191424796664664,-0.06177295509471812,-0.023873024092807265,-0.03447837292809378,0.28749411634423516,0.28957170704097457,0.07773587860336358,0.916013777256012,0.9305297949407113,-0.014941426389144974,1.0877730433236468
6,devtest,256,997,1012,256,2.031437486410141,2.031437480088436,1.1422409333965995,0.7484407339132193,,1.1381843026840326,0.0016319320456011956,0.0016319320456011956,0.51694067211991,0.5285738037165367,,0.5237678383110147,0.4305980009563041,0.6328153192996977,0.1074048201694633,0.8812888920307159,0.7567931413650513,0.8301879687065682,-0.0040566307125669,1.1191277868957819,0.05362405954292263,-0.0736904799743041,-0.03618311634795232,-0.030025942623615264,-0.011167765055671968,-0.01592704403076575,-0.08615467368879101,-0.029729372313754124,-0.041826570296490735,-0.02159618102014065,-0.020656187214295973,-0.05939506662332199,-0.022345963240050795,-0.03367366064339876,0.346989303161249,0.3486618543664614,0.11692224089056254,0.8703566789627075,0.898882824448383,-0.017210374275843376,1.152041778419957
7,devtest,64,997,1012,64,2.047586416656321,2.0475864049160117,0.963398559978514,0.590904100374742,,0.9609165589014689,0.0015795305477116597,0.0015795305477116597,0.432843770098054,0.4703782085667957,,0.43299348878137994,0.3782745503002044,0.7569530397653577,0.05721447566016154,0.5491121634840965,0.810761034488678,0.8688539457630574,-0.002482001077045104,1.0619674653622226,0.06037054074507125,-0.08530244981545984,-0.027600450693121687,-0.029112697775814343,-0.01453332345223647,-0.015051604525135851,-0.09390690299597654,-0.024400073575617916,-0.03660997415638783,-0.016179234566251664,-0.01356990237797039,-0.05176352695138617,-0.020645215548045763,-0.03359139765274118,0.16681955137544058,0.17005095803037737,0.053762539981328177,0.9600654244422913,0.9655748407038448,-0.009283013867609435,0.945904415891026
7,devtest,128,997,1012,128,2.040109696713361,2.0401096885854546,1.0085824646733024,0.6335999252218188,,1.0044228285551071,0.0015795305600587392,0.0015795305600587392,0.5192987397877555,0.5494969687001272,,0.5226674070864012,0.3963318573480303,0.6516303300857542,0.07333941063843667,0.6918096944689751,0.7871060371398926,0.8500744994601118,-0.0041596361181952535,1.080036940711663,0.06261722349624503,-0.09073196180906846,-0.031115517180561172,-0.031049250764772295,-0.013022318176015027,-0.014450530910512911,-0.09355795725502751,-0.026852360350841827,-0.04130502110347152,-0.018044792975045063,-0.01752397483214736,-0.05876212543807924,-0.02042216516935944,-0.0350778309205039,0.2518873370675878,0.25278677356739837,0.07292471696255785,0.9216911792755127,0.9370062523485986,-0.013554093061071582,1.0043789410229884
7,devtest,256,997,1012,256,2.0354411249810997,2.035441124077999,1.0605871420014987,0.7093027866247928,,1.0560584479209147,0.0015121572086531105,0.0015121572086531105,0.5676203957674179,0.5828692279191632,,0.5741032119275946,0.38902809705698127,0.5878357231616972,0.10000198539910894,0.8453353822231293,0.7702259421348572,0.8392923282005706,-0.004528694080583984,1.119127786895782,0.06106105761421508,-0.09630578771073277,-0.03135533627884632,-0.029336187603290785,-0.011356065638723191,-0.013948226657124575,-0.08402972786941311,-0.026139155809174884,-0.04091207086193291,-0.019583416658199647,-0.019561966042965652,-0.057062352550300684,-0.020637614543375093,-0.03381257245994427,0.3100964581932534,0.3113516939860402,0.10952266833716721,0.8808184862136841,0.9060511710532776,-0.016190684202945782,1.0715955163944852
8,devtest,64,997,1012,64,2.041675068212278,2.041675053762667,0.8591423188195084,0.5485357134179636,,0.8581536601890217,0.0016094742670909247,0.0016094742670909247,0.5892322682070009,0.6352033443523176,,0.5899060024230769,0.31458469413672435,0.5764806538820263,0.05281708662285272,0.4637741282582283,0.8507459163665771,0.8959098158400843,-0.000988658630486694,1.0619674653622226,0.05524634319186985,-0.03231460594213112,-0.02657661631661044,-0.025121220175854185,-0.0187544095166562,-0.016694903847846117,-0.0833953507244587,-0.028450220230628143,-0.03823084140789102,-0.017978922358121385,-0.016260469711216335,-0.049698658016594975,-0.02407591415315189,-0.03631852659481493,0.12010653699663552,0.12065148798918182,0.049956483043956036,0.9732498526573181,0.9762605068887066,-0.007774883598992366,0.8402780107024944
8,devtest,128,997,1012,128,2.035103132327398,2.0351031305211964,0.9106226847930388,0.591453585886594,,0.9062143202983972,0.0016469038902979457,0.0016469038902979457,0.6795350029838808,0.7073751658652768,,0.6831507069820707,0.345120005670822,0.529021283984184,0.06693636264906011,0.6211295127868652,0.8246046304702759,0.875522305830521,-0.004408364494641548,1.080036940711663,0.05800047892781451,-0.03725460123587149,-0.03157795018262484,-0.026669841424816033,-0.01716981921080415,-0.017905138835141606,-0.08749449073591016,-0.027261021750217135,-0.04215655965222554,-0.01970805513503199,-0.019290907007896086,-0.05658090476962653,-0.023381887321275743,-0.039062111249024214,0.2065691807335525,0.20680040845816786,0.06700740463354371,0.942480742931366,0.9507466945656353,-0.013295421546155817,0.9053428394324852
8,devtest,256,997,1012,256,2.031568483872847,2.03156848748525,0.973715733849641,0.6638943187215112,,0.9679920361800627,0.0015945024047554894,0.0015945024047554894,0.7270257208834995,0.7388385112086931,,0.7339801488049102,0.35445615059950136,0.5046357333660124,0.08996691051870584,0.8080202102661133,0.8034001588821411,0.8607334878026921,-0.005723697669578365,1.119127786895782,0.057888704938942714,-0.046763063145280344,-0.03291831453415481,-0.028356886240230365,-0.015256359235552902,-0.016972704701633617,-0.08293121274222028,-0.028305664235218006,-0.043854263280941684,-0.02158256351778453,-0.02288193375041539,-0.05849060238423673,-0.02375828816386109,-0.03836019057780504,0.27451290830292485,0.27609719918532805,0.0986382123393317,0.9018201231956482,0.9205632259847253,-0.016562596866578683,0.9865677505731583
9,devtest,64,997,1012,64,2.0314876518466254,2.031487645524921,0.7997056250319337,0.5191812657497146,,0.798433447877566,0.0017966224219311368,0.0017966224219311368,0.620762990053856,0.6688525840414293,,0.6217361605077079,0.27747175371782345,0.5244176059961316,0.04918532355434515,0.4225408472120762,0.8672803044319153,0.9075531472423269,-0.0012721771543676708,1.0619674653622226,0.05352065004669919,-0.023942346224727403,-0.024841754942793736,-0.02486972813071175,-0.01978739240968769,-0.016589396967637268,-0.07665686065500432,-0.02546310636468909,-0.03463280444795435,-0.01806510516273027,-0.015100790877741846,-0.046236066283150155,-0.021669124854220585,-0.035687805864621294,0.09922028762062617,0.09950434459712018,0.04716825871446142,0.9782002568244934,0.9804898710951289,-0.007198550032846862,0.7830121806173613
9,devtest,128,997,1012,128,2.026028255621592,2.0260282655557,0.850365366899606,0.5597316229885275,,0.8462934295336405,0.001923883178581794,0.001923883178581794,0.7066115949190024,0.7364804457985994,,0.7095385950171587,0.31196461237515466,0.5095381170511243,0.06152246186058178,0.5818256944417953,0.8389217257499695,0.8854285732448958,-0.00407193736596545,1.080036940711663,0.05599511265612335,-0.02954592627495428,-0.03092018709602681,-0.029000485760413787,-0.01947386321527037,-0.01723065005446022,-0.08132070079445838,-0.02660849208689549,-0.041388822626322506,-0.019763161999766122,-0.018574543805284935,-0.05353266365656799,-0.023439700727943668,-0.03674659097397869,0.17911353574388406,0.17939102291835077,0.06249878058548678,0.9493858814239502,0.9568474283065503,-0.012090587706276912,0.8484307604305672
9,devtest,256,997,1012,256,2.0229573105320786,2.022957306919676,0.9179533390384732,0.630931833025181,,0.9125655568910368,0.0017966224254588738,0.0017966224254588738,0.753480985986464,0.7682507182612563,,0.759192749180577,0.3288423017796242,0.4643656462430951,0.08238732317801226,0.7756277948617936,0.8144041299819946,0.868002785405689,-0.005387782147436404,1.119127786895782,0.05670210604670764,-0.03600140181852452,-0.03268626465208151,-0.030322717236016285,-0.018346108436923136,-0.018378267936747184,-0.07971598820930177,-0.027343619970435447,-0.04272852572189136,-0.02237678977068175,-0.022949910316277633,-0.05584974525157701,-0.02428760267370804,-0.03779236167161302,0.252582431545086,0.25395933061160825,0.09100293128779441,0.9077157378196716,0.9253255142369693,-0.01597823789625452,0.9346759308016661
10,devtest,64,997,1012,64,2.0288605148142036,2.028860522039009,0.7736471376635812,0.5070062665776773,,0.7729158794338052,0.0020661157887485442,0.0020661157887485442,0.6443436574755292,0.6948212642561306,,0.6458782763643698,0.261392653496428,0.48196904659271234,0.047461584639368636,0.4098925329744816,0.881901741027832,0.9172198535113885,-0.0007312582297759329,1.0619674653622226,0.04566905288924299,-0.0023409413458115886,-0.024097134541212158,-0.02829152408309958,-0.02168276841244237,-0.0197324287654324,-0.06998718414794315,-0.024877593945711853,-0.03624813880094073,-0.015502195655029605,-0.016410158820111643,-0.039275066842409695,-0.020922361257147384,-0.03295230398123915,0.09342104083237548,0.09391321461421974,0.04568515605660099,0.980111300945282,0.9822321914450706,-0.00685241005637427,0.7554971754099383
10,devtest,128,997,1012,128,2.025331471905564,2.0253314673900604,0.8232329853556373,0.5463476643869372,,0.8195959388306646,0.002073601717270459,0.002073601717270459,0.7327524550033339,0.7628309065193841,,0.7352976668061633,0.29618293991820377,0.5022978752851484,0.05933668545560178,0.5607327088713646,0.8523195385932922,0.8951117623575146,-0.0036370465249726536,1.080036940711663,0.04700528428829755,-0.0054531917347993295,-0.03062579973008145,-0.028723085290667687,-0.021197587298229337,-0.017824212089180946,-0.07796144685284657,-0.027421091590076684,-0.041634019142524764,-0.020536365698684344,-0.018721472543918274,-0.051617537675933405,-0.024089492942121895,-0.03643563142554326,0.1637706559969846,0.16429209095623457,0.060635925736278296,0.9566088318824768,0.9620352352764864,-0.011819132801258125,0.8191859690528926
10,devtest,256,997,1012,256,2.0230115913983546,2.0230115841735494,0.89089837354241,0.6149266734719276,,0.8859998926971898,0.0020137143084976933,0.0020137143084976933,0.7815157784657045,0.7952674304445585,,0.7871302278204397,0.3155879942982486,0.4553441047668453,0.0787974216862384,0.7599117517471313,0.8281488418579102,0.8775335258971667,-0.0048984808452201545,1.119127786895782,0.04844991258204808,-0.01349715509331971,-0.03254248742860827,-0.03089889051731337,-0.02110139202665199,-0.020077311442318287,-0.07818736024200916,-0.029218648712743413,-0.04450870020823045,-0.02242546278814023,-0.022982806458391927,-0.05542587363584475,-0.0258830149192363,-0.03921538635411046,0.24092944203452632,0.24228794391859662,0.0879813230540039,0.9159499406814575,0.9307453098989642,-0.016358933665535758,0.9071739304697874
11,devtest,64,997,1012,64,1.9734249656850642,1.9734249711036682,0.6966042841474215,0.46629356051033194,,0.6965676500941768,0.002867109967734326,0.002867109967734326,0.6980551842487219,0.7435920757777763,,0.6984669098799879,0.22312668885358355,0.44346659630536966,0.04451714518875109,0.3532183960080147,0.8958967924118042,0.9282814780502168,-3.66340532447218e-05,1.0619674653622226,0.04446232355206133,0.01304458624569469,-0.02016443840482018,-0.02548764877190644,-0.022740670335902408,-0.017438116580755874,-0.06553263027559628,-0.023944585711102594,-0.03469259333373471,-0.014854844371703538,-0.013638656688007442,-0.0389115869152275,-0.01877008556303653,-0.02934675904160196,0.0695748871192336,0.07072943871502171,0.04283217281300687,0.9847049117088318,0.9862333963636963,-0.005499801852486441,0.6805885734431671
11,devtest,128,997,1012,128,1.9788642715324054,1.978864281466513,0.7465862588900508,0.505037385180141,,0.7431269945068792,0.0026799617829083495,0.0026799617829083495,0.7746586749951044,0.7992574258735685,,0.7759163054552946,0.25084669224240563,0.4377559140324589,0.055141883772431,0.5013573840260506,0.8711596131324768,0.9076445018560909,-0.0034592643831715675,1.080036940711663,0.045918174957425874,0.010777164739809088,-0.026763467537239193,-0.025689208702268925,-0.021002018244259738,-0.016443181550130248,-0.07019520970908079,-0.025566132739186287,-0.03760193805633621,-0.017896088382059878,-0.017146010349758645,-0.04597025237638842,-0.021811182909137146,-0.033112506026571446,0.13251945089661715,0.13280085019315735,0.0563186667408004,0.9640948176383972,0.9683754443543466,-0.010343408945834964,0.7430827439282879
11,devtest,256,997,1012,256,1.9832428097724915,1.9832428169972969,0.8150605712876176,0.5715709538622336,,0.8097535525307511,0.002739849195208852,0.002739849195208852,0.8129267308748129,0.8235792011925669,,0.8162429960388126,0.2756270196288824,0.41401194483041737,0.0730704537113056,0.6971302598714828,0.8402715921401978,0.8862668734537634,-0.005307018756866455,1.119127786895782,0.04667648293138571,0.006317177772798874,-0.02881180580536073,-0.030022113177586685,-0.01979655058715831,-0.018642403972758487,-0.07283532345159487,-0.02729716996916316,-0.042457717115228825,-0.0211815868081017,-0.02198927610773932,-0.05133815664290027,-0.02350226755423302,-0.03622954155911099,0.20557597894221546,0.205928533095302,0.08173136888071894,0.9262130260467529,0.9384134894693564,-0.015095537359064326,0.8304930480592179
12,devtest,64,997,1012,64,2.0193338854746385,2.0193338890870414,0.6759734641421925,0.45459633659232745,,0.6755021225773927,0.004573901229763798,0.004573901229763798,0.73119538119345,0.7747784491741296,,0.7310606336051767,0.2090509610081261,0.46201165765523905,0.043181128548740434,0.3366683334112167,0.9033448100090027,0.9328613958532589,-0.0004713415647997765,1.0619674653622226,0.04513265081348651,0.026688898089730084,-0.01852432649413293,-0.026407793824645608,-0.019903817544267937,-0.0147472376935184,-0.06703633039512417,-0.02261567459526387,-0.03130858611654152,-0.0139297419693321,-0.013657144190404903,-0.03648802833631635,-0.016383075098168443,-0.028270726507021622,0.06391377325000411,0.0650273959575729,0.041823668380013924,0.985824465751648,0.9872314800432985,-0.0052426118742335825,0.6598177929267739
12,devtest,128,997,1012,128,2.0185946144840936,2.018594615387194,0.7260761227120053,0.49322246286002075,,0.722634284107974,0.00429692195382703,0.00429692195382703,0.7997889279416113,0.8248592951532566,,0.8026859814470465,0.23946753153295228,0.4261471837759016,0.0534765482372181,0.4811862498521805,0.8734146952629089,0.9101624119132765,-0.0034418386040312443,1.080036940711663,0.04531314970954265,0.026726187293784762,-0.024207724584266545,-0.026436166511848568,-0.020090991775081918,-0.017892461985518988,-0.06955252123827284,-0.024861985207958653,-0.03855970054018226,-0.017825256385417147,-0.01716909812847999,-0.045239674884148616,-0.021576148546724155,-0.03243451861833984,0.12553318902906596,0.125624846751717,0.05494532040179227,0.9653405547142029,0.9694332665144243,-0.010154006607604793,0.7219830516612891
12,devtest,256,997,1012,256,2.0183057902437267,2.0183058001778345,0.7957421726349628,0.5593977988217816,,0.7903112556898233,0.004207090853896895,0.004207090853896895,0.8355417143214833,0.8460594393087156,,0.8396440012888475,0.2659948328453483,0.40564815551042543,0.07120592099981327,0.6814682990312576,0.843990683555603,0.8885114070997185,-0.00543091694513953,1.119127786895782,0.04655519954124481,0.02253481566410374,-0.02848099669102918,-0.030444484593516046,-0.01894484102641317,-0.018430634588003158,-0.07255650965327566,-0.02635274442251433,-0.04319796511395411,-0.020158973890780047,-0.02202264851128513,-0.051610434597188774,-0.02340896601619368,-0.0357728973031044,0.19900408420485982,0.19900965231160322,0.07978545341527823,0.9263962507247925,0.9390923238533367,-0.014764696811184752,0.8108885511755943
13,devtest,64,997,1012,64,1.9860812976504818,1.9860813292590054,0.6465289443731308,0.43842621079900046,,0.6460681930184364,0.003555815243585543,0.003555815243585543,0.7470730328650186,0.7853934925162431,,0.746264551173557,0.19206817351620306,0.41113371998071657,0.04149273542941294,0.3211342886090279,0.9050705432891846,0.9347370560701685,-0.00046075135469436646,1.0619674653622226,0.04294754739535004,0.022653962467537172,-0.01625610840168189,-0.024977947085757148,-0.017886599877171897,-0.014251137584109197,-0.05872460580007596,-0.02089786426672204,-0.03152026330036196,-0.014481783819130876,-0.01197661721909588,-0.03583505366166884,-0.01498350151497024,-0.02401555979793722,0.059910477795214814,0.060649676891890436,0.0402248770393657,0.986552357673645,0.9878739850544566,-0.004915776803637972,0.6303137177319238
13,devtest,128,997,1012,128,1.990023335724166,1.9900233393365687,0.699212360336925,0.47811276330189273,,0.6960520218267585,0.003218948539473455,0.003218948539473455,0.8117589241627491,0.8329141562183698,,0.812185622977488,0.2248392758213661,0.40217021107673623,0.05185569255810344,0.4622069805860519,0.8770209550857544,0.9124342700364584,-0.003160338510166505,1.0800369407116632,0.0457751698605165,0.021978525946280993,-0.02298218049108982,-0.025792879501188342,-0.018507015954872422,-0.01579520224847577,-0.06446299969472669,-0.02287625372833149,-0.038248377581211655,-0.016696267371827906,-0.01579599562947723,-0.04382535949010741,-0.02009057924574749,-0.03066365740854632,0.11796391538880541,0.11967063524732084,0.05312314118456209,0.96563720703125,0.9697034744113071,-0.009514850648966733,0.6945978116356966
13,devtest,256,997,1012,256,1.9933796859148778,1.9933796705621663,0.7699831186821966,0.5439724522558126,,0.7644503166278204,0.003046772183469412,0.003046772183469412,0.8459471558982675,0.8519134361184004,,0.848544770117962,0.25453681564240743,0.38843780308961867,0.06936560258777304,0.6605859130620957,0.8462022542953491,0.8899715599153364,-0.005532802054376229,1.119127786895782,0.04645408836667169,0.015939631822902554,-0.027502781499854544,-0.029480118414556437,-0.01779176982289011,-0.01789530509744178,-0.06846542744473978,-0.024472443158314986,-0.042608836767348376,-0.020221802685409785,-0.02107547094876116,-0.05060204491019249,-0.022455143526365812,-0.03423129425130107,0.19054418166139814,0.19163521471800227,0.0773861893198707,0.927012026309967,0.9394738570333768,-0.014427049593491947,0.7840210869908333
14,devtest,64,997,1012,64,1.9165044607538166,1.916504448110407,0.6195386948459076,0.4229895854086587,,0.6196541287230722,0.005824051060092946,0.005824051060092946,0.7875868696154971,0.8227258123683207,,0.7887546718120575,0.18280804222731878,0.39260408580303185,0.04034278770189055,0.30830260887742045,0.9126935005187988,0.9388596570298393,0.00011543387716461684,1.0619674653622226,0.04158457896572348,0.023066814481692396,-0.018019665256989274,-0.027387881592254748,-0.01675959760534831,-0.012672164049846205,-0.054817435128444975,-0.022148756056346676,-0.03427565301853147,-0.0129254477691244,-0.014393767016008497,-0.03304070992903276,-0.015180568862706422,-0.025417202304710042,0.05282574157992547,0.05298779144403384,0.03910357576202263,0.9881670475006104,0.9893005143744015,-0.004580780412211549,0.6035840306995492
14,devtest,128,997,1012,128,1.9315525808117606,1.931552577199358,0.6727002705588485,0.462324836488926,,0.6694179809454716,0.005517128064776912,0.005517128064776912,0.8455878297487894,0.8630974103103984,,0.8465684860041647,0.21484367518939756,0.3932718738913536,0.05042073846738221,0.441116726398468,0.8843570947647095,0.9175393912677814,-0.003282289613376954,1.0800369407116632,0.042431295461490035,0.023344854155635152,-0.02170937892303548,-0.02549990199675614,-0.01780975750139491,-0.015359113581309264,-0.06153774738989093,-0.023069189074025914,-0.03951181564480066,-0.017020311248912054,-0.015757637873122638,-0.04344876700673591,-0.01958836201493713,-0.03224024835296652,0.10870598923471389,0.10955357772269936,0.05167239470915361,0.9689993262290955,0.9725522055163845,-0.009206828294378355,0.6671519539121425
14,devtest,256,997,1012,256,1.9426010729688588,1.9426010711626573,0.7448755714929465,0.5278938283974474,,0.7394614964723587,0.005577015424161359,0.005577015424161359,0.8744161318648945,0.879199642123598,,0.8777847985426585,0.24501309386934295,0.3722577944397926,0.06765544947349664,0.6442219331860543,0.8515025973320007,0.8938133476845073,-0.005414075020587772,1.1191277868957819,0.04326099994539538,0.018783525652572453,-0.027492724028839306,-0.02971404692666097,-0.01807903104080734,-0.01782509655776349,-0.06578018299557946,-0.024329743525859985,-0.045109195092862306,-0.02125497539104386,-0.020760850015689027,-0.05156697732481089,-0.022842491062527354,-0.03540669926865534,0.1818220851378459,0.1823545152603677,0.07542448596690189,0.9316778182983398,0.9425862221072882,-0.014392312277447084,0.7580210207538172
15,devtest,64,997,1012,64,2.050371856400461,2.0503718654314675,0.6340244127945467,0.4279575923627073,,0.6341943855990063,0.0023730387770091043,0.0023730387770091043,0.7499251717870886,0.7923703735524957,,0.7516394503640406,0.18290734006599946,0.4139523223042488,0.03987825477679232,0.3095750264823437,0.9097292423248291,0.9387673736168569,0.00016997280445962826,1.0619674653622226,0.038576803335616576,0.01092772283681005,-0.01631674468093975,-0.023651920826258985,-0.017646842988588932,-0.01441584785299545,-0.05216359894045375,-0.020323724126104604,-0.03033718430352482,-0.012491438503969799,-0.012678698055573147,-0.034379663851789456,-0.014777999564962969,-0.02338444816625931,0.0566333157151486,0.05699655834698316,0.03913612807113113,0.9871947765350342,0.9884454216189843,-0.004477154124866822,0.6178875868067597
15,devtest,128,997,1012,128,2.0467140755870123,2.046714068362207,0.6837838913003603,0.4660309844396331,,0.6801104322075844,0.0021784046901192405,0.0021784046901192405,0.8150003317630652,0.8371137592828635,,0.8171113648197867,0.21384925982265762,0.3952047184109685,0.04984437639712158,0.44447699636220933,0.8833056688308716,0.917340105535585,-0.0036734590927759436,1.080036940711663,0.040251029426264975,0.009800054706968798,-0.021834201937202702,-0.024624085383997723,-0.018310775789855557,-0.015168360459872268,-0.05890966682610187,-0.021880634391511028,-0.03771954324435104,-0.016195047968490556,-0.015531689508564093,-0.043604523951018395,-0.018869105489416556,-0.03026459293270653,0.11054066382348537,0.11118268909666575,0.05161879626243855,0.9685519933700562,0.9721926040235681,-0.009078308488383424,0.6773907081647352
15,devtest,256,997,1012,256,2.0440100503690317,2.044010060303139,0.7521595069856355,0.5300154040257136,,0.7468191918098566,0.0021933765718572295,0.0021933765718572295,0.8502590480175886,0.8578572598370638,,0.8534779959555828,0.24339987536271412,0.3754933804273604,0.06706223914569075,0.6405305728316307,0.8519567251205444,0.8944349018867034,-0.005340315175778931,1.1191277868957819,0.04104785067980708,0.004896629483555338,-0.025423709099942987,-0.029047628144987604,-0.017844342755746433,-0.017690789919685233,-0.0630534499544989,-0.023476366004483266,-0.04324009669097987,-0.01993658993901177,-0.02069675638763742,-0.050378430397673084,-0.022195616313679653,-0.034176541018215094,0.18272146998594205,0.18328243784154907,0.07533159360402461,0.9313634634017944,0.942483843557815,-0.014019436908490723,0.7643995115702802
16,devtest,64,997,1012,64,1.9719512146530729,1.9719512191685764,0.6181337865013065,0.42065153383847437,,0.6178643608635123,0.006475326647474008,0.006475326647474008,0.7739774539615168,0.8125823770057071,,0.7756393292185032,0.17443740562620488,0.38934976756572715,0.03959911193585757,0.28949412778019906,0.9132111668586731,0.9395152699461707,-0.00026942563779419615,1.0619674653622226,0.042806003460851526,0.007004402902785864,-0.01649796926331791,-0.02261490599167618,-0.016276981448754668,-0.013211579045111483,-0.0478313051502813,-0.019087212236428803,-0.031660687517036094,-0.011413312999700958,-0.011299528149803255,-0.03399059680205854,-0.014903488579544832,-0.024086591161110185,0.05304241562403287,0.054180557777484255,0.038693843511017886,0.9879356026649475,0.9890990706180666,-0.0044552584489185865,0.6014629444389632
16,devtest,128,997,1012,128,1.978855019265955,1.978855011138049,0.6693023431933287,0.45878290655938064,,0.6652660566297445,0.0061609177642050345,0.0061609177642050345,0.8312897072596983,0.8513070742289225,,0.8319035556280252,0.20609519148076122,0.3696882158517836,0.04949850571539366,0.43184324353933334,0.8848596811294556,0.9177475583709992,-0.004036286563584235,1.0800369407116632,0.04376120073603999,0.00562195084607129,-0.02110968871380795,-0.025101912165568632,-0.016064382103187117,-0.014220715449614958,-0.05714713546701453,-0.020986983349377458,-0.037696721379391174,-0.016030846019698813,-0.013970560927621343,-0.04341545176946304,-0.018356761922636494,-0.029733715155585247,0.10731148312263417,0.10784406021914698,0.051063558284306164,0.9686440229415894,0.9722315917010457,-0.009051647601705626,0.6624663682146505
16,devtest,256,997,1012,256,1.9843760349533774,1.984376055724693,0.7376029504971071,0.5217975732503515,,0.7316603683161013,0.005921368079725653,0.005921368079725653,0.8603650466962294,0.8678060589414655,,0.8638010878454555,0.23752389044472666,0.3582332432270049,0.06671101892874999,0.625846229493618,0.8503435254096985,0.8931357869440042,-0.005942582181005851,1.119127786895782,0.04315731699234059,0.0015451781751036225,-0.024823415444486522,-0.028252895896069028,-0.01610540755050765,-0.016697045017711142,-0.06196649040688168,-0.023067389394749293,-0.04338629518381574,-0.018917549325322563,-0.019816702020100573,-0.05070412936197086,-0.022259963265704837,-0.03355707031759349,0.1788466783635544,0.179656524504676,0.07458026211031459,0.9295072555541992,0.9410770148526856,-0.013964216817509034,0.748763957484202
17,devtest,64,997,1012,64,1.8894962171713512,1.889496211752747,0.6302321837706999,0.4273762845180251,,0.629628855622176,0.004678704197320974,0.004678704197320974,0.7620074552568522,0.8019748199166674,,0.7634672147758079,0.17943392698229713,0.38556859493255613,0.04024556769890654,0.29843239262700083,0.9093893766403198,0.937399835533386,-0.0006033281485239295,1.0619674653622226,0.0417910958631796,0.005111241042194568,-0.016310095702382652,-0.02437161397696896,-0.0151115263019826,-0.013853784887628121,-0.049586401608857245,-0.01947740239768543,-0.03181544215503064,-0.012226672733033244,-0.013111768188801678,-0.034332768754525615,-0.015247680022465912,-0.024200086955997076,0.055612775430817045,0.05658464863557707,0.03947659481006364,0.9873316287994385,0.9885626944260202,-0.004771780335541931,0.6125295045926715
17,devtest,128,997,1012,128,1.907894450606722,1.907894446994319,0.6810126663608984,0.465170049080343,,0.6770892301292131,0.004603844931504379,0.004603844931504379,0.8212735372962374,0.8426608316826097,,0.8229279292352272,0.20835598664301813,0.3669646590948104,0.050284495350029886,0.44064897000789643,0.8827430009841919,0.9165531401170771,-0.00392343623168534,1.080036940711663,0.041709088959446694,0.004720002616906285,-0.02152651265178892,-0.025397266972471366,-0.015682251141829924,-0.013796063982458277,-0.05738281902264465,-0.019623784356835212,-0.037077617865394465,-0.01628115994178436,-0.014345103260976348,-0.043713652706620365,-0.018024330112067135,-0.029158081833950498,0.10960975085300478,0.11052470760363521,0.05194589519647486,0.9661160111427307,0.9717593237954967,-0.008989205414598689,0.6730075697555686
17,devtest,256,997,1012,256,1.9214924501650261,1.9214924447464221,0.7496938985405546,0.5287348634817384,,0.7435805784030394,0.004551443461836739,0.004551443461836739,0.8528342070904645,0.8600431540698716,,0.855386906952569,0.24238629039715637,0.3589239835739134,0.06769589181481438,0.6380715399980545,0.8473398685455322,0.8908952708482767,-0.006113320137515199,1.1191277868957819,0.04117850598468014,0.0012951437994204577,-0.02531580075367608,-0.02906466642902656,-0.016083398622206667,-0.016142436464063145,-0.06195273929360238,-0.02311125982722098,-0.04356615304608236,-0.019116915432228283,-0.020379706379026176,-0.05141960003159263,-0.0207832080100409,-0.03402571105821566,0.18393095404925672,0.18439076150005515,0.07565117260497628,0.9274652600288391,0.9395052137943423,-0.014106101158893547,0.7597415785897862
18,devtest,64,997,1012,64,1.9750871134526802,1.9750871098402776,0.647940006897305,0.4349695559252392,,0.6471114522128394,0.003825308580417186,0.003825308580417186,0.7448497132369967,0.7879312228072773,,0.7477243106925127,0.18625250464079507,0.3823111653327938,0.040052398981413606,0.3175874061882496,0.9094224572181702,0.9363184067070002,-0.0008285546844656322,1.0619674653622226,0.040151602945548294,0.012070679282492582,-0.015661847621033138,-0.024517593016339975,-0.01678780751641501,-0.012549506093968045,-0.04858456082980741,-0.019579541268335148,-0.030889535407451065,-0.011837408992207863,-0.012791007242842831,-0.033018908522684465,-0.01509133074009283,-0.023889054806733673,0.060089112643265365,0.06108323516549938,0.03960027493762248,0.9865549206733704,0.9878627319557237,-0.004820807865171695,0.6290168295981307
18,devtest,128,997,1012,128,1.98159142425566,1.98159142425566,0.6988026041424635,0.4728883787086516,,0.694320964316527,0.0038402804356971474,0.0038402804356971474,0.8055156645449725,0.8294331991311276,,0.809221195452141,0.2150891994380138,0.36648027002811423,0.05032114762333081,0.4586924985051155,0.8758394718170166,0.9126535793359872,-0.004481639825936523,1.080036940711663,0.0400885071485532,0.011399645431822161,-0.020988347800448538,-0.024298583606088702,-0.015873451499183747,-0.014933435898274183,-0.05590304263274778,-0.02048507740890438,-0.03564215589484031,-0.01554887608032335,-0.014322617510333657,-0.043361044556579804,-0.018508401728997176,-0.028399578185582704,0.11704857168211177,0.1177218874972878,0.05227086071037885,0.965569794178009,0.9696398255142954,-0.009210807355967465,0.6898648492766148
18,devtest,256,997,1012,256,1.9865437691861934,1.986543767379992,0.766373228394624,0.5370260160980802,,0.7602877729769909,0.0037953648628017895,0.0037953648628017895,0.8407668949979724,0.8484624213341511,,0.8437088597001452,0.2485217797936815,0.3662943765521049,0.0684696940733402,0.6505012556910514,0.8437033891677856,0.8883530087153356,-0.006085455417633057,1.1191277868957819,0.04094714039360778,0.008979088991530942,-0.024492327047681266,-0.029151143895631487,-0.016860001779754052,-0.016370318762280723,-0.06118531697853045,-0.023326026563617316,-0.041823869334025814,-0.019743235172195867,-0.01987043948082084,-0.05053629699078473,-0.021509570514105937,-0.03266916198825294,0.190526918084784,0.19149495081016513,0.07659603428152023,0.9241551756858826,0.9371574190725093,-0.013945071083126592,0.7757898503632257
19,devtest,64,997,1012,64,1.992256328012004,1.9922563271089033,0.5893859124996446,0.4020349656542142,,0.5889887513987946,0.0036306744723609,0.0036306744723609,0.8093110277797236,0.8394793104944807,,0.8097377243367109,0.15208461798275963,0.30747290998697263,0.036734666347249666,0.2672834523022175,0.9257892370223999,0.9493455767617697,-0.00039716110084997425,1.0619674653622226,0.03873968065522654,0.015265219334126992,-0.01461251754398373,-0.022867337275635113,-0.012363883687860587,-0.010482926211658526,-0.04115147348493338,-0.017029868642037566,-0.024523494418033146,-0.010393670112402602,-0.009650090419348669,-0.02863075976175341,-0.011597636015027423,-0.02003990656442263,0.04658476354794182,0.04742959009935007,0.03654357905668969,0.9892768859863281,0.9903015001613239,-0.004024193368174833,0.5704093840763425
19,devtest,128,997,1012,128,1.9977705045179888,1.997770503614888,0.6373495570186413,0.4383067847652869,,0.6334743129484581,0.0034510122478064714,0.0034510122478064714,0.859406848748525,0.8720580673579014,,0.8607168861410834,0.18230177904055878,0.3158986300230025,0.04701724233754882,0.39909372553229333,0.8948232531547546,0.9251092224813423,-0.003875244070183137,1.0800369407116632,0.039873722415931914,0.017879788995110255,-0.01892203072255308,-0.022468118157915093,-0.014701165792278268,-0.013177155889570713,-0.047879473848099055,-0.019127776668491688,-0.03154782373458147,-0.014520374439995397,-0.01253042145531667,-0.03803115514191714,-0.016493807186965238,-0.02556961743499745,0.0941556869949581,0.09504692460212744,0.04853009315151157,0.9719827771186829,0.9752046758528152,-0.00804918552889966,0.6271169452053128
19,devtest,256,997,1012,256,2.0019751100829155,2.001975101955009,0.7011221288280054,0.49848064960855426,,0.6949705169959501,0.003495927801299276,0.003495927801299276,0.8843649278084437,0.884948831616026,,0.8870224329558286,0.21331838257610797,0.3173492237925529,0.06393153821118176,0.5833226799964905,0.8585013747215271,0.8990949281664328,-0.006151611832055259,1.119127786895782,0.039475353057627637,0.0196972171720042,-0.023130811886353925,-0.026008896580473943,-0.014973219873552972,-0.015040051310577176,-0.05602056114849719,-0.021819099512967198,-0.03685190664096312,-0.017605491465126927,-0.017168742994015867,-0.04512983111833984,-0.019944253741678866,-0.02957666910846125,0.1600101072030763,0.16085335654065464,0.07139748851345344,0.934590756893158,0.9455376695356396,-0.012326523661613464,0.70728797691338
20,devtest,64,997,1012,64,2.0516122028683172,2.0516121992559144,0.5522259943413012,0.37234858152541245,,0.5520645770611186,0.002777278843110032,0.002777278843110032,0.7906186711607557,0.824979072267359,,0.7897802433281234,0.13496943476299444,0.26987583339214294,0.032904571142386305,0.2487725917249918,0.929757297039032,0.9531699662404636,-0.00016141728018259638,1.0619674653622226,0.03640120857264751,-0.012594067214260488,-0.012798848346045071,-0.020582598159936343,-0.01602890773528171,-0.010203505243936723,-0.033714045016941696,-0.015374929650517349,-0.020443697502328592,-0.01050087961537594,-0.009049848987276413,-0.02427725421942093,-0.009519302474588834,-0.017190372478216885,0.03988040767214966,0.040802476588975296,0.03345292586353466,0.9905994534492493,0.9915001167052512,-0.0033886026252399892,0.5340142756926292
20,devtest,128,997,1012,128,2.051026733535709,2.051026740760514,0.5916005099813143,0.40400446432106424,,0.5878716084090146,0.002807222546614481,0.002807222546614481,0.8466957455331628,0.8606045964089307,,0.8471898165616122,0.15567049966617064,0.2721642628312109,0.042257441705883,0.3579673931002617,0.9074000120162964,0.9338922778015446,-0.003728901572299659,1.0800369407116632,0.03849974043710705,-0.012787726044811197,-0.01675098602744666,-0.019438250007277186,-0.014409418772398071,-0.01108167264610529,-0.04111390941861001,-0.017858460630205544,-0.026277127794244074,-0.012642243250527166,-0.011968051316216588,-0.03044478233734315,-0.014709085886451331,-0.02247705294496634,0.0790336551737379,0.0796802268758642,0.044349601509218864,0.9767453670501709,0.9793352594288741,-0.006778583156339946,0.5808854695748199
20,devtest,256,997,1012,256,2.0508054115555505,2.050805414264852,0.6453716811357122,0.45726638264728314,,0.6400713044585604,0.0026425321649929338,0.0026425321649929338,0.8744685329271086,0.874723056049058,,0.8772682719158403,0.1805663088844581,0.2730161488056182,0.05782432555587906,0.5179700434207917,0.8721503019332886,0.908458343418315,-0.005300376677151775,1.119127786895782,0.04002178370293977,-0.012122397421690847,-0.020112967406484213,-0.023015352474017578,-0.014746231454509226,-0.013522736702791669,-0.04853927096859975,-0.02073280718177557,-0.03138939507982948,-0.015221752137453718,-0.01590318667956374,-0.038428486172448505,-0.017693773851814594,-0.02553351790728894,0.1345115469627534,0.135273690595094,0.0650753273939093,0.9438850283622742,0.9526837993884842,-0.010617145986268062,0.6491715081713416
21,devtest,64,997,1012,64,2.0463473191767028,2.046347318273602,0.5633677795077815,0.37319340376239835,,0.5635673040241906,0.0037803930445630667,0.0037803930445630667,0.7602332902677131,0.7973485146508072,,0.7598664837353157,0.1380783984691582,0.2921902298927305,0.03205339360953958,0.24901463203132151,0.9280775189399719,0.9522559135520945,0.00019952451640914415,1.0619674653622226,0.03638579897014749,-0.0158950997243882,-0.01285924901497889,-0.018366841065951368,-0.01504678548398343,-0.010477986631237647,-0.034794992572543294,-0.016277825817550447,-0.01955617765515027,-0.010500408812764693,-0.011090867678550156,-0.022891910378397867,-0.009161451030310921,-0.01738004190423949,0.04204875901200329,0.04235771239848074,0.03320254947933735,0.9905989766120911,0.9914987793885413,-0.0033604272387244283,0.5424738163975151
21,devtest,128,997,1012,128,2.0470384034243496,2.0470384043274503,0.5988963837876464,0.4027006504210559,,0.5961590088678129,0.003443526273423975,0.003443526273423975,0.8222317379532438,0.8364999158815905,,0.8237588662992824,0.15614303188454925,0.2909664645791053,0.04131962033411996,0.3514914631843567,0.9065282344818115,0.9335251727711382,-0.002737374919833502,1.080036940711663,0.038570652383202,-0.014027411275733887,-0.016938796669075436,-0.019272993928329513,-0.01545966857705604,-0.01163491646505215,-0.040542339770631354,-0.017264096747914497,-0.024391222398050808,-0.012885934611867097,-0.011427736235782504,-0.028250822712751953,-0.013966787168332799,-0.021069653251801025,0.07951765435352695,0.07968719304454598,0.043862733027587336,0.9766427278518677,0.9792548901891557,-0.0064294457887158485,0.5855114710601894
21,devtest,256,997,1012,256,2.0480789614446238,2.0480789677663283,0.6483125679872253,0.4539152769879861,,0.6436518570690444,0.0034060966678556392,0.0034060966678556392,0.8534630234494354,0.8508953497265325,,0.8569589523654996,0.17649957600303673,0.28875467926263804,0.056785736546259034,0.5041622281074524,0.876018762588501,0.9112002253741428,-0.004660710918180877,1.1191277868957819,0.04108783338454033,-0.011661055540516281,-0.019964021194556897,-0.022040411715649747,-0.015126311855221336,-0.013464441209692847,-0.047121778672391715,-0.019737186799333853,-0.028896283595399423,-0.01525455191731453,-0.014916336760771545,-0.03540928383273157,-0.01687627459706908,-0.024327425777234814,0.13093220533972436,0.1319410045828783,0.06463795102229625,0.9454585909843445,0.9542199810134919,-0.010019206187941831,0.6486132779356205
22,devtest,64,997,1012,64,1.9025217655933264,1.9025217574654203,0.5655169979189382,0.36940153597882297,,0.5659321438182484,0.003727991557256742,0.003727991557256742,0.763781619794441,0.7973035993901166,,0.7616556205532767,0.13683971401699113,0.3192715004086493,0.03285921643361111,0.24042598009109498,0.9292993545532227,0.9515651553745398,0.00041514589931024304,1.0619674653622226,0.03601147695439131,-0.00931230841761058,-0.013594966142078523,-0.018847542243417014,-0.01433831238060851,-0.01173283666456965,-0.036976627675308425,-0.01707845444748686,-0.020387976565821603,-0.010843617735041665,-0.010266329942334613,-0.021618603815493936,-0.011492255799980327,-0.015377922178330746,0.040145478035661986,0.040391253183285396,0.03374944603014173,0.990748405456543,0.9916420165110514,-0.003262214136846131,0.5384056581692263
22,devtest,128,997,1012,128,1.9216248582709918,1.9216248654957973,0.6009420389027307,0.3977068780046521,,0.5988992497776494,0.0035183855992121003,0.0035183855992121003,0.8236989812417463,0.8355866304852746,,0.8255554893703172,0.152931350971939,0.3000460103154182,0.04189351419565465,0.3453477084636688,0.9066755175590515,0.9338205758849488,-0.002042789125081268,1.080036940711663,0.03800570148446181,-0.006424628585798863,-0.018000338116491384,-0.01975171989761293,-0.01589628699320284,-0.012145261686633933,-0.041172098859467286,-0.017937405504794283,-0.025143717720427297,-0.01339588318951428,-0.011751186858269978,-0.0281859789847989,-0.014676403813064098,-0.02100343799049204,0.07644119147832196,0.07717939910450668,0.044547278995653895,0.9771313667297363,0.9797468403682613,-0.006257506934079227,0.5811214021435289
22,devtest,256,997,1012,256,1.936455417763103,1.9364554132475997,0.6487618998596163,0.4471880574569558,,0.6446026186599876,0.0033836388946369743,0.0033836388946369743,0.8543688203349258,0.8515541120008989,,0.8578872048493588,0.17013411446841378,0.2895406991243362,0.056950650199062446,0.49357361495494845,0.8792557120323181,0.9139105835166418,-0.004159281199628717,1.119127786895782,0.04028723001211602,-0.004591251101816554,-0.02016001379286701,-0.021703626803884452,-0.016401749425991013,-0.01385350587608462,-0.046392194486477155,-0.019505805424837902,-0.029455736550417812,-0.014367218950594013,-0.0149883639998734,-0.03426644289019433,-0.01618689849591729,-0.02392361346124248,0.12471132174021367,0.12491086794232781,0.0653463369630503,0.9484428763389587,0.9568330278108093,-0.009760738322229123,0.6418921622363004
23,devtest,64,997,1012,64,1.9928948111606366,1.9928948111606366,0.5863982976386042,0.3765483909484112,,0.5870078190258055,0.0038402804445164898,0.0038402804445164898,0.7460998626369418,0.7760585420059435,,0.7446550817200632,0.14349517520573554,0.3079731374979019,0.03471720534249802,0.2664272431284189,0.9276445508003235,0.9514485399349705,0.0006095213872012728,1.0619674653622226,0.0366500450143999,-0.013492036639539568,-0.017257053214548665,-0.020842509318820455,-0.018224503205750475,-0.012668026868380944,-0.03453901145099239,-0.019043181231245397,-0.022902048150585455,-0.011896122399378907,-0.014272629378617487,-0.021614070020785386,-0.013825795276683163,-0.016639368430795994,0.04101157086040599,0.04101341433935996,0.03532939640889791,0.9906800985336304,0.9915845587744738,-0.0032976262948729573,0.5543340023494128
23,devtest,128,997,1012,128,2.0043955192421423,2.0043955183390416,0.6207090103716562,0.40390640993913013,,0.6191934171048078,0.004004970824374168,0.004004970824374168,0.8105986059615107,0.8209441584168058,,0.811833784887285,0.1572226036678661,0.2981724455952644,0.04379157825429557,0.35749667808413504,0.9055623412132263,0.9332029251781883,-0.0015155932668483585,1.080036940711663,0.03950239103331273,-0.01105640707188565,-0.022219046742909334,-0.020999047020450235,-0.01876766166903756,-0.014639650073579766,-0.041232635148546914,-0.018800803654911845,-0.026061709982935676,-0.01381075100295923,-0.014092678885737604,-0.02815005395730788,-0.015634294876574792,-0.021053520725532012,0.0780533553990112,0.07893547881676843,0.04649326135968846,0.9766035079956055,0.979610859033771,-0.006448946441664827,0.5966902106548801
23,devtest,256,997,1012,256,2.0140682901396896,2.0140682910427903,0.6685299837228024,0.4534811596527244,,0.6653195014505675,0.003870224121562911,0.003870224121562911,0.8445847142826427,0.8396140558250023,,0.8472571923877253,0.173229068280621,0.2855595797300339,0.059208735650066624,0.5076119780540467,0.878370463848114,0.9135728224127728,-0.0032104822722348603,1.119127786895782,0.04285149333265628,-0.008372490369980973,-0.02442002358677035,-0.022697105682031676,-0.018818688265640628,-0.015494123609228567,-0.0459220349450003,-0.020154506552287125,-0.029572456355460665,-0.01601648990657519,-0.016602865750478073,-0.03404723248359832,-0.01678510933098468,-0.024005081072788346,0.12820601535001488,0.12867062354291028,0.0685436199278091,0.947637140750885,0.9564758247526116,-0.009952368609832951,0.6581362368482532
24,devtest,64,997,1012,64,2.037058783299995,2.0370587860092972,0.5985688142704241,0.3837167297800382,,0.6009194997675491,0.002612588452669143,0.002612588452669143,0.722938404164531,0.7509806876381239,,0.7208124040202661,0.15307252379980954,0.3181588381528852,0.0381902337688106,0.27066864147782327,0.9226389527320862,0.9453430736913976,0.002350685497125027,1.0619674653622226,0.03533085594002582,-0.018115911684100452,-0.025688015830449083,-0.02550284360239113,-0.02296953847928142,-0.018148427791046827,-0.04005319732664661,-0.020955999311991037,-0.025799404486844486,-0.015107574383728206,-0.0167798090017062,-0.026460983229547062,-0.015736138526434927,-0.020038778091442177,0.040550442535260856,0.04085282518979952,0.03706186510424948,0.9908271431922913,0.9917032785808976,-0.003434614701704586,0.5658006855484211
24,devtest,128,997,1012,128,2.045318551135786,2.0453185628760946,0.6290490886930263,0.40732746774500067,,0.6288724166877342,0.00247035583368305,0.00247035583368305,0.7969966756575035,0.8066385532870437,,0.7975356637528448,0.1599686314831629,0.2991393893957138,0.04600127745617294,0.3629962295293808,0.9045433402061462,0.9323069966938539,-0.00017667200529214444,1.080036940711663,0.03755544562335096,-0.01844021227079256,-0.02926218088038943,-0.02292798865925182,-0.02230660023845055,-0.018491984374651854,-0.0417528973384337,-0.020506781195713714,-0.02784253207712688,-0.017173754072494128,-0.016496285546401684,-0.0298317165537314,-0.017009498487988658,-0.022699119298803534,0.07626093455420976,0.07693559196354313,0.04818134648781834,0.9775380492210388,0.9802994299090209,-0.00656023079698731,0.6050944545052268
24,devtest,256,997,1012,256,2.0527806011113254,2.0527805947896205,0.6764009538473506,0.45562938194383273,,0.67382039084579,0.0024104684125632048,0.0024104684125632048,0.8347856366273129,0.8306459188461304,,0.8377575504057335,0.17191358410725088,0.28169174045324313,0.060681054959863874,0.5143133044242859,0.8822587728500366,0.9162502904247747,-0.0025805630015605097,1.119127786895782,0.04069670321861302,-0.015306744300714662,-0.030760712176561355,-0.02301241892432286,-0.021659232692962344,-0.01783525359562852,-0.046165802024982196,-0.020360101255672898,-0.02932989728552374,-0.017395567741583694,-0.018154885852709413,-0.0334950044835833,-0.017513600385493853,-0.024245069006627255,0.1270745723846961,0.12774766952250943,0.07086889574191335,0.949356198310852,0.958090545233508,-0.010387184041919073,0.666421691802415
